user_id,cb_lgb_recommendations
1,[1082185  995242 8293439 1074612  979707]
2,[ 838136 1133018  857849 5569230  899624]
3,[9526563 7167218  913202 6463658 1106523]
6,[1082185 1119051 1098844  994928 1015296]
7,[1082185 1106523  866211  994928 1022003]
8,[5569230 5569471 1043590  849843 1051211]
9,[ 962568 1039126 9297474 1070820 1040346]
10,[ 883003 1106523  959409 1107661 1082185]
13,[1082185 1029743  995242  862070  878996]
14,[1029743  981760  840601  951590 1074271]
15,[1082185  968215 1106523 1098248 1029743]
16,[ 1082185   923149  1055646  6034857 12263788]
18,[1082185 9677886 1116821  981760  948420]
19,[ 844165  909894  962229 1101173 1033615]
20,[1058997 1075368 1126899  883404  865330]
21,[1106523 1053690 1029743 1031864  995242]
22,[1082185 1070820  944836  825749  991874]
23,[1075368 1034176  849202 1082185 1076306]
24,[ 844165 1106523 1092026  986912 1036501]
25,[1029743  929018 1065593  861272  850841]
26,[ 907014 9707137  849843 1013321 1040700]
27,[1057777 7409957  963686  918733 1101589]
28,[ 926646  903567  913785  940947 8090546]
29,[ 827180  995242 1053690 1029743 1050851]
30,[6534480  859075 1106523 1082185  840361]
31,[1082185 1040807 9526100  981760  909714]
32,[1082185 1058997  995785  908846  878996]
33,[1106523  985119 1029743 1033615 1133018]
34,[1029743 1092026 1123792  981760  883404]
35,[1029743 5569230  908531  914190 1058997]
36,[1029743  995242  883404  962229  865705]
37,[ 844165 1097001 1092026 1067695 5569792]
39,[1126899 1127716  923746 6602697  995785]
40,[6034857  903325 1112205  995242 1083043]
41,[1082185  909714  913210 1120009  865705]
42,[1082185 6602697 5995177  981760  829621]
43,[1106523 1120741 1029743 1133018  908531]
46,[1029743  995242  834631  999104  923746]
47,[904813 820165 951590 919534 995242]
49,[ 935200  900770 1082185 5569471 1069268]
50,[ 908531  883404  995242 1088835 1092937]
51,[ 995242  883202  880427 1110572  965766]
52,[1082185 1106523  995785  840361 1133018]
53,[1087102 1055646 1031083  999858 5569471]
55,[ 844165  849843  871756 1082185  995242]
56,[1082185 1058997 9803545 1056651 5569230]
57,[ 931108  947147  861615  986912 1011141]
58,[ 979707  840361  995785 1070820  834484]
59,[1082185  961554  860776 6034857  849843]
62,[1082185 1055646  840361  914190  994928]
63,[1040346 1062572 1082185  871570 1055646]
64,[1065593  949023  907014 1089392 1013928]
65,[ 962229 1070820 1085604 1029743  914190]
67,[1029743 5569230 1055646  945779  965530]
68,[ 883404  879755 1085604 1065593  844165]
69,[1053763 1050131 1033615  907014  948832]
70,[ 894236 1039156  948420  995242 1130375]
71,[1056509  914190  908531  995242 1029743]
72,[1070820  938596  860776  991874 5585510]
75,[1082185 1055646  840361  914190  994928]
77,[1106523 1126899 1003188 1098248 6979128]
78,[1082185  849843  995055 9420312  968932]
79,[1082185 5569230  883932 1070015  923746]
80,[1029743 1082185  826249  883404 1098066]
81,[ 849843 1096036  909894  844165  999971]
82,[1084036  847573 1037337  863447  819308]
83,[ 900802  850990  845208  923746 1138631]
84,[1080414 1082185 1043590  862732 1074172]
85,[1082185  839753 1005861  859075 1113588]
86,[ 951590  865026 1082185 1133018  854852]
87,[ 1048257 13381584  8293385   881883   979707]
88,[ 962229 1075368 1082990 8090521 1084331]
90,[ 986912  955012  862535  914077 1082185]
91,[1082185 1029743  859075 1056651 5569098]
92,[995785 962568 860776 834484 845208]
94,[1082185  861272  999250 1055646  979707]
95,[ 1029743   995242   908531   849843 10285243]
97,[ 995242 1075368 1096036  844165  914190]
98,[1091858 1082185 7167218  847241  862349]
99,[9705473  916487 1073150  916993 6034857]
100,[1029743 1053690  849843 1116096  916122]
101,[ 866227 1106523 5569230  986760 5569845]
103,[ 1106523  1092026   839147 10285144  1133018]
104,[995242 821730 840361 978913 995785]
105,[ 969836  845774  907014 1139830 1134161]
106,[5569230  995785  981760  993466  916122]
107,[5569230 1106523 1133018 1075368 1048462]
109,[ 1082185  1058997 12731436   961554   832001]
110,[ 849843  994928  995785 1133018  987562]
111,[1106523 1082185  943513 1133018 1116741]
112,[1039156  933835 5569471 1070820  894236]
113,[ 879635 1070820  903325  976199  968774]
114,[1029743  916122  883404 5568489  917438]
115,[1106523  981760 1055646 1058997  918598]
116,[1133018  914190 1019637  976199 1037863]
117,[1082185 1056651  862349  948670  951590]
118,[1082185 1058997  849843  995785  943858]
119,[ 995242  861272  981760  908846 1082185]
121,[ 1029743   847982   859075 12301100   849843]
122,[ 1086119 10285144   920308  1116635  1039156]
123,[1029743 1056509 1044078  849843  916122]
124,[ 957063  883404 1037840  914190  951590]
125,[1029743  844165  849843 1061220  999104]
126,[ 995242 1004906  844165  863447 1068719]
127,[ 908531  995242 1055646 1082185 1133018]
128,[1082185 1015296 1029743  883963 1098248]
131,[ 923746  981944  953134 1055646  998373]
132,[1082185  943858  870428  860776  854852]
133,[1082185  995785  840361  995242 1029743]
134,[  913210 13841744   963727  1038217   819255]
135,[ 862349  861272  852360  883202 1077430]
136,[1106523  961554 1026984 8090537 8090521]
138,[1082185  979707 5569471  962568 1098844]
139,[1082185 1058997 1005898 1110572  895070]
140,[1037840 1106523  844165 1029743 1092026]
141,[ 995785 1082185 1041259  834484  997309]
142,[1082212 1013826 1074524 1093966  997011]
143,[  844165   962229   869195 12731714  5569230]
146,[1082185 1029743  995242 1106523  883404]
151,[ 916122 1028473  872137 6602697 1082185]
153,[8011285 8011282 8011397 7466806  897954]
156,[ 964977 1083254 1085604  968215 6979128]
157,[1082185  923746  919589  928932  962229]
158,[ 862349 1082185 1128240 1104343  995242]
159,[ 849843  994928 1033615 1082185  923746]
160,[ 933835 1087102 1101010  883003  951590]
161,[ 868764 1123792  979707  995242 5568378]
162,[ 1055646  1122358   902856 10456575  1070820]
164,[1029743  883404  849843  840361  957736]
166,[1029743 1075368 1101010  880888  951590]
167,[ 995242 5569230  962266  995785 5569792]
168,[ 880427 1106523 1082185 1029743  845208]
169,[ 944486 1107553  863802 1082185 1055646]
171,[ 883404  859075 1029743  995785  987724]
172,[5569230 1053690  849843  823704 1098066]
174,[ 995785 1106523 1133018 1038217  883404]
178,[1106523  963686 1085604 1040807  949023]
183,[1106523  878996 1082185 1118393  883404]
184,[  824005   945662   896085   911812 13945244]
185,[1029743  883404  844165  995242  923746]
187,[1106523 1082185 1133018 1022003 1103808]
188,[1033615  985119 1106523  834833 1026346]
190,[1029743  995242  981760  951590  995785]
191,[  914190   994928   862349 13842088   965766]
192,[1029743 5569230  995242  981760 9245106]
193,[1106523 1029743  901656 8090537  826249]
194,[1082185 1119051 1106523  995785  834484]
195,[1082185 1029743 1062128  995242  910032]
196,[1000753 1067011  962229 1053690 1101173]
197,[1126899 9526770 1082185  951590  838186]
198,[1065593  899624 1043590  835098  873627]
199,[859237 863447 997096 995242 948420]
200,[1037894  883404 1138189 1085604  920724]
201,[5569327 6034857 5568378  995785 1133018]
202,[1029743 1106523  962229 1072523 5569230]
203,[1082185  995242 5569471 1029743  849843]
204,[1070820  923746 1082185  923670  840361]
205,[1106523 1082185 1026118 1028816  908846]
208,[ 865456  951590  862349 1037863  885290]
209,[1029743  849843  923746 1082185  883404]
210,[ 849843 1082185 1069621  979746  910473]
211,[ 962229  945662  907466 1082185  837579]
212,[1082185  995242  951590 1055646 1044078]
213,[1082185 1038217 5568378 1055646  840361]
214,[1082185  901062  999104 1019643  899446]
215,[ 895540  994928  985999 1041157 5587133]
216,[ 866227 1082185 6533936  895540  885863]
217,[1082185  986912  995242  908531  951590]
218,[13842088   965772   860776  1029743   962568]
219,[ 981760  862349 1127831 1024306  866211]
220,[1029743  923746  839419 1082185 1055646]
221,[ 1133018   849843  1082185 15926886   915621]
222,[1082185  866211  927191  878996  849843]
224,[ 995242  866227  908531 1029743 1074509]
225,[1029743  995242 1133018  840361  859075]
226,[ 995242 1082185  840361  866211  938700]
227,[1116578  852317  919644 1104224  898601]
228,[1095275  866227 1022254 1139782 1058997]
230,[1029743  913210 5572828 1124695 1107553]
232,[ 913210 1031864  950098  906502  997200]
233,[ 1029743  1122568   995242  1055283 12384365]
235,[1070820  862349 1121384  942556  862732]
236,[5569471 1126899  859010  987562  849202]
239,[ 1133018  1123792   857849 16809471  1096036]
240,[ 926905 1082185  883404 1106523 1055646]
241,[ 1028816 10285144  5569845   860776   995785]
242,[1082185  979707 1029743  854852 9802666]
243,[1082185  962568 1126899  901062 6034857]
244,[ 1082185  1070015   834117 13115903 13115493]
245,[1082185 1133018  995242 1044078  908531]
246,[ 1082185   849843   862349  1070820 13381584]
247,[1082185 1133018 1000753  986912 8090537]
248,[1082185 1126899 1058997 9881592 9881593]
249,[ 1029743   883404   995242   994928 10285144]
250,[1029743  951590 8090537  844165 5568378]
251,[ 916122  883404 1040807  995242 1070820]
252,[1082185 1055646  840361  914190  994928]
253,[ 844165 5568378 1062966 1113588  845193]
254,[ 859237 1082185  862535 1085604 1054424]
256,[ 862349  934369 1075368 1034176 1082212]
257,[1106523 1033615 1093413  999971  911622]
258,[1082185 1048257  995242 1120741 1044078]
259,[1082185  940947 5574409  953476  881154]
260,[1070820  862349  962229  880427  860776]
262,[1082185  981760 1043751 1040807  987562]
263,[1029743  995242  940947 1082185  951590]
264,[1082185  953134  995965  957232 9526100]
265,[ 995785 1082185 1058997  908531  847789]
266,[1082185 1126899 1104349  902856 1011645]
267,[ 935393  908213 1106523  844165 1082185]
268,[ 995242  840361 1082185 1058997 1011300]
269,[1139782 1069714  962229  863447 1130858]
270,[1053690  986912 5569230  844165 1106523]
271,[1129049  883404 1126899  866227  908531]
273,[1106523  883404 1068719  840361  995242]
274,[  883404   925258 12731544   993638   903230]
275,[1133018  849843 1082185 1106523  857554]
276,[ 995242  951590 1075368 1029743  944534]
278,[ 861272 9833277  995242  979707 1124971]
280,[1106523 1133018  907014  916122  995242]
281,[1082185  995785 1070820  840361  862349]
282,[ 979707  957736  995242 1055646  909129]
283,[1082185 1070820  916122  981760  962568]
284,[1075368 1098066 1082185 1055646  840361]
285,[ 849843  923746 1082185  995242  965766]
286,[1055646 1082185 5569230  997309  845208]
287,[1082185 1029743  883404 1033615 1070015]
288,[1082185 1055646 1026118 1098844  883404]
289,[1082185 1022254  981760  903325  819643]
290,[ 995242  962229 1077588  952317  873964]
291,[ 911311 9527487  907014  833723 1014238]
292,[1106523 1133018  951590  995242 5569230]
294,[ 995785 1133018  834484  919644  860776]
297,[ 1029743 12648296   908531   883404  1082185]
300,[1106523  844165  923746  962229  944534]
301,[1082185  995242 1024306 1015474  844165]
302,[1124729  914190 1045220  859075 1102959]
303,[ 995242 1029743 5569230 1098066 1101010]
304,[10285141   868764   873627   896862  1051211]
305,[ 914190  827802 8090532 1029743  868764]
306,[  961554 15926886   923746  1055646   835595]
307,[1074040  869195 1019637 1039156 1013572]
308,[ 900586  970030 5569230 1110572 1049906]
311,[1106523 5588666 5582789 5588238 5584007]
312,[1082185  963835  866227  961554 1022254]
314,[1082185 1088393 1106523  981760 1107089]
316,[1050131  849843  995242  995785 1044078]
317,[1029743 1082185  951590 1102003 1138443]
318,[1106523 5569230 1076056  962229  914190]
321,[1082185  986912  840361  993638  905436]
322,[1055646  862349 1082185 1070820  995242]
323,[1126899 1082185 1055646  840361  914190]
324,[1082185  961554  979707  903325 1026258]
325,[5569471 5569230  927011  884333  976199]
326,[1037840 1013928 8090537 8090521 1110572]
327,[1111839  856060  858478 1133018  932298]
328,[ 979707 1028816  885290 1070820 1041259]
329,[1082185  979707 1029743  854852 1095275]
330,[1074040  995242  979707  883404 9527158]
331,[1082185  896085 1029743 1106523  844165]
332,[ 1065593 13842090  1058997  1070820   862349]
333,[1082185 1106523  883404 1044078  844165]
334,[1082185  860776  854852 1060363 9337581]
338,[1082185 1106523 1026118 1037863 1028816]
339,[1106523 1082185 1133018 8205218  857849]
342,[1029743 1050131  822241  835576  911215]
343,[ 903325 1067820  872137  897752  995242]
345,[6602697  976199  911812 1003188  987562]
346,[1082185  981760 1101010  883404  995242]
347,[1110409 1029743 1055646  951590  979707]
348,[ 857849 1029743 1056509  914190 1077555]
349,[1082185 1106523  907099 1029743  824305]
350,[ 883003  986912  885863  962568 1087102]
351,[1106523 1133018  951590  923746  981760]
353,[1082185  866211  908846  979707 1098844]
354,[ 866292 5588238 5586642  938566 1110793]
356,[1049735 1029743  995242  916767  947798]
357,[1082185  849843 1126899  923746 1122358]
358,[1106523 5569230  834484 1055646 5568489]
360,[1121360 1055646  995242 1082185  840361]
361,[ 826249  820165  857849 1101010 1044078]
362,[  866227   923746 12731714   993638  1022254]
364,[ 1106523   883404  1029743 10285144   840361]
365,[1082185 1062128  986912 1136719 1132771]
366,[1116460 1012523  886803 1133018 1075315]
367,[1082185 1070820  862349 1013389 6533936]
369,[1082185  849843 1025611 1033615 1106523]
371,[1071939  903325 1003188 5569471 1033846]
373,[10285243   986912  1077143  1082185  1055646]
374,[1029743  923746 1026118 1082185 1108094]
375,[ 914190 6464165 1041796 1132280 1058021]
376,[ 849843 1044078  959409 1033615 1133018]
377,[1082185 1126899 1029743  995785  962568]
378,[1082185  979707  874972  883404  916122]
380,[1055646 1106523 1133018 1065593 1062966]
381,[ 859075 1075368  883404 1055646 1081177]
382,[1082185 1029743 9705473  999250  908531]
383,[1082185 1126899  987562  861272 1041259]
384,[1075368 1061394 1068957 1034176  869868]
385,[1082185  995785  962568  903325 1117514]
386,[ 849843  868764 1092026  911470 1108131]
387,[ 1082185 10456575  1126899   916122  1137775]
388,[  995242   839849  1029743 10285144  1082185]
389,[1058997 1126899 1096343  921836  890695]
390,[5569230  951590 1029743 1007269 1082185]
392,[ 1082185   963835  1133018 12263788   903325]
393,[ 858478 1043006 1053690 1061220  999971]
394,[1082185  854852  901062  834484  995785]
395,[1070820 1053690 1048462 5569230  962229]
396,[1058997 1126899  981760  901062 1135460]
397,[1029743 1058997 1126899  933835  883404]
398,[1022097 1029743  995242  859075 5569230]
400,[1055646 5567702 1056509 8090536 5566235]
401,[ 907014 1124729  849843  895540 1033615]
402,[13842214   819978 13842090  5591520  1101173]
404,[1092588  971983  888275  835279  990256]
405,[1101010  916122  948670 1087102 1039156]
406,[1110409  995242 1082185 1133018  894236]
407,[1029743  983584 1037840 8090521 1082185]
409,[1070820 1082185  890612 1090017  873527]
410,[ 866227 1044078  849843  948650  923746]
411,[1106523 1029743 1082185 1133018  825994]
412,[1133018 1082185  866227  986912 1095275]
413,[ 1082185  1106523 12731544   986912   847982]
414,[ 940947 1085604 1029743 1077143  826597]
415,[ 864893 1082185 1075315 1055646  840361]
417,[1082185  995242 1127831 1029743  883404]
418,[ 995242 1082185 1029743 1058997 1070820]
420,[1029743 1133018 1106523  863664  981760]
421,[1126899 1070820  923746 1058997  976199]
425,[ 849843  883404  923746  840361 1070820]
426,[1082185  862349  899682 1110409 1057260]
427,[1082185 1029743  834484 1102416  995242]
429,[1029743  995242 1133018 1082185  835243]
430,[1029743  908531 1042571  962229 1106523]
432,[1029743  995242  883404 1004906 5569230]
433,[1106523 1089392 1082185 1048462  849003]
434,[ 960791  981760  845109 1058214 1055283]
435,[5569230 5569471  862732 1076875  909714]
437,[1082185 5586076 1105623  948670 1136257]
438,[ 1082185  1029743  1055646 15926886  1016800]
441,[1082185 1123792 1137688 1124971  860776]
442,[1085604  879755  908531 1126899 1095275]
443,[1082185 1057260 8011397  981760  862349]
446,[1082185 1055646  914190  994928 1044188]
447,[ 847789  995785 1053690  845208 1029743]
449,[ 849843 1029743  995242  883404 1092026]
450,[13842214 13842090   995242   868764  1038217]
451,[1082185 1029743  844179  962229 1068292]
454,[5569230  908531  917494 1058779  822241]
457,[ 995785 1070015  979707  995242 1082185]
458,[1058997  879635  923746  828857  849843]
459,[ 885290  986912  863762 1098066  855138]
460,[1082185  834484 1052912 1058997  873887]
461,[ 897954 1031260 1068562 1004906  918368]
462,[1082185 1137775  995242  840361  999858]
463,[ 1055646  1106523  1046689  1082185 12811532]
464,[ 995242  883404 1029743  923746 1104343]
466,[1025611 1112473  918368  895652 1096317]
467,[1082185 1106523 1127831  849843  834484]
468,[ 1082185  1098284  1106523   908504 13842088]
469,[5569230  968215  862349  832001  932006]
470,[ 883404  840601 1022003  995242  937791]
471,[1082185 5569230  923746  995242  866227]
474,[1106523  923746  883404  981760  844165]
477,[1029743 1022003 1082185 1126899  883404]
478,[8203851  846823 1082185 1055646  840361]
479,[ 986912  866227 1085604  942088 1092948]
480,[1082185  840361 1127831  857503  854754]
482,[1051516 1044078  951590  883404  999779]
483,[1017201 1015597 1043590  845774 1133018]
484,[ 984575  862349 1119051 1006483  839849]
485,[1029743 1082185  951590  995242  972665]
487,[1082185 1055646  840361  914190  994928]
489,[ 1082185   986912 13842088  5589247  5585639]
491,[6533936  962568 1056509 1082185  895540]
493,[1029743 1013321  995242  911812  873627]
495,[ 1029743 12810391   913210   923746   827218]
497,[1029743 7410343  976199 9707137  990688]
502,[1135868  857849 1093413 1029743 1033615]
503,[1082185 1070820  895540 1073150 1127716]
505,[1132770 1073150 7441498 7166861 6395907]
506,[ 861272  995242 9705473  909338 1082185]
507,[1014948 1036501 1126899 8203451 1082185]
508,[ 1075470  1133018 10285144   969205  1083787]
510,[ 862349 1036501 1019643  833724 1070820]
511,[1029743  844165 1133018  995242  908531]
513,[ 844179  865026 1093413 1018740 1133018]
514,[1082185  923169  866211  878996  995785]
515,[1106523  895540 1082185  995242 1050131]
516,[1110572 1053690  995242 5568489 1082185]
517,[1126899  979707  995785 1082185  840361]
518,[ 1029743  1055646   995785 10284946   901460]
520,[ 995242 1082185 1133018  981760  913210]
521,[1051516 1026118  908846  995785 1137688]
523,[1110572 1082185  995242 1056651  869195]
524,[ 834484 1082185  901062  923746  845208]
525,[1124971  883003 1082185  913490  870211]
526,[5569230  859075  995242  882496 8090521]
527,[ 1131321   955075  1059308 12673243   933835]
531,[1029743  995242  940947 5569230  883404]
533,[ 995785 1133018 1004906  899624 1106523]
534,[ 861272 1039156 1117500  995242  993466]
537,[1116635 1004436 1034176 1065538 1075368]
538,[1082185 5568378 1070820 1098844  906838]
539,[ 923746 1082185  914190 1068719 1058997]
540,[1082185  916122  995785 1000237  860776]
542,[1106523 1082990  844165  968936  849843]
543,[ 907281 1126310  949377 1056162 1026712]
544,[ 1082185 12731436  1085604  1058997  7409670]
545,[1082185  986912 1070076  895540 1119051]
547,[ 883404 1106523  951590 1092026 5568378]
548,[1082185  923746  860776 1029743  885406]
550,[1082185  995242  849843  878996  854852]
552,[1044078 1069039 1133018  883404 1096036]
553,[1075368  914190 1036501  868764  896938]
554,[1106523 1082185  867188  824180  917438]
556,[1029743 1082185  883404  949965  995785]
557,[ 879528 1082185 1126899 1058997 5569471]
558,[  981760  1106523  1133018   995785 16809471]
560,[1029743 1003188  964520 1077851 1054814]
562,[ 824005  995876  854405 1029743 1074333]
563,[1082185 1029743 1075368  995242  923746]
564,[1029743  840361 1082185 1058997 1039156]
566,[1039156 1082185 1029743 1085604  866227]
567,[1070015  986912 1133018 1044078  915651]
568,[1033615  985119  999971 5585510 1043590]
569,[ 995242  855138 1082185  970160 1062128]
570,[1082185  862349  981760 1029743 5569230]
574,[1029743  908531 1082185  995242  883404]
575,[ 862349 1126310  976199  950557 1100410]
576,[1082185  903325  995242  953476  840361]
577,[1082185  986912 1056509 1127831  820165]
578,[  961554   921836 12263788   955075  1135886]
579,[ 5569230   995242   908531 13842088   961554]
580,[1118946 1056509 1041796  909894  981760]
581,[ 826272  882109  858999 5569230  938849]
582,[1082185 1119051 5569230  908846 1026118]
583,[1120741  927191  914190 1092026  989824]
586,[1029743  883404 1092026  861272  844165]
587,[ 894236 1082185  885290  864312  951590]
588,[1070015 1053690 1053763  838733  883003]
590,[5569230  883404 1092026 1029743  890610]
591,[9245106  933067 1106523 1065017  869728]
593,[1065593 1106523  921288  883963 1133018]
594,[1029743 1082185  826249  910032  995785]
595,[1098066 1082185 1037863 1106523  883404]
596,[1106523 8090537 1055646 1025581 8090521]
598,[ 923746  824005  976199 1106523 1068719]
600,[  995242 10285243  1039156   883404  5569230]
602,[1029743 1053690  844165 1098066  944139]
603,[1088835  999971 1065593  882441 1133018]
604,[1082185  862349 1129671 7441668  834129]
605,[1106523  965772 5578643 1126899  899446]
606,[1029743  990688 1027372 1118479  993466]
608,[6979753  907631  941856  863762 1138487]
609,[8181477 5569230 1133018  994928  868764]
610,[1132770  883404 1029743  844165  986912]
611,[1029743  953476 1037631 8203451 1131438]
612,[1029743 1065593  883404  953476 5568378]
613,[ 951590 1082185 1133018 1004906 1055646]
614,[1082185  961554 1029743 1055646  849843]
615,[ 995242  883003 1110142  971922  866227]
617,[  916487  1022340   979707 14106445 10345155]
618,[ 1133018   923746  1106523  1031864 16809471]
621,[1112825  977268  981760 1137775  923746]
622,[ 883404 1106523  986912  844165  826249]
623,[ 923746 1058779  995242  914190  873964]
624,[1106523 1133018  849843  899624  908531]
630,[1082185 5584007 5585635 5585735 1070820]
631,[1082185 1043035  995242  979707 1053690]
632,[1029743 1057260  916122  932298  933835]
633,[ 883404  923746 1082185  961554 1055863]
636,[ 927191 5592931 1123792  906763  912681]
637,[1133018 1092026  844165 1027068  944139]
638,[1029743  840361  923746  995785  919534]
640,[1106523 1096036 1003188  857503 1071939]
641,[1126899  862349 1058997 1070820  999858]
643,[ 995242 1055646  981760 1082185 1055853]
644,[1082185  995242  964327  821083  979707]
647,[1029743  951590 1082185  819978  914190]
648,[1082185 1119051  903325  895540  995785]
650,[1082185 1055646  840361  914190  994928]
652,[ 832678  866227  890610 1065593 1082185]
653,[ 979707 5569471  922651  854852 5587837]
654,[1077555  995242  883404  864893 1056509]
655,[1082185 1070015  871756 1044078  981760]
658,[ 849843  883404  995242 1070015  896938]
659,[1133018  929668 5569845  925862  904236]
660,[1126899  862010 1082185  982790 1055646]
661,[5569230  986912 1110572  904359  995242]
662,[1029743  995242 5569230 1103105  883404]
663,[1082185  948190  866227  908531  949616]
665,[ 986912 1071171  951590  922561 1025611]
666,[ 914190 1033615  861272 1043590  957232]
667,[ 995242 1082185 1133018  849843 1092303]
668,[1082185 1058997 5569471 1013572 1024306]
669,[1082185 1126899  903325 1058997  840361]
670,[1082185 1029743  981760  885406  995242]
671,[ 918733 1029743 1022003  936634  838602]
672,[849843 899624 962568 908531 995242]
673,[ 827683  957232 1029743  951590  883404]
674,[1081177 1119051  820165 1037631  996156]
675,[1133018 1106523 1121384  981760 1004906]
676,[1065593 1102959 1069522 1080414 1070702]
680,[ 995242  951590  938566 1022003 6034857]
681,[ 890695  967461  951590 1134483 1102003]
684,[1082185  995242 1106523  849843 1055646]
685,[1015539 1097398  895502  938700  883404]
687,[  951590  1029743  1044078 12810393  1106523]
690,[10285141   849843   962568  1082185   883404]
691,[ 995242  912914  849843 1082185  999971]
692,[1082185  894236 1055646  862349 1019643]
693,[1044188  962229 1036501 1104349  911812]
694,[1037840  844165  995242 1029743  883404]
695,[1082185 1029743  962568  860776  883404]
696,[1126899  976199  923746  983584 1003188]
697,[1082185 1057260 1070820  979707  880427]
698,[1106523  866211  987480  883404  965766]
699,[1029743  951590 1082185  899624  923746]
700,[1029743 1101010  899624  883404 5568378]
701,[ 981760 1082185 5569230  995242  866211]
702,[1082185  916122 1029743  862349 1065593]
703,[1058997  901776  995242 5569230 1082185]
705,[1029743 7431990  912112 1062966 8205218]
706,[ 923746 1070820 1029743 5569471  913210]
707,[1029743  923746 5569471  965766 1062128]
708,[1029743 1082185  995242  995785  916122]
709,[10345155   879755 10344971  1135868  1107553]
710,[1106523 1068719 5591038  900491 1082185]
711,[1037840  864893 1085604 1029743 1098284]
712,[ 981760 1070820  961554  995785  914190]
713,[1075368 5569230  962229 1029743 1051211]
714,[1058997 1126899 1029743 1082185  944139]
715,[1133018  969205  995242  885863 1106523]
716,[1082185 1055646 1024306 1026118  847982]
717,[ 861445 1085604  883404  940947 1082185]
718,[1092026  999971 1013321 1019744 1058779]
719,[ 933835 1040807 1106523 1082185  819978]
720,[ 895268  863447 1056212 1055504  854852]
721,[1058997 1126899  862732 9396821  862349]
722,[1082185 5584620 5585727 5585635 1106523]
723,[1082185  860776 1082212  999104  961554]
725,[1092026 1058997 1096036 1098066 5568378]
726,[ 951412 1058997  880427  826144  994928]
727,[ 859075  846823  911311  950894 1031083]
728,[1070015 1029743 5995597  900770 1122358]
729,[1082185 1055646  840361  914190  994928]
730,[1058997 1126899 9526185 1082185  960732]
731,[ 1085604   847982   943513 12172355  1029743]
733,[ 906502 1017041  966891 5569471  999779]
734,[ 995242 1082185  959737  997309 1110142]
735,[1106523 1082185  923746 1072523 1092026]
736,[13115903 13115548 13115493  1029743   833715]
740,[ 834484  845208  995242 1082185  976199]
741,[1082185  976199  927191 1109598  962568]
742,[1092026 1133018  883404  999134  919644]
743,[1050131  900491 1077975 1053763  989075]
744,[1082185 1058997  840361  995785 1110142]
745,[1082185 1077975  962568 8203451  901062]
747,[ 5569230   883404  1098066  1062966 12757140]
748,[1106523 1082185  999971  914190 1043590]
749,[1082185  995242  866211 1029743 5569230]
750,[1133018  866227  834833 1082185  883404]
752,[ 986912 6979803  904813 1098844  883404]
753,[1030362 1029743 1082185 1126899 1070820]
754,[1082185 1058997 1126899  935284  901062]
755,[1082185 1058997  971922 1137775  962568]
757,[1082185 1133018 5569471 1039156  962229]
759,[ 1082185   906844  5568447 13115548  1036347]
761,[1106523 1029743 1133018  832976  833025]
762,[  962199 10455984  1058997   866227   986912]
764,[1029743 1082185  981760  913490  898847]
766,[1082185  961554  923746 5583944 5585639]
767,[1082185 1015781  840361 1102067 1042571]
768,[1029743  995242 1100410  859075 1126310]
769,[1106523 1082185  995785 1092026  849843]
770,[ 904236 1029743 1088191 1075368 5569230]
771,[1068651  979707  840361 6034857  955075]
773,[ 861272 1082185  909714 1058997  938300]
776,[  995242  1029743 10284946  1082185   883404]
777,[ 863447 6533608  961554  962568 1028891]
779,[1082185 1057260  976199 1039156  916122]
781,[ 910673 1092303  926065  872137  907014]
784,[1139782  939442  912681  861485 5569230]
786,[1082185 5569230 1133018  981760  972665]
787,[1082185  894236 1039156  863664  862349]
788,[ 849843 1104205  996425  874255  908504]
789,[ 922561  981760 1082185  995242  833025]
790,[1100273 1082185 1070015  862488 5995177]
793,[ 995242 1133018  860776 1082185  981760]
794,[1126899  911812  871756  979707 1051211]
795,[ 1043751   910032  1029743 12301100   856060]
796,[ 923746  995242  969866 1058997  862349]
798,[ 994928 1058997 1082185  978974  908531]
799,[1058997 1082185 1126899  928754  918410]
800,[ 995242 1029743 1005583 1065593  961554]
801,[5568228  995242 1029743  904422 1037863]
802,[ 845193 1134483 1004906  983584 1082185]
803,[1082185  962568  995242  979707  921920]
804,[ 844165  999971 1092026 9487927 1085604]
805,[1029743  844165  949023 1065593 1128900]
806,[1082185 1029743  849843 1035386  883404]
807,[1029743 6034857  961554  968932  896444]
808,[ 908846 1029743 1110572  824005 1110244]
810,[ 993638 1082185 1028816  995785 1026118]
811,[1029743 1082185  849843  962568  995242]
813,[ 1082185   880427   834117   995785 12518330]
814,[1101173  883404  978906 5568378 1098066]
816,[1082185 1075368  862349  883404  995242]
817,[1082185 1070820  923746 1121384 1060408]
818,[1082185 1029743 6602697  885290 1058997]
820,[ 995628  856060 1106523 1092026 1124729]
822,[  995242   981760   937292   911812 12301109]
823,[ 860776 1055646 6534480 6534077  899624]
824,[1106523  923746 1046689  962229 1082185]
825,[ 1058997  1110409   938700 12731436   976199]
826,[ 1037840 12384431   961620  1137304   951590]
829,[1082185  834236  951590  995242 1132771]
830,[1106523 1133018 1029743  883404  862349]
831,[ 995242  885406  957736 9677949 1009128]
836,[ 927191 1049735  851287 1126899  962229]
837,[1126899 1082185  901062  962568  852360]
840,[1082185 1029743  827802  916122 1138443]
841,[ 870327 1133018  908531 9802666  843944]
842,[ 844165 1092026  999971 1113588 1096036]
844,[1082185  862349  840361  995242 1055646]
845,[8090537 8090533  861272 1134732  919180]
846,[ 981760 1029743 1133018 1053690  995242]
847,[1082185 1005274 1008074 1081189  840361]
848,[1070820  840361  885406 1036347 9416729]
850,[ 923746  995242 1106373  849843 1059342]
852,[1082185 1058997 1126899 1070820  903325]
853,[1058997  951412  906262  863802 1051516]
854,[ 883404 1027168 5568378  860776  911812]
855,[1029743 1027569  873887  986912  963868]
856,[1082185 1068719  995242  923746 1029743]
857,[ 995242  839262  883932 5569230 9803545]
858,[1070820 1082185 5569230  951590 1053690]
859,[5569230 1082185  995242  951590 1075368]
861,[1106523 1082185 1072523 1026118  923746]
862,[ 832678  981760  953476 1132770 1111839]
863,[ 916122 1029743 1003188 5569135  884686]
864,[1029743 1101010  899624  927191  883404]
865,[ 899624 1128647 1106523 1075368  844179]
866,[1106523 1133018  844179  899624  908531]
867,[1075368 5569230  908531 1133018  983584]
868,[1029743 9884484  951590  883404 1070820]
869,[1044078 5592931  845208  990469 1116476]
871,[1082185 1029743  986912 5569230  979707]
875,[1082185 1065593 5590287 1124729 5584007]
876,[ 883404 1058997 1082185  994928  840361]
877,[1058997  981760  961554 1126899 1055504]
878,[1133018  844165  907631 1131344  846823]
879,[1101010  903325 1070820  914190 1029504]
880,[1082185  951590  866211  981760  961554]
881,[ 1029743  1051211   890695  9884698 13945244]
882,[ 1106523  1043751  1092026 10457128  1133018]
883,[1082185  962568  995785  903325  860776]
884,[1106523  883404 1015539  995242 1132770]
885,[1106523 1006483  923746 1076875 5568378]
886,[ 868764 1070820  957190 1036501  920724]
887,[1133018  957232  883404  995785  914190]
888,[6034857 1003188  826249  961554  901062]
889,[1126899  947201  849843  983316 1039156]
891,[ 1082185  1133018 15926886   937292   866211]
893,[9296965  957232  895295  868415 1076875]
894,[1082185  874149 1106523  860776 1119051]
895,[1082185  948478  828139  866211 9829205]
897,[1029743 1082185 1039156  894236  849843]
898,[1057260 1030362 1028816  824005  995965]
900,[ 986912  890536 1068719 1133018 6979579]
903,[ 923746 1082185 1070820 1126899  962568]
904,[1106523  995785 1133018  951590  905539]
906,[ 896938  911974 6773204 5587938  860703]
907,[ 986912 1099058  907014  981760  974306]
908,[1082185 1057260 1104343  862349  916122]
909,[  998373   976199  1056509  9935616 10285141]
911,[1082185  962568 8011397 8011285  860776]
913,[ 1082185   834117   999104 10344585   995965]
914,[1073150  986912 1107553  863802 1124729]
915,[1057260  880150  853354 1036753 1043006]
916,[ 913785  916122  913210 1110692 1058997]
919,[1111839 1029743 1076056  893018 8205218]
920,[1106523 1133018 1097001  849843  898980]
922,[1058997 1082185  962568 1046262  908846]
924,[1029743  995242  855138 1116020 1121656]
926,[ 981760  903325  929668 1039156 1138443]
927,[  995242  1058997 13842088  1082185   866227]
928,[ 908531 1029743 1055646  923746 1115175]
929,[1070820 1092026  862349 1039156  845193]
930,[1029743  917033 1050741  962568 1016800]
931,[ 1029743  1126899  1040807   913210 13841744]
934,[1133018 1135258  886803 1075315 1012523]
935,[1082185  995242 1126899  878715 1055646]
936,[1106523 1029743  995242  844165  962229]
937,[5586642 5588238 5587043 5585636 5578494]
939,[1029743 1092026  916767  839849  822677]
940,[ 976998 1019637  953476 1123792 1030093]
941,[5567702  882109  919766 9677236  862349]
942,[ 1015539 13842214  1037635   864033  1080566]
943,[ 1106523 13381584  1053690   844165  1082185]
944,[ 951590 1101010 1132771  866227  866211]
946,[1082185  849843 1133018  981760  995785]
947,[  866227  1101010 10285149  1037863 12731544]
949,[1029743 1082185 8090521  951590  880253]
951,[ 977481 1029743  821025  823704  981760]
952,[ 995242  883404  896369  859075 1082185]
953,[1029743 1082185  877310  849843  999104]
954,[1082185 1055646  840361  914190  994928]
955,[ 907014 1123146  916381  940332 1101173]
956,[ 986912 1070820 1082185 1029743  923746]
957,[10204488   898601   985911   940731   866227]
959,[ 1106523  1133018 10455984   862349   968215]
960,[1036347  856166 1070820 1082185 1055646]
961,[1082185 1029743 1002771  919596 1134161]
964,[1106523 8090537 8090521  962229  909714]
965,[ 883404  849843 1133018  840361  923746]
967,[1082185 1055646  840361  914190  994928]
968,[ 983584 1114992  927191 1033615  834833]
969,[1082185 5569230  877447 1029743  883404]
971,[1075368  895540  995242  908531  919535]
972,[  866227   862349  6632283 13008334  1107553]
973,[ 1082185   878996 12731436  1094924  1009046]
974,[ 1082185  1029743   899624 15926886  5569845]
975,[ 5569471  5569327  1098248   995965 13381584]
976,[1082185 1058997 1127831  933835  981760]
978,[1082185  951590 1106523 1070820  916122]
979,[ 904236  986947  830960 1077143 1070702]
981,[ 866211 1082185  995242  901460 1092937]
982,[5569230  969932  912004  962229 9677202]
983,[1029743 1095275 1129671 1075368 1044078]
984,[1082185  908531 1119051 1029743 1106523]
985,[1082185 1029743  914190  908846  859075]
986,[ 849843  995242  833715 6391532 1116635]
987,[ 986912 1065538 1137775  916122 1106523]
988,[1070820  981760 1106523 1116005 9420067]
989,[1029743  899624 1106523  833025  859075]
991,[1082185 1026118 1055646  840361  914190]
992,[ 909714 5995597  896369  863802 1082185]
993,[1082185 1101010  951590  995242  908531]
996,[  896938  1133018   953539 13842088  1082185]
997,[  849843  1070820 10456575  5584027   981760]
998,[ 899624 1000753 9836106  947858  822073]
999,[1029743 1082185 1043590 5585510  983584]
1000,[ 1082185   986912   854852 12427353  1048483]
1001,[ 1095275 12301109  1104475  1053690  1029743]
1003,[1082185  995242 1133018 1029743 1113588]
1004,[ 995242 1029743 1054262  995628 1122568]
1005,[12301100   883404  1111072  1039589   866140]
1007,[ 883404 1029743  848268  995242 1133018]
1008,[1110572  910473 1065593  883404 5569230]
1010,[1082185  971922 1127831  918410  862349]
1011,[1058997  944836  862349  916122  883404]
1012,[1070820 1082185  849843  862349  844165]
1014,[ 976199 1077588 5578547  911974 1057260]
1015,[1082185 1021694 6602697  862349  916993]
1018,[ 951590 1070820 8090521 1110244 1075368]
1019,[1106523 1082185 1026118 1025650  819840]
1020,[1070820  995785  899624  977481  965766]
1021,[ 1070820   852856 10285144  1082185  1029743]
1023,[1026058 1062002 9859182  847241 1002261]
1024,[  847982   874972  1070702 15926886  1092885]
1025,[1106523 1128240 5568378  883404  908531]
1027,[1058997  821083  981760 1082185 1055646]
1029,[1082185  885290 1126899 1058997 1022254]
1030,[ 986912 1082185 1048563  951590 1101010]
1034,[1133018 1082185  934639 1126899 1041259]
1038,[ 857849  920308  903230 9420312 1133018]
1039,[1082185  951590 1029743  972665 1134522]
1040,[1075368 1082185 1126899  916122 5569471]
1041,[ 948832 1127470  988697 9527487  985119]
1042,[1036501  903325 8011397  856252  862349]
1043,[1082185 1055646  840361  914190  994928]
1045,[1029743  995242  831509 1043663  981760]
1046,[1126899 1082185 1058997  913270 6034857]
1047,[ 844179  896938  899624 1110572 1053690]
1050,[1082185 1106523  962229 1037863  899624]
1051,[1137775  921504  933835  951590  865026]
1053,[ 979707  847270  976998 1003600 1119051]
1057,[1082185  916990 8090532  973861 1033913]
1058,[ 866227 1106523 1001475  849843 1038462]
1060,[ 951590  840361  994928  914190 1082185]
1061,[1106523  923746 1050131  900491 1043590]
1062,[1127624  984677 1116578  838602 1055646]
1064,[ 962568 1082185  834484  979707 1138443]
1066,[ 989101 1082185  995242  981760  986947]
1067,[1029743 1075368 1082185 1126899  923746]
1068,[ 995785 1025611 1096317 1043590  951590]
1069,[1029743  844179  999858  995242  962229]
1070,[1082185 1134398  908531 8293439  995242]
1071,[1133018 1085604 6773238 1065593 1082185]
1073,[1058997  995242 1082185  873627  861272]
1074,[8011397  995242 8011285  914190  951821]
1075,[1070015  909894 1029743  995242 1033615]
1076,[ 838487 1089954 1003600 1075368 1084968]
1077,[ 951590  995242 5569230  937292  840361]
1078,[1126899 1082185 1026118  834484 1058997]
1080,[1106523 1133018  844165  995785  927191]
1081,[ 981760 1106523  916122  899624  857849]
1082,[1133018  883404  994928 1106523 1128698]
1083,[1116821  979707  864335 1106523 1029743]
1084,[ 953476 6704207  847270  847241  981521]
1085,[  883404   938849   826272 13115493   850841]
1086,[ 1082185  1008074   854852  1138443 12731714]
1087,[ 908531  995242 1106523  859075  899624]
1088,[ 997011 1080414 1055863 1045478 9526563]
1089,[1006483  873964  947798 1026984 1029743]
1090,[ 962229  944836 1082185 1055646  840361]
1091,[1029743 1082185  951590  840361 1070015]
1092,[ 859075 1014948 1132911  883404  952981]
1093,[1082185 1106523  844165  840361 1029743]
1094,[ 904236 1138443 1092026 1051323  983795]
1096,[1082185  995785  878996 1106523  923746]
1097,[1106523 8090440  992622 1070015  878996]
1098,[1017061 1082185  871162 1029743 1055646]
1100,[1085604 1092026 1034176 1082185 1055646]
1102,[1082185  860776  883404  995785 1044078]
1103,[1126899 1051211  862535 1136719  871754]
1104,[9526624  901460 1015280  853622 1039156]
1105,[5569230 1082185 1055646  840361  914190]
1106,[  868764   883404  1129049 12757316  1075470]
1108,[1029743 1082185  908531 1111839  995242]
1109,[1082185  862349  981760 1109014 1070820]
1110,[ 908531  862349 1070820 1077555  840361]
1111,[1106523  927681  935796 1025650 1028816]
1112,[ 862349 1082185 1010681  990688 1075368]
1113,[1082185  995242 1058997 1126899  916122]
1114,[ 910032  892008  883404 1029743 1051211]
1115,[1082185  995242 1005274  995785 5569471]
1117,[5569230  962568 1106523 1029743 1071939]
1119,[1082185 1029743  972244  844179 1056509]
1120,[  995242  1133018   981760  1082185 12524174]
1121,[ 995242  962229 1092937  981760 1082185]
1123,[ 962229 5569230 1126899  871756 1098844]
1124,[1106523  995242 1092026  883404  925626]
1127,[  951590   962229  1029743  1082185 13841744]
1128,[ 927191  845537 1050131  900491  951526]
1129,[1126899 1137688  995785 1131620  909714]
1130,[ 1039156  6979089 12731544 12524174  1037863]
1131,[1029743  883404  995242 1075368 1082185]
1132,[ 907014 1043590  951590 1025611  885290]
1133,[ 903325 1028816  860776  995785 1037863]
1134,[1082185 1070820  916122 1037863 1013321]
1135,[ 995242  908531 1029743  840361  981760]
1136,[1106523 5569230 1133018 1065593 5568378]
1137,[ 914318 1082185 1023958 1076875  995242]
1138,[1120741  882441 1015539 1097398  885430]
1139,[1082185  995242 1131625 1028891  862349]
1141,[ 914190  844165 1065593 1029743  995242]
1142,[ 916122  882826  860776 6034857  834484]
1145,[5569230 1029743 1033615 1106523 1043590]
1146,[1029743  995242  935284 1033615  898980]
1147,[1106523  951590  914190  834484 1068719]
1149,[1135681 1026118  848071 1028816  999250]
1151,[6602697 1122358  962266 1136524  973861]
1152,[5569471 1029743 9337581 1110111 1096317]
1154,[ 849843 1106523 1053690 1081177  981760]
1155,[1106523  833025  883404  893018  918335]
1157,[ 853756 1070820 1000672  981760  951590]
1158,[ 916767 1049735  862349  890610 1074040]
1159,[ 1082185  1107553 10284946  8090532  1068719]
1160,[1106523 1096036 1133018  898980  849843]
1161,[ 908846 1133018 8090537 1026118 1082185]
1163,[ 1029743   995242 13842088   883404  1056509]
1164,[1082185 1077975 1070820  824305 1080853]
1166,[ 967476  911915 1075315  889319  995722]
1167,[1082185 1070820  895295  866211 1127624]
1168,[ 908531  995242 1019637  983584 1114653]
1169,[ 844165 1082185 1093413 1106523  849843]
1171,[  995785  1075368   995242 13841744   868075]
1172,[ 963686 1122358 1029743  923746  970866]
1174,[1106523  883404  923746 1068719 1133018]
1175,[1082185  963365  962266 1098844 1028891]
1176,[1082185 1055646  840361  914190  994928]
1178,[6464165  834484  995242  916122  845208]
1179,[  860776   962229   844165 15926886   863447]
1180,[ 849843 1029743  923746  985119 1033615]
1182,[ 979707 1106523 1044078  899624  842392]
1183,[ 883404 1082185 1055646  840361  914190]
1185,[1106523  895930  882441 1121360 1132770]
1186,[1082185 1098844 1070820  908846 6034857]
1187,[6979753 1038462 1106523 1133018  856060]
1188,[1133018 1106523  883404  923746 1107661]
1189,[1106523 1007195 1037863  969866 1082185]
1190,[1029743  844165  999631  883404  843898]
1191,[ 995242 5569230 1082185 1055646  890695]
1192,[ 859075 1133018  849843  995242  957741]
1193,[ 1082185 13842088  1106523  1013928   860776]
1194,[1044078 1106523 1096036  994928 1133018]
1195,[1075368 1029743 1053690 1082185 1026118]
1196,[ 919596 1070820  901062  854852  845319]
1197,[1082185 1029743 1055646  951590  981760]
1198,[1058997  918688 1082185  923746  900586]
1201,[1053690 5569230  995242 1098066 1055646]
1202,[1058997 8293447 1082185 1055646  981760]
1203,[1106523  849098  977166 5995597  826249]
1204,[1106523 1133018  883404 1097001 1029743]
1205,[1092026  844165  900491  822241 1053763]
1206,[1038217 1128240 1120928 1133018 1020682]
1207,[1133018  953476 5569374 1082185 1088191]
1208,[ 923746  970030 1114653 1044078  844165]
1209,[ 861445  891520  986912  921744 1082185]
1210,[1082185  862349 1070820  903325  835243]
1211,[ 1037631  1000753   879504 12262978  6034577]
1214,[ 993638 1082185 1055646  840361 1093030]
1216,[5569230 1065593  883404 5569471  999625]
1217,[1075368 1029743  899624  916122 1043590]
1218,[1082185 1070820  916122  962568 1029743]
1219,[13987135  1033234   931777  1033615   903567]
1221,[1029743  923746 1082185  883404  889649]
1222,[1133018 1106523 5569230  919534 5569845]
1223,[1029743  883404 8090521  826249 1106523]
1224,[ 857849 1065593 1029743  844165  907014]
1225,[1029743 1133018  949965 1106523  909894]
1226,[ 935796  862349 1070015  927681  908846]
1227,[ 970619 1058997  862070 1082185 1055646]
1228,[1133018  983795 1058997  962568 1022254]
1229,[ 979707  834484 1070820  860776  965842]
1230,[1106523 1029743 1082185 1055646  840361]
1231,[1082185  995785 1055646  860776 1110142]
1234,[ 844179  885406  871756  862349 1082185]
1236,[1037840 1070015  981760  999971 1043590]
1238,[1082185  908531  995242  929668  832678]
1240,[1082185 1044259  979707  860776  913210]
1241,[1092026  969568 1021116  944139 1075368]
1242,[ 883404  844165 1082185  862349 1070820]
1245,[1082185  860776  834484 1051516 1028816]
1246,[1082185 1126899  993466  859075 1108094]
1247,[1082185 1029743  981760 1126899 1055646]
1248,[1106523  951590  941183  888054  903123]
1249,[1106523 7025106  969419 1063739 1133018]
1252,[1102959  923746  847982 1052912 1082185]
1255,[1106523 1082185 1133018  923746 1056509]
1256,[1082185  878996  979707 1137688  986912]
1257,[1082185  995785  903325 1055646  914190]
1258,[ 1051093  5569471  1051211 12946027   950098]
1259,[1082185 1113588  916993 1058997  883404]
1260,[1082185 1058997 1127831  949257  961554]
1261,[1082185 1126310 1025719 1100410  964327]
1262,[1082185 1106523  849843  883404  995242]
1263,[ 866211 1029743 1132770 1088835  995242]
1264,[1029743 1106523  868764 1092026 1011300]
1265,[1133018  995242  918733 1022003  936634]
1266,[  863447   995785 12810391  1039156   970030]
1267,[ 1082185 13842090   862349  1119051 13842214]
1269,[ 995785 1101589  981760  970792 1029743]
1270,[1026118 1106523 1028816 1082185  908846]
1271,[1082185  878996 1029743  951590  914190]
1272,[1020729  868764  865330 1055646  905436]
1274,[ 951590 8090537 1082185 1070820 6534030]
1277,[1006483 1106523 1133018  882441 1132770]
1278,[1106523 1082185 1029743  883003  860248]
1279,[ 889319 1075315  966494  906502  886803]
1280,[1119374  949377  833556  846907 1109408]
1281,[ 995785  844165  860776 1131344  907014]
1282,[1033615 1025611  910673  995876 9835223]
1283,[ 995242  921836  995785 1133018 1082185]
1284,[ 1133018 15926886   951590   923746   999779]
1285,[1106523 1065593 1082185 1035676 5569230]
1287,[1082185 1133018  862349  861272  951590]
1288,[897954 862349 923746 883404 999971]
1289,[1085604 5569230  866227 1037894 1029743]
1290,[1013321  849843 1058779  938700  979707]
1291,[1082185  962229 1011141 1044078 6464208]
1293,[ 959409  999971 1001148  944534  979707]
1294,[1082185 1126899  961554  962568  840361]
1295,[1029743  910032 1092026 1072523  890610]
1296,[ 995242 7467039  935578  880150  914754]
1297,[1082185  995785  860776 1106523 1003600]
1298,[ 883404  995242 1096036 1004906  840361]
1299,[ 840361 1070820 1043663  889649 1016129]
1300,[1082185  962568 1133018 1106523  927191]
1303,[1082185 1029743 1094924  976199  951590]
1304,[1029743 1106523  923746 1118623  849098]
1305,[1106523 1092026  840361 5569230 1103808]
1306,[ 1029743  1070015 12301839  7166861  1068719]
1307,[ 860776 1082185  854852 1119405  906262]
1310,[1082185  995242  883404 1004906  995785]
1312,[ 883404 1058997  840361  965766 5568378]
1313,[1029743 1082185  995242  883404 1003188]
1314,[1029743 1102416  923746  976199 1050741]
1316,[1029743  962229  866211  965766 5568378]
1317,[1029743 5568378  838602 5568489  923746]
1318,[ 908846  925862 1041259  995242  911812]
1319,[1082185  916122  995242 1058997 1029743]
1321,[ 930917  892008 1106523  923746 9527350]
1325,[1082185  927191  903325 1119051  861272]
1326,[1038217  822073 1002558  983584 5585510]
1328,[ 844165 1132770  859075  995242  882441]
1329,[9526628  962568 1060005 1082185 1098248]
1330,[1133018 5569230  911812  856252  987562]
1331,[ 859237  845208  908531 1029743 1041796]
1332,[1082185  904813  834484 1062128  866227]
1333,[  888586  1126899 12731436  9338009  1022097]
1334,[ 883404 1092026 5569327  879755 1085604]
1335,[1010681  861272  878775  862349  836286]
1336,[ 995242  981760 1029743  916122  883404]
1337,[ 923670  962229  983584 9835619 1080414]
1338,[  839849   874736 16809471   994928   955043]
1340,[ 995242  948650 1055646 1082185  862349]
1342,[ 986912  978974 1082185 1055646  840361]
1343,[1082185 1029743 1055646  840361  914190]
1344,[1082185 1029743  883932  919534  847789]
1346,[1058997 1082185 5568758 1022848  866227]
1347,[1107553 1037894 1029743 1031864  925626]
1350,[ 981760 1029743  883404  965766  849843]
1351,[ 835243 1029743  923746 1082185  908531]
1352,[1082185  935200  976199 1011645 1004906]
1353,[  833025  1057260  1017041   966494 15926844]
1354,[ 995242 1082185 1133018  883404  849843]
1355,[ 914190 1056509  981760 1082185 1055646]
1356,[1070820  981760 5569230 1082185  840361]
1357,[ 866548 5582789  860975  895540 5569230]
1358,[1029743  883404  844165 1092026 5569230]
1359,[1029743  883003  849843  916122 1030819]
1360,[1082185 1133157  988208 9858742 9859128]
1361,[ 951590  961554 1082185 1029743  933835]
1362,[ 921406 7168026 1024306  903674  878996]
1363,[1029743 1065593 1034956  913785 5569230]
1364,[1082185  981760  862349  840361 1029743]
1366,[ 927191 1101010 1058997  849843 1065593]
1367,[1126899 1018588 6533936  868764 6533362]
1368,[1082185 1009368 1070820  916122  963835]
1369,[1082185 1119051  981760 1011926 1026118]
1370,[1061394  869868 1110572 1068957 1106523]
1373,[6034857 5569230 5585510 5569471 1007269]
1374,[1106523 6979089 1082185 1133018 1009449]
1375,[1082185  962568  916122  981760 6034857]
1376,[ 994928 1034176 8090537 1013321 1043766]
1378,[1082185 8011282 8011285 7466806 8011397]
1379,[1055646  962229 8203451  857849 1022003]
1380,[1106523 1082185 1029743  923746 1028816]
1381,[1106523 1082185 5568721 1055646  840361]
1382,[1029743  834117 8090532  995242  906262]
1383,[1077975  909714 1018588  995785  972569]
1384,[ 849843 1082185 1133018  916122  882441]
1385,[1029743  849843  883404  907014  844165]
1387,[854133 944534 998373 869047 960791]
1388,[1022066 9803810  851468 1039156 1082185]
1389,[1082185 1058997  907014 1053628 1126899]
1390,[ 995242 1029743 1082185  981760 1126899]
1391,[1082185 1133018  860776 8011397  927191]
1393,[1119051 1082185  901062  820165 1126899]
1394,[1082185  862349 1119051 1055646 6034857]
1395,[1048462 1126899  906844 6533608  880427]
1397,[1106523  923746  918046  883404 1082185]
1398,[ 986912 1082185 1055646  840361 1011300]
1399,[1082185  995242  860776 6034857  849098]
1401,[1029743 1044078 6391532  914190  923746]
1402,[1106523  923746 1082185 1133018  937292]
1403,[ 870547  951590  844165  981760 1092026]
1405,[1029743  883404 5569471  893018 5590287]
1406,[1029743  840361 1082185  951590  826666]
1408,[1082185 1029743  851819  995242  919406]
1409,[ 1082185 12810393  1133018   957232   908531]
1410,[1029743 1082185  822785 1031316  995242]
1412,[1029743 1082185  885290 1032512 9677202]
1413,[1082185 1029743  892531 1055646  840361]
1414,[1126899 1058997 1082185 1055646  914190]
1417,[ 835243 1106523 1068719 1012873  913210]
1418,[1070820 1082185  820165  995242  862349]
1419,[1133018 1070015  908531 1019637 1085604]
1421,[1029743 5569230  995242 8090521 1043751]
1423,[  833715  5981267 13008334   878445  1082185]
1425,[1029743 1101010  951590  859075 1044078]
1426,[ 844165  995242  919534 1120928 1039781]
1427,[1082185  861615  995242  826249  932006]
1428,[ 849843  913210  833025 1058779  938700]
1429,[1126899 1058997 1031492  926909  919948]
1430,[1126899 1040807 5569230  906844  905436]
1431,[ 1110572  5569230   916122 12301109  1082185]
1434,[1082185 1075368  883404  995242  981760]
1437,[ 828143 6979089 1129049  972931 5591154]
1440,[1106523 1029743  923746 1056509 1018740]
1443,[  906844  7431990 10344585  1082185   819927]
1445,[1029743 1068651  916122 1044078  840361]
1447,[ 853756  900391 1000672 1019286  995303]
1450,[1082185  979707 1102959  995242  833351]
1451,[1082185  995242  824005 1070820 1029743]
1452,[ 989101 1013928 1029743 1082185  995242]
1453,[1110572 1092588 1058997 1135476  986912]
1454,[1082185 1029743  903325  979707  981760]
1457,[1106523  863447  910673  867188  987724]
1458,[1082185  962266  981760  961554  845208]
1459,[1082212  857130  995785  844179  934948]
1461,[1029743 1082185  945779  902192  995242]
1462,[1082185  995242 1137688 1028816 1041259]
1463,[ 986912  825753 1081421 1037332  943858]
1464,[ 908531 6034857 1133018 1082185  883404]
1465,[ 921406 1082185 1075368 1039156  911812]
1466,[1029743 1126899  923746 5569230  995242]
1467,[1085604  859237 1080414 1037894  866227]
1470,[1029743 1070820 1063739  995242  862349]
1471,[  826249  1039156 10285144  1098066  1126899]
1473,[1126899  903325 1104343 1082185  961554]
1474,[1106523 1037840 1110572 1133018 1027068]
1475,[ 916122 1055646 1070820  865456  862349]
1476,[ 995242 1058997  907099  862349  861272]
1479,[  879755   977374   848355   989101 13115937]
1480,[1029743  995242 1082185  839849  940726]
1481,[ 951590 1036289  861272 1085604  995242]
1483,[5569230  971922 1054654 1110572  899617]
1484,[1082185 1058997  961554 1004906  995785]
1485,[13842214   878715 13842090  1106523   953561]
1487,[5569230  940947  951590 1029743  914190]
1488,[1126899 1082185 5569230  923746  990256]
1489,[ 883404  849202 1065593  908531  983584]
1490,[ 995242  874972  916122  981760 8293447]
1491,[1082185  820165 1106523  951590  986947]
1492,[1037863  845208  962568 1082185 1068719]
1493,[8090521  883404 1106523 1085604  849843]
1494,[ 995242  857849  883404  923746 1068719]
1495,[ 969866 1003600  983078 1082185 1033142]
1499,[14106445   963365   908318  1082185   878880]
1500,[ 1082185  1043590  1122358   951590 12731544]
1501,[1082185 1070820  860776  962568 1119051]
1502,[1027569 1022872 1082185 1070820 1058997]
1506,[ 995785  866140 1004906  981760  898980]
1507,[ 1106523   879755   844165 13841744  1069621]
1508,[1058997 1082185 1126899  981760 6034857]
1509,[1029743 1082185  926905  872137 5578547]
1510,[ 894236 1126203 1039156  866227 1104224]
1511,[1106523 5569230  995242 1133018  850841]
1512,[1106523 1082185 1029743  995242 1058997]
1513,[1029743 1053690 5569845  873203  940947]
1514,[1082185  995785  962568 1058997 1055646]
1515,[1068651 1029743  995242 1082185  981760]
1517,[ 862349 1070820 1101010  908531  914190]
1518,[8203851 1082185  923746  874972 1106523]
1519,[ 916122  995785 1070820 1043751 6034857]
1520,[1029743  883404  857849 1051637 1085154]
1521,[ 944534  995242 1113588 1133018  919644]
1523,[1082185 1029743 1126899  995242  923746]
1524,[1082185 1126899 5585639 5584620 1058997]
1525,[ 849843 1068719 1029743 1082185  911622]
1526,[1133018  844165  845208  865330 7166723]
1527,[ 834484 5569230  872137 1087102  916050]
1528,[  844165  1075368 13842088   908531  1053690]
1529,[1106523  993466 1069039  898847  907647]
1530,[1082185 1028816  938300  820165 1058997]
1531,[1082185  995242 1058997 1126899  844165]
1532,[6534030  914190 5569471  995242  894236]
1533,[ 850944 1006573 9526770 1005637 1048889]
1534,[ 923746  850807 1065303  851146 1071939]
1535,[1053763  844165 5568378  989075  900491]
1536,[ 1029743 10285187 10285149   868764   914190]
1537,[ 870211 1121410 1133018 1106523 1029743]
1539,[1082185 1055646  840361  914190  994928]
1540,[ 987480 1124729  844165 8015407  925514]
1541,[1082185 1029743 1028816  908846  901062]
1542,[821083 935993 957232 981660 995242]
1543,[ 995242 1053690  819255  953476 1124029]
1545,[1106523 1119060 8090521  871756  916050]
1546,[ 914190 5570595  995242  825650 1029743]
1547,[ 894236  893501  995242 1104224 1039156]
1548,[1029743 1082185 1053690  995242 1055646]
1549,[ 986912 1133018  849843 8203851  866227]
1550,[ 999971  959409 1082185 7167218 1088835]
1552,[ 944836 1029743 1041259 1004906  951590]
1553,[900112 925258 849843 925626 937046]
1555,[1029743 1053690  844165  883404 1092026]
1556,[1082185  995242  859075  979707  826249]
1557,[ 1082185  1106523  1133018 12263788   861272]
1558,[1120928  995242  891520 1048462  883404]
1559,[ 914190  823704  933835 1026118 1082185]
1560,[1029743  995242  923746 1021519  883404]
1563,[1082185 1055646 1070820 1039156  860776]
1564,[1082185  951590  866227 1044078 1055646]
1566,[ 979707  995785 6464144  895502  923746]
1567,[1082185 1026118 1051516  860776  934639]
1568,[1082185 1133018  914190 1106523  923746]
1569,[ 866211 1018740 1029743 1119051  995785]
1570,[1082185  981760  908531  986947  995242]
1571,[10285144  1085256  1070820   859237  1082185]
1572,[1126899 1082185 9835509 1058997 1133018]
1575,[1082185 1022254  995785  862349  903325]
1576,[1037863  834484 1082185 1029743  995242]
1577,[1029743 1006483 1082185  883404  843898]
1578,[ 859075 1029743  916122  995785 1022003]
1579,[ 908531  868764  983584  856252 1041796]
1580,[ 994928  917277  857849 1132770  995785]
1581,[1029743 1082185 1070820  840361 1125391]
1584,[1029743 1028891 1053690  865705  981760]
1585,[ 1082185 13842090  5569471  1058997  1011300]
1587,[1029743  899624  995242  956609  889774]
1588,[1082185 1022254 1137688 9547021  908531]
1590,[ 995785 1055646  944836 1028891 1029743]
1591,[1082185  850841 1108092  995785 1135768]
1592,[1058997 1043973 6979526 5569471 1134810]
1593,[5569230 1082185  995785  995242 1029743]
1594,[1106523 1133018 5590613 1043590  999971]
1595,[1137775  933835  971922  854607 1006555]
1596,[ 861272 1040807  979707  901776 1051211]
1598,[ 883932 1085604 1056509  832678 9836106]
1599,[1043590 1053763  907014 1065593 1044955]
1600,[1133018  849843 1093413 1127758 1106523]
1602,[1006483 1029743 1044259  995785 1137688]
1604,[ 832678 1051211 9526563  944486 1022003]
1607,[5569230 8090521 5569471 8090532  868764]
1608,[ 839849 1082185 1017061  822677 1133018]
1609,[1029743 7168224  866211 1070820 7440663]
1611,[1029743 1082185  986912 1026118  879948]
1612,[1082185 1029743  908489 1070820  901062]
1614,[ 926065 1082185  895540  835243  901062]
1618,[1082185 1022340  916487 1006184  862349]
1619,[1082185 1075368  860776 1117514 1133018]
1620,[1133018 1110572 5592931 9245106 1053690]
1621,[1106523  849843 8119303 1082185  856060]
1622,[1082185 1062002  928123 1029743 1031864]
1623,[1068719 1106523 1044078  921836  883404]
1624,[ 986912 5569230 1026118 1082185  991379]
1627,[1082185 1051516 1029743  932179  860776]
1628,[ 861445 1106523 1110572 1082185 1055646]
1630,[1082185 5585510 1106523  865026 1098284]
1631,[ 967461  969836  861494 5569327  844165]
1632,[1082185 1065593  862349 1070820 5585635]
1633,[ 854852 1008625 1101010 1083043 1040807]
1634,[1029743  995242 1082185 5569327  883404]
1636,[ 844441 1082185 1055646  840361  914190]
1637,[1039156 1014948 1082185 1126899  827999]
1638,[1058997  994928 1138443  860776 1098248]
1640,[1065593 1106523 1052512  916122 1077490]
1641,[1076875 1126899  944137  957232  895540]
1642,[1082185 1106523 1133018 1037863 1051516]
1643,[1106523 1029743  951590  844165 1092026]
1644,[5569230 1029743 1068651  995242 1134483]
1645,[1108094 6034857  995242 1082185 1055646]
1646,[1126899 1029743 1082185 1058997  983584]
1647,[ 981760  986947 1082185 1055646  840361]
1648,[ 873654  931255 1106523 1082185 5569230]
1649,[ 995785 1082185 1106523 6391381 1133018]
1650,[ 906017  834484  962568 1013572  991575]
1651,[1119051 1041259 1082185 1058997 1028816]
1652,[1034176  883003 1004436  880888 1075368]
1653,[1055646 1039156 1119051  894236  834484]
1654,[1070820 5569230 1082185 1106523 5569471]
1657,[ 866227  916381  957063 1053690  883404]
1658,[ 981760  885290  844179  980666 5979322]
1659,[1082185 1028816  916122  824037 1041259]
1660,[ 999971 1053058  951590 1048849  866140]
1662,[1082185 1126899  916122  866211  878996]
1663,[ 987480  926646 1128665  879948  907994]
1664,[ 868764  883404  899624  897954 1044078]
1665,[ 989354 1043590 1037631  931532 1043006]
1666,[ 951590 1029743  962229  995242  981760]
1668,[1106523 1127624 1068719 1085256 1082185]
1669,[1126899 1082185 1055646  840361  914190]
1672,[1029743 1132770 1044078 1043590  962118]
1673,[1053690  899624 1133018 1056509  833025]
1676,[1082185 1028816 1041259  995785 1026258]
1677,[1029743  995242 9835509  885290  872137]
1680,[ 916122 1082185 1022003 5569471 6534035]
1683,[5569471  971474 1070820 1001333  914190]
1684,[ 1106523  1082185  8090537 13841744  1053690]
1685,[1029743  976998  840361 1106523 1058997]
1686,[ 986912  883404 6919433 8359154 1022003]
1687,[1082185  995785 1058997  833556  908531]
1688,[1029743  883404 1070702 1028715 1106523]
1689,[1000753  995785  995242  883404 1029743]
1690,[ 863447  835004  954077 9835223  938849]
1692,[ 995242 1133018 1077555  914190 1038217]
1693,[1082185 1126899  948495  995785 1028816]
1694,[ 966494  879143 1075315  889319  911915]
1695,[ 989101 1082185 1029743  866227  894236]
1696,[ 861615 1070820  843842  862349  956672]
1697,[1044078 1029743  926905  957839  995242]
1698,[1082185  999971  907631 1055646  866211]
1699,[ 993638 5569845  951590 1082185  847982]
1700,[ 1043590 12810393   858302   888476  1058779]
1701,[1029743  883404  849843  995242  995785]
1703,[ 870327 1106523 9802666  862283  928555]
1704,[  866227   935284  1044955 10351524   931532]
1705,[  995785 13842214  6979427 13842090   962568]
1706,[ 860248 1082185 1106523  961554 1101010]
1707,[ 1085604 13842090 13842214  1029743   861445]
1708,[1082185  951590  995242 1029743  896938]
1709,[ 995242  914190 7166861 1133018  979707]
1710,[1106523  840361  995242 1126899  860776]
1712,[1082185 1126899  847344 1058997  849843]
1713,[ 1082185   851188   828867   923149 12670071]
1715,[ 927191 1082185 9526100  903325  995785]
1716,[883404 826249 866140 887342 995242]
1717,[ 995242 1029743 1055646 1082185  899624]
1718,[1082185  995242 1106523 1070820 1018588]
1719,[1029743  965766 1106523  844179 5569327]
1720,[ 834484  916122  861272 1070820 1018588]
1721,[1106523 1133018  856060 1082185 1055646]
1722,[1126899  994928  987562 1065593  901062]
1723,[1133018 1112333 1101010  855672 1022254]
1724,[1082185 1098248 1106523  824005  961554]
1726,[1082185  979707 6391381  995242  866211]
1728,[ 883404 9296919 1101173  826249  831536]
1729,[  858999  1029743  1082185 10285144  1106523]
1730,[5569471 5569230 1031864 1082185 1108168]
1731,[ 849843 1106523 1082185  883404 1133018]
1732,[1082185 1029743  995242  840361 1106523]
1733,[ 986912  879755  894439 1082185  849843]
1734,[ 908846 1082185 1055646  840361  914190]
1735,[ 999104  962568 1081177  840361 1070702]
1737,[ 961554 1082185 1105623  901062 5583944]
1738,[5569471  923746  981760 1118033  819978]
1739,[1048462 1106523  928049  908531 1133018]
1740,[ 1082185  1075368  1029112 12946027  1056509]
1742,[1019637  864335  829459 1098066  846823]
1743,[1106523  951590  883404  899624  845208]
1745,[ 988697  921836 1096036  923746  994928]
1747,[ 859075  927191 1055646 1068719  845208]
1748,[1106523  846634  883404  916122 1135932]
1749,[1082185  862349 1011645 1039549 1029743]
1750,[1082185  901062  849843 1029743  995242]
1751,[1053690 5569230 1070820 1029743  862349]
1752,[ 844165 1065593 1033615 5568378  985119]
1753,[ 879755  866227  986912  913202 1037894]
1754,[1029743  995242 1065593  923746 1068292]
1755,[ 859075  951590 9337581 1092026 1082185]
1756,[1126899 1029743 1082185 1055646 1106523]
1758,[1082185 1126899 1058997  849843  923746]
1759,[1058997  883404  896444 1126899 6391436]
1760,[1029743 1004906  983584  987480 1038985]
1761,[ 865026 1133018 1044078  854852 1082185]
1762,[983584 908531 909894 844165 976199]
1763,[1106523 1009449 1037840 1067820  904422]
1764,[1126899  903325 1075368  972665  901062]
1765,[1082185 1070820  862349  995785 1118012]
1766,[1037894  883404  866227  934676  826249]
1767,[1033615  947858 1053690  963971 1000753]
1768,[12946027  1096343  7410013   991435   995785]
1769,[1082185 1109778  981760  995242  847270]
1770,[1082185 1029743  989101  960791  995242]
1773,[5569471  916122  860776  913210 1056509]
1774,[1106523 1029743 1082185  907647  883003]
1775,[1082185 1126899 1037332 7410343  853756]
1776,[1082185 1068562 1026118  913210  849843]
1778,[1029743  826249 1081479  856252  914190]
1779,[ 862349 1070820  995785  852317 1082185]
1780,[1133018 1106523  951590  869047 1033615]
1781,[1082185 1028816  968215  930118 1004906]
1783,[1082185 1029743  979707  916122 1055646]
1784,[1082185 1126899  979707  962568 1079987]
1785,[1082185 1126899 1058997 1133018  840361]
1787,[ 849843 1033615 1096036 1044078 1111839]
1788,[ 961554  909714 1022254  979707  995242]
1789,[12781986  1004436   907128  1110764  1111839]
1790,[1082185  951590  997096 1022003 1056651]
1791,[ 995242  916122  845208  844179 1003600]
1792,[1075368 1133018 1039156 5569230  880888]
1793,[1082185 1106523 1029743  849843  981760]
1794,[ 866211 1106523 1127831 1082185  881249]
1795,[ 862349  890536 1070820  906262  909714]
1796,[1029743 1037840  965766 1098066 1002787]
1797,[1082185  995785  860776  981760  854852]
1798,[1082185  916122  995785  999858 1137688]
1800,[1082185 1058997  906658  862349  908531]
1801,[10351524   854900  5569230   995242  1085604]
1802,[ 885290 1041259 1101173  880000 1113274]
1803,[ 939860  850944 1005637 1138292 6979579]
1804,[1029743  903463  900697  994928  937626]
1805,[ 959737 9803601  880888 1082185 1055646]
1806,[1126899 1029743  839094  857697 1076875]
1807,[1058997 1055646 1126899 5572828  857503]
1808,[1037840  894236 1053690  889511 5569230]
1809,[ 901062  961554  909714 1010424  995242]
1810,[976998 994928 995242 979707 923746]
1811,[1106523  901976  923746 1044078 1033615]
1812,[ 979707 1070015  835595 1000488 1033142]
1814,[ 995785 1014948 1082185  976199  934131]
1815,[1029743 1082185  995785  923746  895502]
1816,[ 866227  834484 1092026 8090521  908531]
1817,[1082185  995242  993466  981760 1116635]
1818,[1082185  883404 1133018 1106523  927191]
1821,[1082185 1106523  849843  883404  866227]
1822,[ 844165  909894 1070015  986912  962229]
1823,[1082185 1070820  862349  916122  849843]
1824,[ 908531 1106523 5569471  962229  909086]
1826,[ 995242 1029743  908531 1085604  861272]
1829,[1082185  995242 1022254  878996 1029743]
1831,[1082185 1058997  995785  901062  879635]
1832,[1082185 1058997 1131344  976998 1075074]
1833,[1133018  908531  981760 1106523  844179]
1835,[ 945662 1074524 1026258 1054539  883003]
1836,[1082185 1058997 1126899 9296856  920002]
1837,[ 995242  965842  854852 1082185  986947]
1838,[ 849843  883404 1106523  986912  995242]
1839,[1106523 1133018 1070727 1040553 1011141]
1841,[ 999858 1082185  852864 1004906 1003600]
1843,[1029743 1022003  908531 1038985 5569230]
1844,[ 916122 1082185  903325  895540  995242]
1845,[ 916122 1119051 1126899  903325  861445]
1846,[ 908531  981760  833025 1007642 1029743]
1847,[1070820  951590 1082185  862349  929018]
1848,[ 1082185   951590   986912  1135834 13842088]
1849,[1082185  995242 1074524 1055646  981944]
1850,[1082185  962568  834484  862349  916122]
1853,[ 880888 1075368  932298 1085604 1082185]
1854,[1082185 1077975  995242 1062002  909894]
1856,[1095275  986912  879755 1092948  866227]
1857,[1085604 1004555 1037840 1031316 1029743]
1858,[ 1058997  1082185   995785 12782182   961554]
1861,[1029743 1033615  883404  965766  923746]
1862,[1082185  847270 1110409 5569230 1110572]
1864,[1082185 1098844  923746  995242  965842]
1865,[1082185  862349 1098435 1039156  820560]
1867,[5569230 5569845 5569471 1085604  897954]
1868,[ 846823  841228 1103808 1058942  844165]
1869,[1019286  890455 1135959  984491  908846]
1871,[1082185  834484 1003600  854852  824005]
1872,[1082185  820165  986947 1027569  995785]
1873,[1106523 1101010  910032 1085604  926905]
1876,[1082185 1055646  840361  914190  994928]
1877,[1029743  883404  962229  995242 1133018]
1879,[1077975  951590  933835 1040807 1133018]
1880,[ 927191 1106523 1133018 1061220  883404]
1881,[ 1082185   995242   981760 12524174  5568228]
1882,[1039781 1070820 1029743 1082185 1055646]
1883,[13115493  5995692  5569230   885307   850841]
1884,[1082185 1029743 1055646 1069714  840361]
1885,[1058997 1070015  893501 1053690  909714]
1886,[ 866227  883404 1092026  894236  840361]
1887,[ 908531 1095275 1060269  849843  820165]
1889,[ 995242  891505 1029743  919534 1048462]
1890,[1082185  820560  961554 1003600 1003616]
1891,[1082185  908531  995242 1133018  916487]
1892,[ 844165 1093413 1033615 1127624  851819]
1895,[1044078 1129049 5569471  911812  962229]
1896,[1082185 1075368 1029743 1133018 1037840]
1898,[1082185  957232  995242 1003616  862349]
1899,[1040807 1122358  863885  883932  879504]
1900,[1082185  971922 1116376  898847 1070820]
1901,[1013928 1043766 1033615  879755 7431990]
1903,[1106523  868764 1082185  883404 1092026]
1904,[ 994928 1058997  883404  995242  986912]
1906,[ 995242 1114653  981760 1046756  962568]
1907,[1133018 1057260  923746  914190 1055646]
1909,[1081189 1055646  840361  914190  866950]
1911,[  995242   849843  1070820 13115579  1058997]
1912,[ 964327 1029743 1038217  883404 1022003]
1914,[9526770  894439 1006573  892573 1048889]
1916,[1133018 6979427  981760  907128 1127831]
1917,[1106523  950557  863664 1011645 1060567]
1918,[1082185 1126899 1029743  995242 8090440]
1919,[1065593 1106523 1026118 1133018  845193]
1920,[1082185  862349  995785 1137688 1127831]
1922,[1082185 1058997 1126899 5588121  962568]
1923,[1082185 1119051  962568  903325  901062]
1924,[ 889649  908531  965772  941183 1054424]
1925,[1082185 1024306 1029743  989101  989830]
1926,[5587938  926065  907014 1037631  923746]
1927,[1127758 1082310  930917 5981074  969866]
1928,[1085604  908531  862349 1070820  983584]
1929,[1024306  951590  929668 1075368  965766]
1930,[ 882604 1128016 1029743 5568729  826249]
1931,[ 923746  849843 1133018 1106523 1082185]
1932,[ 951590 1029743 1082185 5569230 1053690]
1935,[9526770 1006573  850944 1048889 1005637]
1936,[1029743  844179 1138443  962229  914190]
1937,[1070820  999858  999104 1028816  862349]
1939,[ 883404  833025 1029743  844179  859075]
1940,[1082185  995785  860776 1026118  969866]
1941,[1044078 1133018  883404  857849 1050851]
1942,[5569230 5569471 1053690  839656 1106523]
1943,[1106523  883404 1033615  898601 1068719]
1944,[ 1082185 14106445  1070820  1029743   880427]
1945,[ 845537  904023  981760  883404 1033234]
1946,[1082185  862349 1070820  923746  840361]
1947,[1082185 1126899 1040807  845307  933835]
1948,[ 916993 1058997  994928 1137688 5585966]
1949,[1044078 1127831 1033615  995242  999971]
1950,[1106523 1126895  962229 1079987  847789]
1951,[1082185 1110142 1055646 8276172  987724]
1952,[1029743  834117  893018  914190 1049735]
1953,[981760 849843 993638 994928 860776]
1954,[1026118 1082185  883186 1068292 1038745]
1955,[ 1133018  1116096 12810393   889774   992870]
1956,[1070820 1126899  970866 5569471  951590]
1957,[1082185 1029743  962229 9245108 1055646]
1958,[ 903325 1053690  824005  989101 1082185]
1959,[1082185  995242  908531 1029743 1055646]
1960,[  908531   862349 12731432  9245106  1044078]
1961,[1106523  849843 1031864  982790  883404]
1962,[1082185  962568 6391381 1094924  913210]
1963,[ 834484 1082185  995785  979707 5569471]
1964,[1055646 1082185  857055 1002771 1013572]
1965,[1082185  908531  866227 9881592 9884484]
1966,[5570685  862349  944836  820165 1019643]
1967,[849843 860776 961554 840361 995242]
1968,[  849843   834484  1082185 10285243  1090676]
1969,[1029743  995242 1044078  873964  826249]
1970,[1106523  883404 1029743 1033615 1111839]
1971,[ 1029743 10285243 10284946   899624  1058997]
1975,[ 883003  976199  849843  914190 1110244]
1976,[1082990 1019637 1106523 1065593  999971]
1978,[1082185 1059236 1110793 1126899 1029743]
1979,[1029743 1106523 1133018 1082185  908846]
1981,[ 968936 1126899  860776 8203851 1082185]
1982,[1082185  961554  995785  962568 1071759]
1983,[ 885290 1055646  866211 1029743 5569230]
1985,[1106523 5569230 1096036  962229  981288]
1987,[1082185 1055646  840361  914190  994928]
1988,[1106523  840361  935578  923746  908531]
1989,[1082185  995242  948420  995785  870515]
1990,[ 1029743  1082185  1126899 12263788  1058997]
1991,[1077851  848356 5569230  995242 1082185]
1992,[1050741  823099  963365 1057260  879948]
1993,[ 844165  991951  986912 1133018  883404]
1994,[1126899  883404  849843 1070820  923746]
1995,[ 854852  923746 9677236  901062  976199]
1996,[1126899 1070820  981760 1029743 1058997]
1997,[ 979707  916122  820560 1058997 1022254]
1998,[1133018 1053690  908531 1106523  827683]
1999,[ 995242 1007191  935968 1068719  849843]
2000,[ 995242 5569172 8090509 1106301  926905]
2001,[1138443 1126899  883003 1082185  933835]
2003,[ 1058997 10344585  5569471  1054216  1082185]
2004,[951590 850841 995242 904813 999104]
2005,[1043590 1133018 9526886  878302  986912]
2006,[1082185 5569471  995785  893501  903325]
2007,[1082185 1106523  981760  995785  961554]
2008,[6533437  981760  885290 6534657 1082185]
2010,[ 845208  978974  826666 1038462 5568378]
2011,[ 962522  893501  909268  916487 1006184]
2012,[1053690  882441  920308  890695  947798]
2014,[ 995785  883404 1133018 1106523 1029743]
2015,[1082185  940947  883404  981760 1044188]
2016,[1111839 1088835 1132770 1065593 1133018]
2017,[1126899  983584 1070820  824005 5995692]
2018,[1082185 1106523 1028816 1015296  866211]
2019,[ 883404 1065593 1085604  927191  859075]
2020,[ 986912 6602697  895540  948832  971949]
2021,[951590 900491 820361 995785 989075]
2022,[1029743  854852 1098844  995242  979707]
2023,[ 5569374  1037894  8090509 10344585   826249]
2025,[ 861272 1126899 1029743 1106523 1121384]
2026,[ 916122  914190  923746 1095700  905539]
2027,[ 951590  849843  923746  995242 1044078]
2028,[5569230 1045220 5568378  895295 8090509]
2029,[ 892728  962229  872417 1082185 1135354]
2030,[ 962568  968936 1082185 1029743  899624]
2031,[1044078  911215  883404 1133018  824555]
2032,[ 883404 1082185 5569230  995242 1058997]
2033,[ 995242 1127758 1082185 1119089 1118479]
2034,[1082185  995785 1126899 1058997  903325]
2036,[1082185 1126899 1106523  878996 1024306]
2037,[1070820  994928  981760 1127624 1082185]
2038,[ 849843  840361 1029743  844165 1098066]
2039,[ 883404 1106523  824555 1053763  951526]
2040,[1029743 1085604 1106523 1080414 1082185]
2041,[ 922651 1127716 1074333 1008814 1020962]
2042,[1082185 1126899 1096036 1038217 1098844]
2043,[ 849843  908531 1106301 1133018  951590]
2046,[1070820 1082185 5569230 1029743 1022003]
2047,[ 1082185 13842088   949965  1133018   883404]
2048,[1106523  981760 1133018 1075368  962229]
2049,[ 976199 1082185  992985 1029743 1053016]
2050,[1075786 1082185  906017  835243  857503]
2055,[ 851865 1011926  990984 1041259 5568378]
2056,[ 962229 1133018 1106523 1082185 1029743]
2057,[1070820  901062 1082185 1101960  862349]
2058,[1082185  979707  872137 1011926  903325]
2059,[5569230 1126899 5568378 1082185 1057260]
2060,[5569230  986912 1029743  861445 1071302]
2062,[ 857849 1043590  979707 1022254  971325]
2063,[1082185 1022254  862349  866227  961554]
2064,[1082185 1006483  962199 1041259 1029743]
2065,[1029743 1044078 1068719  965766 8090521]
2068,[1082185  862349 1070820 1137688  995785]
2070,[1085604  914190 1080414  834103  908531]
2071,[ 999971  857849  899624 1037863  903230]
2072,[ 862349 1070820 1082185  995785 1055646]
2075,[1053763 1029743  824555 1044078  989075]
2076,[1082185  981760 1129671 1106523 1058997]
2077,[1106523  903325  845208 1082185 9297403]
2079,[1026118 1106523  908846  923746 1041259]
2080,[ 826249 1004906  995785 1099905  995242]
2081,[1133018 1106523  927191  883404  899624]
2082,[ 916122 1055646  995242  923746 1082185]
2083,[1082185  981760  862349 1070820 6533681]
2084,[1082185  878996  847270  961554  860776]
2085,[ 844165  962229 1101010  833025 5568378]
2086,[1082185  860776 1107553  834484  868764]
2087,[ 976199 5569230 1075368  824005 1116821]
2088,[1029743  995242  893501  929668  883404]
2089,[1126899 1082185 1055646  840361  914190]
2090,[  847789 12524174  1002558  1139827   995242]
2091,[1082185  889774  995242  903123  840361]
2094,[1082185  834484  923746  916993 1070820]
2095,[9526563 7167218 7440663 6463658 1133018]
2099,[1029743 1098066  962229  995242 1010190]
2100,[1106523 1082185 1133018 1037863 1022003]
2101,[ 849843  983584 1098066 1029743  883404]
2102,[1082185  962229  995242 1055646  840361]
2103,[1029743 1082185 1057260 1055646  944486]
2105,[1133018 1106523 1082185 1033615  883404]
2108,[ 923746 1082185 6534074 1062966 1133018]
2109,[ 981760 1033615  937292  930666  995242]
2110,[1029743 1106523 1005456 1098844 6034857]
2111,[1058997  908531 1126899 1127716 1082185]
2112,[1082185 1029743 1055646 1058997 5585510]
2114,[1082185  885290 9705473  901062  894968]
2115,[ 1070820  5569471 15926886  1013321   925626]
2116,[1070820  862349 1039156  848029 1098844]
2119,[1056509 1082185  883404  899624 1131550]
2120,[1082185 1055646  840361  914190  994928]
2121,[1082185 1057260  995785  995242 1055646]
2122,[1082185 1055646  840361  914190  994928]
2123,[ 883404 1029743 5569230  840361  995242]
2124,[1082185 1029743  840361  895540 5584645]
2125,[1082185 1029743  995242  911812  883003]
2126,[1082185  868764 1107553  976199  948495]
2129,[ 930917 1013321 1033234  931777 1045220]
2130,[1082185 1068719  899624 1133018  835576]
2131,[986912 903325 948832 965766 961554]
2132,[ 990797  969205 1082185  879948  995242]
2133,[1082185 1126899  860776  840361  995785]
2134,[1098844  916122 1082185  844179  863447]
2135,[1082185  995242 1051516  922561  948495]
2136,[1082185  981760  834484  901062  995785]
2137,[ 883404  860975  995242  859075 1082185]
2138,[1053690  893501  933835  883404 1029743]
2139,[1082185  844179 7155863  987480 1106390]
2141,[1070820 1082185  933835  971922  951590]
2142,[1029743 6533362  923169 7025202  883404]
2145,[1082185 1001827 1060408  903325  995785]
2146,[1029743  901460  905436  898121  847066]
2147,[  840361  1028816   961554  1071939 13008321]
2148,[1082185  981760 1133018 1101010 1022254]
2149,[1106523 1133018 1082185  923746  937626]
2151,[1133018  995242 1083787 1029743  849843]
2153,[13841744  1029743  1092026   844165   995242]
2154,[1106523  883404 1082185 1133018  923746]
2155,[ 995242  922561  981760  923746 1077555]
2156,[1029743  913210 7410014  995242 9526886]
2158,[ 833025 1006184  862349  844179  860776]
2159,[ 923746  849843 1133018 1082185 1001148]
2160,[12262978  1082185  1029743  9926758   828867]
2161,[1126899 1082185  951176  951590 5569230]
2162,[1082185  995242 6395907  847241  908531]
2163,[ 908531  862349 5569471  970119 9338009]
2167,[1106523  908531 1058779 5569230  849843]
2168,[ 995242 1082185 1055646 1029743  844179]
2169,[1126899 1082185  962568  849843 1133018]
2170,[1013928 8090537 1092026 8090521  844165]
2171,[861272 951590 983078 864143 885290]
2172,[1029743  903325  962568 1057260 1041259]
2173,[13842088   868764   951590  1062002   899624]
2174,[1040700  999971 1106523 1058997 1082185]
2175,[ 823990 1082185  840361  995785 1133018]
2176,[ 883404 1133018 1056509 5569230 1106523]
2179,[ 895166  999858 1081189  979707 1106523]
2181,[1082185  933835  914190  971922 5569471]
2182,[1082185 1106523 1029743 1092026 1055646]
2183,[1082185  916993  908531  995242  981760]
2184,[1070015 1085604 1073150 1022340 1013615]
2185,[ 979707  961554  878996  909714 5566309]
2186,[ 899624 1075368 1044078 1106523  840361]
2188,[1082185 1133018 1106523  819978 1065593]
2189,[1082185  983584  913210 1062002  937626]
2190,[ 1133018   908531 10285141  1039156 10285144]
2193,[1070820  862725 1055504 1098844  909268]
2194,[1082185  981760  995242  862349  995785]
2195,[1126899 1058997 1082185  927191  852035]
2196,[ 995242 1082185  849843  981760  844165]
2197,[5569230 1102959 1007269  879504  951590]
2198,[13842214 13842090 13842088   883404   892573]
2199,[1082185 1070820  961554  828857  916993]
2200,[ 929668  820361 1096317 9245106  833715]
2202,[1082185 1055646  840361  914190  994928]
2203,[  981760   894236  1082185 12731436   979707]
2204,[ 1044078   981760   857849   826249 10457128]
2205,[ 908531 1082185  995242  849843 1070015]
2206,[1029743  857697  954495 1098066  995242]
2207,[ 997200 1043494  915349  911311  986912]
2208,[5569230 1050229 1081479  865456  832678]
2209,[1029743 1076875  981760  995242  995785]
2211,[1082185 1126899 1060408 6533936  844179]
2212,[1111839 1082185 1055646  840361  914190]
2213,[ 962568  908846  995785  866227 1082185]
2214,[ 868764 1082185  844165 1055646  914190]
2215,[1075368 1128240 1133018 1092026  895268]
2217,[1037332  903325  923746 1082185 9338009]
2221,[1058997  900610  962568 1126899 1082185]
2222,[5569230 1136257  987562  987724 1029743]
2223,[1029743 1039156  995242  914318  834103]
2224,[1082185 1070820  923670  862349 1031087]
2225,[ 991874 1070820 1110111  862349  834158]
2226,[ 950098  935993  981660 1002130 8019273]
2228,[ 868764 1106523 1029743  923746 1133018]
2229,[ 862349 1057260 1058997 1082185 1051093]
2231,[1082185  846907  945273 1129671  961554]
2233,[ 979707  995785 1046756 1058997  832001]
2234,[1082185 1022254  854754  914190 1104343]
2235,[12731436 14106445  1071757   953180   842707]
2237,[1082185  908531 1055646  995785 1058997]
2238,[ 849843 1029743 1131550  856060  971983]
2239,[  995242   908531   999971 10285144   844165]
2240,[ 1106523  1029743  5569230  1065593 12456375]
2241,[ 995242  994928 1029743  914190 1122358]
2243,[ 971922  833025  995876 1004906  899624]
2244,[ 883404  837107 1088835 5568378 1096036]
2245,[1082185  981760  995785 1044078  938700]
2247,[1042544 1106523  883404  866211 1101173]
2248,[1077555  930917 1070015  949965  951590]
2250,[  951590   934369  1029743 12731432   995242]
2252,[1092026  916767 1128900 1058997  927191]
2253,[1029743 1133018  883404 1060408 1082185]
2256,[1051211  840361 1082185  914190 1056775]
2257,[1104349 9420312 1116376  925862 1106523]
2258,[1126899 1070845  947146 1095040 7409974]
2259,[1033615 1082185 1055646  840361  914190]
2260,[10285149  1029743 10285187 13842214   935200]
2261,[1106523  926905  944534  983584 1025581]
2262,[1082185 1019247  849843  893018 1122358]
2263,[ 849843  976199  979707  986912 6602697]
2264,[1126899  903325  860776  908846 1058997]
2266,[1082185 6602697  862349  900802  880427]
2267,[1126899  913210  849843  883404 8019977]
2269,[ 914190  826249  951590 5568729  965766]
2270,[ 909894  962229 1033615  985119  831536]
2271,[ 995242 1082185  908531  914190 1058997]
2272,[1082185  883932 1040807  932949  840227]
2273,[  998373 12524174   895540  1082185  6979089]
2274,[ 834484  962568 1082185 1009449  986912]
2275,[ 883404  916122  995242 1053690 1029743]
2276,[1082185 1029743  826658  849843  995242]
2277,[1053690 1106523 1133018  999971 5568378]
2278,[1082185  862349 1070820 1058997  901062]
2279,[ 844165  883404 1133018 8090537 1053690]
2280,[1070820 1082990  819978  862349 5569230]
2281,[1126899  913210 1082185 1046756  998352]
2282,[1028816 1082185  995785 1041259  903325]
2283,[1082185 1106523 1126899 1070820  883404]
2284,[1044259 1070820 1009187 1011300 1026984]
2285,[1058997  899446 1059891 1134633  991874]
2287,[1082185 1029743 1027168 1077490 1058997]
2288,[5568228 1058997 1070820  883404 1082185]
2289,[1029743  883404 1080414 1082185 1051069]
2290,[1029743  844165 1092026 1085604 5568378]
2291,[1111839 1138189  953134  986912 1088835]
2292,[ 916767  995242  955043 1039156  882441]
2293,[1082185 1126899  860776 6391381  866211]
2294,[  927191  1110793 14043823  1118533 14050460]
2295,[1034499 1038217 1056509  819255  999134]
2296,[1127817 1070015  913210  938700 1134294]
2297,[ 1041259  1082185  1106523 12731544  1127758]
2298,[995242 923746 849843 844179 871756]
2299,[1082185  995785 1124674 1114597  907014]
2300,[1029743 1082185  995242  929668  826249]
2301,[1029743 1057749 6979803  840601 5569230]
2302,[1029743  883404  962568  908531  995785]
2303,[1082185 1029743  903325  908531  820165]
2305,[1082185 1029743  908531  995242  983584]
2307,[1082185  883003 1138443  933835  986912]
2308,[1029743 1082185  834484  908846  970030]
2310,[1077975 6979089  844165  995242  935126]
2312,[1082185 1070820  840361  862349  916122]
2314,[1082185  962568  997506  908346  972569]
2315,[ 981760 1082185 1055646  840361  914190]
2317,[ 834484  903325 1028816  915349 1088393]
2319,[1022003 1029743 1065593 1081177 1082185]
2322,[1044259 1127831  868764 1135476  847270]
2323,[1082185 1055646  840361  914190  994928]
2324,[1082185  967760 1012913 1049906 1029743]
2325,[1082185 1055646  840361  914190  994928]
2328,[1082185 1082990 1106523 1029743  981760]
2330,[1082185 1029743  905436  840361  885290]
2331,[  856252   859075   833025   988208 15926886]
2333,[ 862349  908531  859237  909349 1029743]
2334,[  892573 13115493 13115903  5568378 13115548]
2335,[ 995242  935284  866211  899624 1057260]
2336,[ 1053690   834484   909396  5569230 10285144]
2337,[ 820165 1067695  847270 1110572 1097398]
2338,[1082185 1106523  981760  979707 1082990]
2339,[1106523 1082185  883404 1055646  840361]
2340,[5584027 5588666 5585635 5587502 1133018]
2341,[1065593 1114992 1049920 1106523  876521]
2342,[ 995242 1055646  916122 1029743  866548]
2343,[ 1029743   856060   883404   868423 10285144]
2344,[1075827  833351 1106523  834484  962568]
2345,[1029743 1106523  995242 1053763  951526]
2347,[1029743  995242  914190 1082185  833025]
2349,[ 994928  862349 5587938 7409918 1070820]
2350,[ 995242  883404  995785  908531 1029743]
2351,[ 845208  987562 1089392 1056651 1048727]
2352,[1133018  995242 1082185 1139471  860776]
2354,[1082185  916122  878996  913210  897954]
2359,[1106523 1044078  883404  990797 1133018]
2360,[1029743  889649  824005  961554 1065593]
2361,[ 1126899   823704   840227 12811532   865511]
2363,[ 944137 6602697 1070820 1033142  995785]
2364,[1055646 1082185  840361  914190  994928]
2366,[ 995242 1044078  883404 1066069  908531]
2368,[ 883404  995242 1029743  868764 1126899]
2369,[1082185  951590 1029743 1128812  995242]
2370,[1110409  923746  914190  987562  981760]
2372,[1082185  982469  927191  981760  946977]
2373,[1082185 1055646  840361  914190  994928]
2374,[1082185 1070820  923746  908531  914190]
2375,[1133018  899624  845208  860776  923746]
2376,[10285149 10285187   935200   862349  1033846]
2377,[ 883404 1055646  866211 1096036  861272]
2378,[1029743  995242  995785  914190  961554]
2379,[1137688  854405 1058997  903325 5569327]
2380,[1082185  995242 1029743  825618  951703]
2381,[ 849843 1065593  916122 1044078  895930]
2385,[1029743 1106523 1065593 1133018  910032]
2386,[1029743 1009187  883404 1050851 1070820]
2387,[ 940947 1126899  911812 1058997  848029]
2388,[1106523  890455  984491 1050915  928555]
2389,[1029743  937292  995242  995785 1082185]
2392,[ 995785 1004906 1050131 1036432 1068719]
2393,[1082185 1094924  863447 1057260  982989]
2394,[1096317  987724 1082185  995785  861272]
2395,[ 923746 1041157 1029743  965963 5569230]
2397,[ 883932 1082185  981760  951590 5569792]
2399,[1106523  883404 1082185 1085604 1055646]
2400,[ 909894  838186 1138189 1014948 1046055]
2401,[1106523 1082185 1119051  845208  848029]
2404,[1082185 1055646  840361  914190  994928]
2405,[6602697  981760 1029743 1082185  923746]
2406,[1126899 1082185  878996  923746  910109]
2407,[ 995242  976199 1039156  900586 1096036]
2408,[1029743  908318 1082185 1000753 1138443]
2410,[1106523 1082185 1037840  981760 1048462]
2412,[ 9836106  1053690   844165 13841744  1092026]
2416,[1139782 1098844 1058997  981760 1126899]
2418,[1029743  863664  844023 1022003  844165]
2420,[1068719 1004906  951590 1106523  944534]
2421,[ 903325 1138443 5569471 1070820  999104]
2424,[ 962229 1029743 9705473  951590 1137483]
2425,[1029743 1082185 1070820 7167853 5995597]
2426,[1058404 1009449 1029743  995242  904422]
2427,[1135460  869868 1058997  856252  889649]
2429,[1106523 1029743  995242 1082185 1044078]
2431,[ 999971  912681 1004906 1022254 1106523]
2434,[1033615 1131344 1096036 1133018 1044078]
2435,[1029743  899624  923746  908531 1092026]
2437,[1082185 1070820 1029743  885290  901062]
2438,[1107553  919766  861272 8090556  951412]
2439,[1058997 1082185 1126899 1070820 1106523]
2440,[1070015 1133018 1106523  981760  923746]
2441,[1082185  995242  908531 1029743 1023958]
2442,[ 849843 1082185 1126899 1058997 5569230]
2445,[1046243 1080706 1037635  864033  889319]
2446,[1044259 1082185 1037863  995785  833025]
2447,[1082185  883186  868764 9705473 1058997]
2448,[1106523 1082185  993638  914190 1004906]
2449,[ 979707 1058997 1126899 1115098  834484]
2450,[1082185  862349  976199 1121384  847270]
2451,[1058997  903325  862349  834484  878996]
2452,[ 945779 9527487  844165  904375 1113588]
2453,[1082185 1070820 1053690  862349  976199]
2455,[ 983795 1029743  883404  933835 1131321]
2456,[1058997  902856  995242 1126899  888532]
2457,[1106523 1133018 1082185  901062  883404]
2458,[1058997  965842  901062  970030 1041796]
2459,[9526628  918638  927191 1031492  889779]
2460,[ 5569230  5569471  1082990 13842214   878715]
2461,[ 854405 1058997  907014 1091520 1022254]
2462,[916122 961554 979707 962568 995785]
2464,[1082185 1070820  862349 1051211  840361]
2465,[ 986912  856252 1037863 1133018 1052912]
2466,[1029743  859075 1118598  845537  824555]
2467,[1036501 1058997 1126899  908531 1073150]
2470,[ 959076  979707  821083 6391381 1039156]
2471,[  923746  1058997 13008321  1095700  1029743]
2472,[1029743  930118  970030 1082185 1068292]
2475,[1082185 1070820 5569471  995785 1055646]
2477,[1058997  916122  840361  834484 1098844]
2478,[ 1082185 10285149  1107289 10285187   965766]
2479,[1003188 1026118 1070272  910032  868764]
2481,[1029743 1082185  868764  844165 1126899]
2482,[1106523  999971 1029743  945779 1082185]
2483,[1082185  995242  849843  871279  846241]
2484,[849843 927191 883404 899624 913210]
2485,[ 951703  825618 1083446  871433  951102]
2486,[1022003  825618  929668  951703  911812]
2488,[ 972665  977854 1082185 1070820  891961]
2489,[9338009 1048727  843464  850645  841309]
2492,[1106523 1003188  986912  883404 1053690]
2494,[1082185  862349 1004906  840361 1029743]
2496,[ 916122 1082185 1106523 5569230  899624]
2497,[ 834484  995785  860776 1070820  896938]
2498,[1070820 1082185  901776 1092026 1022066]
2499,[5568378 5569327 1060872  951590  883404]
2500,[1082185 1058997 1056509 1064945  995242]
