-- MySQL dump 10.13  Distrib 8.0.20, for Linux (x86_64)
--
-- Host: localhost    Database: example
-- ------------------------------------------------------
-- Server version	8.0.20-0ubuntu0.20.04.1

/*!40101 SET @OLD_CHARACTER_SET_CLIENT=@@CHARACTER_SET_CLIENT */;
/*!40101 SET @OLD_CHARACTER_SET_RESULTS=@@CHARACTER_SET_RESULTS */;
/*!40101 SET @OLD_COLLATION_CONNECTION=@@COLLATION_CONNECTION */;
/*!50503 SET NAMES utf8mb4 */;
/*!40103 SET @OLD_TIME_ZONE=@@TIME_ZONE */;
/*!40103 SET TIME_ZONE='+00:00' */;
/*!40014 SET @OLD_UNIQUE_CHECKS=@@UNIQUE_CHECKS, UNIQUE_CHECKS=0 */;
/*!40014 SET @OLD_FOREIGN_KEY_CHECKS=@@FOREIGN_KEY_CHECKS, FOREIGN_KEY_CHECKS=0 */;
/*!40101 SET @OLD_SQL_MODE=@@SQL_MODE, SQL_MODE='NO_AUTO_VALUE_ON_ZERO' */;
/*!40111 SET @OLD_SQL_NOTES=@@SQL_NOTES, SQL_NOTES=0 */;

--
-- Table structure for table `communities`
--

DROP TABLE IF EXISTS `communities`;
/*!40101 SET @saved_cs_client     = @@character_set_client */;
/*!50503 SET character_set_client = utf8mb4 */;
CREATE TABLE `communities` (
  `id` int unsigned NOT NULL AUTO_INCREMENT COMMENT '????????????? ?????',
  `name` varchar(150) CHARACTER SET utf8 COLLATE utf8_unicode_ci NOT NULL COMMENT '???????? ??????',
  `created_at` datetime DEFAULT CURRENT_TIMESTAMP COMMENT '????? ???????? ??????',
  `updated_at` datetime DEFAULT CURRENT_TIMESTAMP ON UPDATE CURRENT_TIMESTAMP COMMENT '????? ?????????? ??????',
  PRIMARY KEY (`id`),
  UNIQUE KEY `name` (`name`)
) ENGINE=InnoDB AUTO_INCREMENT=46 DEFAULT CHARSET=utf8 COLLATE=utf8_unicode_ci COMMENT='??????';
/*!40101 SET character_set_client = @saved_cs_client */;

--
-- Dumping data for table `communities`
--

LOCK TABLES `communities` WRITE;
/*!40000 ALTER TABLE `communities` DISABLE KEYS */;
INSERT INTO `communities` VALUES (1,'maiores','1992-02-28 00:00:00','2013-01-13 00:00:00'),(2,'numquam','2008-05-20 00:00:00','1989-08-31 00:00:00'),(3,'nihil','1983-09-21 00:00:00','2011-05-09 00:00:00'),(4,'doloribus','2008-03-24 00:00:00','2002-06-28 00:00:00'),(5,'corrupti','1999-02-02 00:00:00','1978-02-11 00:00:00'),(6,'voluptatem','2020-05-01 00:00:00','1982-01-25 00:00:00'),(7,'consequuntur','1992-04-18 00:00:00','2004-05-02 00:00:00'),(8,'voluptas','1995-10-27 00:00:00','2012-07-18 00:00:00'),(9,'quidem','1984-09-23 00:00:00','1980-03-20 00:00:00'),(10,'esse','1985-01-17 00:00:00','1980-12-14 00:00:00'),(11,'illum','2003-05-03 00:00:00','1986-10-25 00:00:00'),(12,'unde','1973-09-23 00:00:00','2019-08-13 00:00:00'),(13,'consequatur','1976-01-04 00:00:00','2006-03-07 00:00:00'),(14,'animi','2008-05-28 00:00:00','1989-08-08 00:00:00'),(15,'autem','1991-03-18 00:00:00','1976-10-16 00:00:00'),(16,'est','1982-12-01 00:00:00','1989-08-06 00:00:00'),(17,'sequi','1975-12-05 00:00:00','1999-08-31 00:00:00'),(18,'amet','1974-04-12 00:00:00','1994-11-12 00:00:00'),(19,'voluptatum','1987-10-29 00:00:00','1982-03-15 00:00:00'),(20,'aliquid','2015-01-14 00:00:00','1978-02-16 00:00:00'),(21,'omnis','2005-10-16 00:00:00','2019-12-12 00:00:00'),(22,'similique','1977-09-27 00:00:00','2010-02-07 00:00:00'),(23,'et','1975-12-09 00:00:00','2014-04-21 00:00:00'),(24,'molestiae','1997-05-21 00:00:00','1985-09-15 00:00:00'),(25,'sed','1984-07-02 00:00:00','1995-08-30 00:00:00'),(26,'maxime','2003-04-04 00:00:00','1995-07-19 00:00:00'),(27,'neque','2001-07-18 00:00:00','1975-01-06 00:00:00'),(28,'eveniet','1982-05-20 00:00:00','1974-06-30 00:00:00'),(29,'atque','1973-05-17 00:00:00','1977-03-27 00:00:00'),(30,'perferendis','2005-09-03 00:00:00','1989-08-18 00:00:00'),(31,'voluptate','1971-01-24 00:00:00','1981-09-27 00:00:00'),(32,'iure','1988-08-14 00:00:00','1974-09-28 00:00:00'),(33,'nemo','1991-11-10 00:00:00','2009-11-07 00:00:00'),(34,'dolores','1994-01-08 00:00:00','2000-06-16 00:00:00'),(35,'rerum','1974-02-05 00:00:00','1988-09-19 00:00:00'),(36,'cumque','1975-10-25 00:00:00','2001-09-16 00:00:00'),(37,'iusto','2006-08-06 00:00:00','1999-01-04 00:00:00'),(38,'minima','2005-01-03 00:00:00','1972-06-19 00:00:00'),(39,'quos','1977-09-09 00:00:00','2014-09-23 00:00:00'),(40,'inventore','2013-06-21 00:00:00','1970-05-09 00:00:00'),(41,'sunt','2016-11-26 00:00:00','2004-09-04 00:00:00'),(42,'expedita','2001-10-04 00:00:00','1970-06-28 00:00:00'),(43,'cupiditate','1971-09-05 00:00:00','2008-01-10 00:00:00'),(44,'ut','1976-10-14 00:00:00','1990-05-30 00:00:00'),(45,'tempore','2006-11-26 00:00:00','2005-01-17 00:00:00');
/*!40000 ALTER TABLE `communities` ENABLE KEYS */;
UNLOCK TABLES;

--
-- Table structure for table `communities_users`
--

DROP TABLE IF EXISTS `communities_users`;
/*!40101 SET @saved_cs_client     = @@character_set_client */;
/*!50503 SET character_set_client = utf8mb4 */;
CREATE TABLE `communities_users` (
  `community_id` int unsigned NOT NULL COMMENT '?????? ?? ??????',
  `user_id` int unsigned NOT NULL COMMENT '?????? ?? ????????????',
  `created_at` datetime DEFAULT CURRENT_TIMESTAMP COMMENT '????? ???????? ??????',
  PRIMARY KEY (`community_id`,`user_id`) COMMENT '????????? ????????? ????'
) ENGINE=InnoDB DEFAULT CHARSET=utf8 COLLATE=utf8_unicode_ci COMMENT='????????? ?????, ????? ????? ?????????????? ? ????????';
/*!40101 SET character_set_client = @saved_cs_client */;

--
-- Dumping data for table `communities_users`
--

LOCK TABLES `communities_users` WRITE;
/*!40000 ALTER TABLE `communities_users` DISABLE KEYS */;
INSERT INTO `communities_users` VALUES (1,1,'1976-01-16 12:09:28'),(1,6,'1978-12-19 08:34:31'),(1,16,'1981-02-23 04:05:37'),(1,26,'1980-04-26 10:27:21'),(1,36,'1990-02-11 14:38:14'),(1,46,'2019-08-08 20:18:21'),(1,51,'1990-08-23 07:37:26'),(1,61,'1999-06-30 08:01:04'),(1,71,'1988-10-06 12:45:36'),(1,81,'2016-03-08 04:47:16'),(1,91,'1970-10-20 10:23:51'),(1,96,'2010-08-06 02:51:08'),(2,2,'1975-09-12 10:26:46'),(2,7,'2013-10-09 12:52:49'),(2,17,'1970-11-11 05:51:32'),(2,27,'2020-06-21 14:02:15'),(2,37,'2020-05-21 18:58:18'),(2,47,'1981-07-29 13:11:11'),(2,52,'1991-11-13 07:18:48'),(2,62,'1983-08-08 02:12:30'),(2,72,'1992-02-25 06:54:24'),(2,82,'1989-12-27 03:48:48'),(2,92,'1998-11-08 05:00:42'),(2,97,'1988-10-05 15:56:05'),(3,3,'1987-12-04 23:13:07'),(3,8,'1973-06-30 10:10:11'),(3,18,'1975-01-08 04:01:49'),(3,28,'1970-10-18 22:09:20'),(3,38,'2006-11-25 07:36:08'),(3,48,'2017-09-29 14:43:30'),(3,53,'2001-06-03 17:51:44'),(3,63,'1977-04-17 19:42:38'),(3,73,'2017-02-26 03:20:48'),(3,83,'1975-04-30 18:04:35'),(3,93,'2000-09-15 10:55:07'),(3,98,'2011-12-10 22:14:49'),(4,4,'1986-11-18 07:15:41'),(4,9,'1996-09-19 06:27:53'),(4,19,'1986-02-19 12:02:19'),(4,29,'1999-09-22 05:45:15'),(4,39,'1973-04-12 12:21:38'),(4,49,'1994-11-23 16:59:44'),(4,54,'2011-06-17 15:53:57'),(4,64,'2002-07-23 04:05:59'),(4,74,'2011-09-14 22:21:41'),(4,84,'2015-01-27 12:18:28'),(4,94,'1998-06-22 18:38:50'),(4,99,'2006-10-02 22:16:53'),(5,5,'2008-12-01 10:28:55'),(5,10,'2008-04-12 02:56:30'),(5,20,'1999-11-20 22:07:40'),(5,30,'1991-12-04 06:52:24'),(5,40,'1976-06-22 18:24:48'),(5,50,'1972-06-05 15:34:53'),(5,55,'2003-03-25 12:44:30'),(5,65,'2012-06-17 18:41:48'),(5,75,'1972-01-10 09:19:47'),(5,85,'1987-09-25 18:34:11'),(5,95,'1975-04-06 01:23:53'),(5,100,'1992-08-06 08:01:34'),(6,6,'2017-04-27 08:28:31'),(6,11,'1994-07-02 04:43:49'),(6,21,'1993-02-11 03:25:17'),(6,31,'1975-02-16 23:55:57'),(6,41,'2000-03-21 12:39:00'),(6,51,'2010-01-23 15:09:17'),(6,56,'1979-12-15 13:42:11'),(6,66,'1972-02-18 23:36:13'),(6,76,'1999-02-24 06:20:41'),(6,86,'2007-02-21 14:40:31'),(6,96,'2013-06-08 09:06:04'),(7,7,'1992-08-10 06:32:41'),(7,12,'1992-12-16 18:25:19'),(7,22,'1987-05-26 02:14:51'),(7,32,'2007-10-16 09:07:13'),(7,42,'2008-08-06 18:12:07'),(7,52,'1995-12-30 15:08:53'),(7,57,'2010-08-16 17:47:19'),(7,67,'1992-12-12 14:27:13'),(7,77,'1993-02-26 13:42:53'),(7,87,'2010-05-14 05:36:22'),(7,97,'1976-04-11 08:21:12'),(8,8,'1997-08-21 13:21:47'),(8,13,'1978-05-09 08:06:21'),(8,23,'1984-01-06 10:44:14'),(8,33,'2007-08-08 14:07:01'),(8,43,'2013-03-22 14:17:08'),(8,53,'2014-02-20 03:56:24'),(8,58,'1981-08-24 19:14:51'),(8,68,'1973-12-05 23:24:06'),(8,78,'1993-06-27 09:51:53'),(8,88,'1994-02-21 23:40:55'),(8,98,'1996-07-03 08:40:56'),(9,9,'1988-07-10 08:46:03'),(9,14,'2020-01-25 01:24:00'),(9,24,'2001-06-02 19:13:28'),(9,34,'2003-10-07 05:20:46'),(9,44,'2004-06-30 01:58:29'),(9,54,'1992-01-07 19:16:14'),(9,59,'1995-06-09 15:02:08'),(9,69,'1995-03-09 00:55:40'),(9,79,'1984-11-26 02:11:52'),(9,89,'1977-11-26 01:45:23'),(9,99,'2002-07-21 23:47:32'),(10,10,'1998-01-18 23:05:06'),(10,15,'2011-05-30 19:25:38'),(10,25,'1981-01-28 13:22:42'),(10,35,'1988-11-26 12:49:24'),(10,45,'1993-05-28 03:43:33'),(10,55,'1980-04-14 05:15:29'),(10,60,'2014-04-04 00:52:17'),(10,70,'2003-09-04 15:57:13'),(10,80,'1986-10-16 05:08:37'),(10,90,'2009-09-04 09:54:05'),(10,100,'2011-11-17 08:51:30'),(11,1,'1978-01-27 00:03:05'),(11,11,'1978-08-29 05:26:52'),(11,16,'2011-08-05 04:20:45'),(11,26,'1994-05-05 23:17:16'),(11,36,'2003-10-09 07:43:48'),(11,46,'1990-08-03 11:15:26'),(11,56,'2003-08-18 18:06:09'),(11,61,'1982-07-07 14:07:01'),(11,71,'1977-02-16 03:42:37'),(11,81,'1984-10-24 02:48:51'),(11,91,'2009-11-21 00:09:26'),(12,2,'2018-03-05 08:44:57'),(12,12,'1997-03-26 18:22:45'),(12,17,'2001-11-26 10:22:49'),(12,27,'1983-06-11 14:50:48'),(12,37,'1994-10-04 21:48:24'),(12,47,'1982-06-11 11:59:58'),(12,57,'2008-02-20 13:18:06'),(12,62,'1974-02-24 21:25:18'),(12,72,'2011-03-13 07:37:32'),(12,82,'1986-09-09 15:46:47'),(12,92,'1982-10-29 17:58:13'),(13,3,'1982-03-17 02:38:15'),(13,13,'2004-05-15 03:13:57'),(13,18,'2015-08-28 10:09:48'),(13,28,'1990-12-01 12:48:49'),(13,38,'2019-10-13 22:54:16'),(13,48,'2002-09-19 18:00:13'),(13,58,'2001-04-06 01:44:19'),(13,63,'1971-07-28 22:26:45'),(13,73,'1998-08-27 15:12:07'),(13,83,'1985-02-05 16:44:48'),(13,93,'2008-03-26 11:02:30'),(14,4,'2008-05-14 14:09:52'),(14,14,'1972-06-26 22:52:19'),(14,19,'2003-07-04 11:31:38'),(14,29,'2001-03-11 04:55:02'),(14,39,'1984-06-17 01:01:52'),(14,49,'1971-12-21 15:02:15'),(14,59,'1970-03-28 12:16:25'),(14,64,'1992-05-12 21:30:12'),(14,74,'2000-10-16 09:14:40'),(14,84,'1987-04-03 21:35:42'),(14,94,'1996-11-16 05:42:28'),(15,5,'1993-10-16 09:50:03'),(15,15,'1988-12-21 18:00:21'),(15,20,'1975-05-15 23:34:28'),(15,30,'1975-07-30 09:18:14'),(15,40,'1976-04-02 14:25:26'),(15,50,'2003-11-27 12:23:01'),(15,60,'1985-07-14 23:20:27'),(15,65,'1976-01-25 01:16:01'),(15,75,'1970-03-16 01:33:23'),(15,85,'2013-07-28 00:25:11'),(15,95,'2020-04-04 03:34:05'),(16,6,'1974-08-02 12:24:35'),(16,16,'2018-07-07 09:53:41'),(16,21,'2005-07-11 09:33:46'),(16,31,'1986-12-03 00:42:03'),(16,41,'2007-03-26 17:50:26'),(16,51,'1991-09-11 16:15:42'),(16,61,'2000-04-27 16:16:07'),(16,66,'1985-12-20 21:12:40'),(16,76,'1977-11-07 14:47:13'),(16,86,'1974-06-29 14:57:23'),(16,96,'1988-10-18 16:28:19'),(17,7,'2006-12-06 02:27:10'),(17,17,'2013-04-03 17:49:51'),(17,22,'2001-06-29 06:41:17'),(17,32,'1985-09-10 10:40:23'),(17,42,'2008-10-05 04:59:23'),(17,52,'1977-08-22 14:12:04'),(17,62,'1991-07-10 11:14:08'),(17,67,'1970-10-19 03:47:06'),(17,77,'2000-06-30 17:43:08'),(17,87,'2000-08-29 16:11:59'),(17,97,'1998-09-25 14:45:56'),(18,8,'1971-03-08 15:15:09'),(18,18,'1984-02-11 21:12:40'),(18,23,'1981-07-31 04:04:50'),(18,33,'1977-06-21 01:34:46'),(18,43,'1977-08-18 23:02:16'),(18,53,'2008-12-04 01:50:26'),(18,63,'1988-05-02 23:28:07'),(18,68,'1980-02-18 23:49:22'),(18,78,'1986-06-10 09:04:02'),(18,88,'1982-06-05 04:22:30'),(18,98,'2007-07-26 13:27:00'),(19,9,'1977-06-09 19:32:58'),(19,19,'1981-12-23 13:47:43'),(19,24,'2017-01-08 12:39:46'),(19,34,'2019-08-16 17:44:59'),(19,44,'1983-07-09 00:20:15'),(19,54,'2003-02-19 04:33:24'),(19,64,'1974-06-28 15:51:00'),(19,69,'2011-11-23 20:32:42'),(19,79,'2012-07-01 04:37:57'),(19,89,'1985-06-01 15:18:56'),(19,99,'1986-08-06 21:48:24'),(20,10,'2004-04-04 04:21:05'),(20,20,'1997-04-27 01:59:32'),(20,25,'2017-12-09 06:13:18'),(20,35,'2003-01-22 20:17:00'),(20,45,'1983-04-20 14:42:15'),(20,55,'1970-04-16 21:46:49'),(20,65,'1992-09-14 14:15:03'),(20,70,'2017-12-02 10:08:05'),(20,80,'1976-11-09 00:47:22'),(20,90,'1979-08-17 18:32:45'),(20,100,'1999-01-10 07:26:04'),(21,1,'2016-07-02 17:21:58'),(21,11,'2018-10-23 12:07:08'),(21,21,'2004-01-03 03:12:04'),(21,26,'1980-06-29 16:10:29'),(21,36,'2016-09-21 03:40:39'),(21,46,'1976-07-26 06:07:16'),(21,56,'2000-06-05 11:25:17'),(21,66,'1986-02-03 05:48:22'),(21,71,'2016-06-28 17:03:25'),(21,81,'1993-05-03 15:01:12'),(21,91,'2004-04-11 09:10:44'),(22,2,'1990-06-10 11:00:20'),(22,12,'1979-04-27 05:24:44'),(22,22,'1985-05-11 14:11:40'),(22,27,'1978-06-03 05:05:43'),(22,37,'2004-05-10 10:51:54'),(22,47,'2012-12-21 12:58:28'),(22,57,'1991-12-22 23:10:37'),(22,67,'2018-03-28 08:17:55'),(22,72,'2000-06-23 03:23:38'),(22,82,'1986-04-24 20:15:21'),(22,92,'1973-11-30 00:00:33'),(23,3,'2000-01-03 19:48:06'),(23,13,'1993-11-19 12:55:54'),(23,23,'2018-12-30 22:53:44'),(23,28,'2018-07-23 16:55:44'),(23,38,'1979-01-13 11:01:32'),(23,48,'2019-02-12 14:35:22'),(23,58,'1989-07-01 01:41:14'),(23,68,'2014-03-31 21:33:33'),(23,73,'1973-03-18 05:39:08'),(23,83,'1997-11-20 15:43:40'),(23,93,'1973-12-08 12:59:33'),(24,4,'1995-03-01 00:19:17'),(24,14,'2003-07-31 22:01:03'),(24,24,'2000-11-20 02:58:20'),(24,29,'2003-08-09 01:43:32'),(24,39,'1977-08-28 11:24:51'),(24,49,'2001-01-25 09:25:24'),(24,59,'1994-11-02 14:45:56'),(24,69,'1998-03-07 20:57:37'),(24,74,'1994-03-24 05:23:16'),(24,84,'1984-01-09 07:49:34'),(24,94,'2013-02-22 15:44:21'),(25,5,'2007-10-29 04:31:55'),(25,15,'1998-09-02 15:13:41'),(25,25,'2004-04-02 03:29:59'),(25,30,'2010-12-02 00:47:58'),(25,40,'1999-11-18 08:00:28'),(25,50,'2016-02-13 18:00:34'),(25,60,'1971-09-09 02:00:55'),(25,70,'1986-11-08 19:44:17'),(25,75,'1975-07-04 10:32:25'),(25,85,'1970-11-14 08:49:38'),(25,95,'2006-10-12 03:50:20'),(26,6,'2018-12-28 22:41:51'),(26,16,'1985-05-18 07:03:30'),(26,26,'2016-03-31 20:58:36'),(26,31,'2017-01-10 07:58:58'),(26,41,'1978-03-27 08:07:31'),(26,51,'1976-02-07 09:48:38'),(26,61,'2013-11-17 19:24:02'),(26,71,'2019-05-22 12:49:24'),(26,76,'2002-11-19 21:19:43'),(26,86,'1989-01-16 09:59:01'),(26,96,'2005-05-25 01:48:29'),(27,7,'1996-06-08 16:32:24'),(27,17,'2003-12-24 23:40:24'),(27,27,'1996-09-18 21:06:47'),(27,32,'2008-09-09 14:13:18'),(27,42,'1979-01-24 18:40:12'),(27,52,'1980-11-10 18:28:25'),(27,62,'2012-08-12 19:14:26'),(27,72,'2012-01-14 10:50:30'),(27,77,'1980-09-17 15:30:43'),(27,87,'2016-08-14 15:43:15'),(27,97,'1979-05-01 09:20:38'),(28,8,'1970-05-23 05:59:24'),(28,18,'1977-12-05 18:27:13'),(28,28,'2004-02-10 03:26:33'),(28,33,'2002-01-08 13:07:17'),(28,43,'1971-02-28 03:27:03'),(28,53,'1988-01-02 03:57:11'),(28,63,'1974-04-22 00:36:49'),(28,73,'1981-06-08 01:13:17'),(28,78,'2000-03-07 10:14:16'),(28,88,'1998-12-22 07:06:40'),(28,98,'2005-06-08 12:34:56'),(29,9,'2020-06-14 16:56:58'),(29,19,'1991-09-05 02:02:14'),(29,29,'1976-11-15 20:48:06'),(29,34,'2010-08-25 03:46:20'),(29,44,'1972-03-04 03:33:26'),(29,54,'2017-03-19 06:21:27'),(29,64,'2001-12-29 20:06:22'),(29,74,'1993-12-10 09:11:54'),(29,79,'1999-03-04 10:01:54'),(29,89,'2005-05-13 01:35:18'),(29,99,'2009-01-06 06:24:36'),(30,10,'2016-07-18 06:59:49'),(30,20,'2005-01-18 06:20:22'),(30,30,'2015-05-15 17:01:36'),(30,35,'1993-06-02 21:02:16'),(30,45,'1986-04-25 04:31:55'),(30,55,'1987-11-05 09:34:56'),(30,65,'1976-12-15 06:13:25'),(30,75,'1990-08-29 02:42:09'),(30,80,'2017-06-13 18:15:23'),(30,90,'1989-02-03 17:14:38'),(30,100,'1996-07-11 04:20:11'),(31,1,'2005-06-19 02:11:45'),(31,11,'1997-06-13 00:55:58'),(31,21,'2010-10-08 09:13:40'),(31,31,'1983-10-07 09:35:49'),(31,36,'1991-07-17 23:59:09'),(31,46,'1975-01-02 19:38:50'),(31,56,'1973-04-30 09:07:35'),(31,66,'1981-05-18 09:58:40'),(31,76,'1970-04-26 21:04:17'),(31,81,'2011-08-28 17:17:59'),(31,91,'1972-11-23 10:04:13'),(32,2,'2006-05-08 10:34:47'),(32,12,'2015-07-21 20:01:26'),(32,22,'1983-11-26 09:36:52'),(32,32,'2014-03-01 13:14:23'),(32,37,'1993-04-08 05:12:17'),(32,47,'2014-12-14 13:48:02'),(32,57,'2010-09-29 11:14:57'),(32,67,'2016-03-13 15:17:54'),(32,77,'1979-12-25 03:08:11'),(32,82,'1996-05-04 04:13:10'),(32,92,'2011-04-11 13:12:37'),(33,3,'1981-02-15 17:55:02'),(33,13,'2006-06-20 12:26:56'),(33,23,'2005-11-16 13:15:12'),(33,33,'1977-12-16 02:26:36'),(33,38,'1977-10-31 16:08:44'),(33,48,'1994-09-11 21:37:26'),(33,58,'1972-06-30 00:01:41'),(33,68,'1984-06-26 07:10:48'),(33,78,'2002-01-23 01:37:12'),(33,83,'2006-09-05 10:54:20'),(33,93,'2000-07-12 04:42:53'),(34,4,'1978-04-11 16:35:23'),(34,14,'2020-03-16 06:35:58'),(34,24,'1978-11-06 20:40:20'),(34,34,'1974-05-02 07:17:43'),(34,39,'1980-10-31 07:53:58'),(34,49,'2006-06-26 19:50:00'),(34,59,'1995-01-07 10:55:10'),(34,69,'1978-03-13 08:43:02'),(34,79,'1987-06-19 00:37:00'),(34,84,'2015-05-16 11:29:43'),(34,94,'1985-04-24 17:26:16'),(35,5,'1993-11-01 06:29:40'),(35,15,'1980-07-26 16:02:54'),(35,25,'1986-12-24 20:01:22'),(35,35,'2014-08-02 03:02:18'),(35,40,'2000-12-31 15:15:44'),(35,50,'1985-09-05 04:54:15'),(35,60,'2002-04-29 06:58:15'),(35,70,'1985-09-11 02:11:32'),(35,80,'1992-11-21 04:56:01'),(35,85,'2002-03-28 22:03:37'),(35,95,'1972-04-24 12:46:33'),(36,6,'1970-01-16 21:20:00'),(36,16,'2004-02-11 08:54:08'),(36,26,'1991-07-07 07:17:16'),(36,36,'1978-07-27 01:31:15'),(36,41,'1991-12-06 04:04:48'),(36,51,'2005-08-27 21:22:14'),(36,61,'2000-08-06 14:57:49'),(36,71,'1971-11-10 05:43:53'),(36,81,'1990-09-27 02:44:51'),(36,86,'2011-01-14 07:18:42'),(36,96,'1983-12-09 05:16:56'),(37,7,'1987-06-09 14:02:38'),(37,17,'1993-10-01 06:44:44'),(37,27,'1979-10-16 22:37:06'),(37,37,'2001-11-17 07:08:46'),(37,42,'1981-09-12 23:40:20'),(37,52,'1980-09-21 10:07:11'),(37,62,'2004-05-31 10:54:37'),(37,72,'1985-07-09 05:39:52'),(37,82,'1982-06-28 02:48:23'),(37,87,'2008-03-23 01:54:40'),(37,97,'2005-04-28 16:30:59'),(38,8,'2013-08-02 12:54:03'),(38,18,'1972-08-22 00:07:28'),(38,28,'1989-03-05 19:08:23'),(38,38,'1974-12-30 19:25:49'),(38,43,'2011-10-30 12:37:25'),(38,53,'2000-09-19 12:41:17'),(38,63,'1975-10-15 23:44:05'),(38,73,'1991-12-29 19:32:52'),(38,83,'1995-10-11 16:44:23'),(38,88,'2017-09-23 19:28:45'),(38,98,'1998-12-15 03:26:56'),(39,9,'1993-07-31 11:57:44'),(39,19,'2013-10-03 11:53:35'),(39,29,'1973-05-19 02:35:07'),(39,39,'1981-06-14 23:22:21'),(39,44,'1981-12-24 05:27:25'),(39,54,'1999-01-04 07:18:59'),(39,64,'1980-10-17 20:46:40'),(39,74,'2004-10-17 00:57:15'),(39,84,'2016-12-28 19:38:33'),(39,89,'1979-04-17 16:54:34'),(39,99,'2019-07-10 05:43:33'),(40,10,'1990-05-27 11:39:33'),(40,20,'2001-05-03 04:09:10'),(40,30,'2002-04-18 10:38:15'),(40,40,'1985-07-25 23:20:27'),(40,45,'1981-08-23 04:28:45'),(40,55,'2017-04-28 19:00:25'),(40,65,'1993-06-27 13:00:45'),(40,75,'2002-10-14 15:31:45'),(40,85,'2001-09-27 03:09:16'),(40,90,'2015-09-19 22:22:32'),(40,100,'2008-10-19 21:20:59'),(41,1,'2006-04-30 01:34:42'),(41,11,'2015-02-11 06:34:00'),(41,21,'1992-03-16 22:30:47'),(41,31,'2003-02-19 09:01:12'),(41,41,'2016-06-17 22:15:31'),(41,46,'1995-10-30 16:15:33'),(41,56,'1987-10-07 02:01:59'),(41,66,'2019-04-22 21:02:53'),(41,76,'1990-03-31 05:20:39'),(41,86,'1992-08-09 19:42:35'),(41,91,'1976-11-15 14:11:22'),(42,2,'1998-01-18 21:58:30'),(42,12,'2017-04-11 04:45:42'),(42,22,'1980-02-01 07:18:22'),(42,32,'2011-03-31 11:14:49'),(42,42,'1997-04-28 19:59:35'),(42,47,'1984-09-02 17:55:30'),(42,57,'1986-06-05 05:13:57'),(42,67,'1972-01-12 14:10:24'),(42,77,'1977-09-18 12:13:54'),(42,87,'2012-03-21 21:13:34'),(42,92,'1975-08-27 07:39:23'),(43,3,'2001-02-22 05:56:01'),(43,13,'1990-06-25 10:04:00'),(43,23,'2001-04-29 03:53:17'),(43,33,'1986-01-14 10:25:36'),(43,43,'2007-08-20 00:20:28'),(43,48,'1985-12-12 15:30:04'),(43,58,'2001-09-06 14:07:32'),(43,68,'2003-11-03 11:34:22'),(43,78,'1986-03-05 08:14:39'),(43,88,'1977-06-01 22:26:31'),(43,93,'1984-04-08 04:13:40'),(44,4,'1973-07-04 20:56:27'),(44,14,'2020-03-22 06:13:52'),(44,24,'1985-01-27 20:42:47'),(44,34,'1972-07-04 07:58:57'),(44,44,'2013-08-18 10:12:23'),(44,49,'1984-01-07 03:58:51'),(44,59,'1994-11-25 21:16:33'),(44,69,'1987-11-13 00:53:47'),(44,79,'1978-05-13 01:34:17'),(44,89,'2008-08-04 10:32:45'),(44,94,'2010-08-25 08:42:02'),(45,5,'1970-09-20 09:35:51'),(45,15,'2005-08-10 12:38:48'),(45,25,'1987-04-19 14:10:47'),(45,35,'1997-12-25 01:06:20'),(45,45,'1971-08-05 12:51:24'),(45,50,'2009-12-04 21:50:18'),(45,60,'1987-04-05 11:24:19'),(45,70,'2007-12-03 05:42:18'),(45,80,'1982-06-24 03:26:14'),(45,90,'2018-12-15 11:41:35'),(45,95,'1997-10-05 06:28:34');
/*!40000 ALTER TABLE `communities_users` ENABLE KEYS */;
UNLOCK TABLES;

--
-- Table structure for table `friendship`
--

DROP TABLE IF EXISTS `friendship`;
/*!40101 SET @saved_cs_client     = @@character_set_client */;
/*!50503 SET character_set_client = utf8mb4 */;
CREATE TABLE `friendship` (
  `user_id` int unsigned NOT NULL COMMENT '?????? ?? ?????????? ????????? ?????????',
  `friend_id` int unsigned NOT NULL COMMENT '?????? ?? ?????????? ??????????? ???????',
  `status_id` int unsigned NOT NULL COMMENT '?????? ?? ?????? (??????? ?????????) ?????????',
  `requested_at` datetime DEFAULT CURRENT_TIMESTAMP COMMENT '????? ??????????? ??????????? ???????',
  `confirmed_at` datetime DEFAULT NULL COMMENT '????? ????????????? ???????????',
  `created_at` datetime DEFAULT CURRENT_TIMESTAMP COMMENT '????? ???????? ??????',
  `updated_at` datetime DEFAULT CURRENT_TIMESTAMP ON UPDATE CURRENT_TIMESTAMP COMMENT '????? ?????????? ??????',
  PRIMARY KEY (`user_id`,`friend_id`) COMMENT '????????? ????????? ????'
) ENGINE=InnoDB DEFAULT CHARSET=utf8 COLLATE=utf8_unicode_ci COMMENT='??????? ??????';
/*!40101 SET character_set_client = @saved_cs_client */;

--
-- Dumping data for table `friendship`
--

LOCK TABLES `friendship` WRITE;
/*!40000 ALTER TABLE `friendship` DISABLE KEYS */;
INSERT INTO `friendship` VALUES (1,1,1,'1983-04-05 07:24:30','2020-06-27 07:34:18','2016-09-04 23:21:57','1974-09-04 09:51:10'),(2,2,2,'1991-06-29 02:50:56','1986-12-25 19:33:00','1976-06-29 20:57:53','1985-06-17 18:36:36'),(3,3,3,'1985-05-30 04:19:07','1982-03-20 13:14:17','1990-10-16 21:12:51','1998-09-13 01:43:53'),(4,4,4,'1978-03-20 22:54:54','2001-05-10 15:44:29','1998-08-19 01:41:58','1982-01-05 08:58:04'),(5,5,5,'1975-11-25 22:09:51','2010-02-23 21:14:10','1973-11-03 12:23:33','1999-12-02 11:19:22'),(6,6,6,'2006-03-24 23:23:00','2019-06-22 11:36:50','1996-04-16 10:02:04','2007-11-12 07:33:15'),(7,7,7,'2014-01-03 15:42:15','2014-09-26 16:52:44','1998-01-25 05:10:18','1977-01-27 12:48:36'),(8,8,8,'1975-03-19 05:08:22','1991-03-25 15:24:34','2006-05-01 09:24:55','2013-09-24 10:02:20'),(9,9,9,'2017-03-12 09:56:04','2016-06-10 20:25:09','1985-07-10 23:47:23','2003-09-10 11:49:54'),(10,10,10,'2014-11-07 11:16:44','1977-05-25 02:34:52','1973-12-24 13:56:55','1986-08-30 01:26:18'),(11,11,1,'2012-09-09 02:43:01','1993-01-21 10:00:47','2004-10-06 08:18:23','2009-02-02 01:18:47'),(12,12,2,'2008-05-08 08:29:52','1971-12-14 16:16:53','1971-06-20 01:13:30','2017-04-30 00:30:28'),(13,13,3,'1996-11-24 03:09:55','1997-10-25 11:32:40','1981-02-22 22:08:41','1979-05-28 17:58:49'),(14,14,4,'1972-02-07 09:58:11','2014-09-30 16:54:35','2009-08-02 20:00:05','1998-07-28 16:45:16'),(15,15,5,'1986-03-13 14:03:32','1979-09-14 04:34:23','1979-08-21 22:08:52','1972-04-24 07:24:24'),(16,16,6,'1975-12-07 07:45:30','1986-02-28 03:41:33','1988-10-30 12:20:42','1979-03-28 16:34:47'),(17,17,7,'1998-11-03 13:03:43','2003-10-22 07:06:05','2013-04-26 12:02:12','1982-03-03 06:42:01'),(18,18,8,'1970-12-02 00:33:06','1972-08-01 13:17:27','2017-03-01 20:42:53','1999-06-03 13:43:04'),(19,19,9,'2013-07-19 00:58:30','1982-05-26 15:14:16','2011-09-26 21:52:35','1986-04-05 12:15:05'),(20,20,10,'1972-06-09 23:53:06','2007-03-27 23:43:30','2001-04-01 04:28:33','2016-01-13 14:41:42'),(21,21,1,'2013-10-15 10:18:06','1983-09-22 23:51:15','1979-04-23 03:38:04','1998-02-11 03:53:01'),(22,22,2,'1973-09-28 18:41:49','1971-11-15 05:05:50','2017-07-09 00:46:23','2011-06-24 21:29:51'),(23,23,3,'1989-12-19 01:36:34','1990-05-10 15:39:50','2005-02-12 00:44:29','2016-05-16 13:23:41'),(24,24,4,'1975-04-05 23:21:44','2004-08-16 15:23:42','2008-02-25 23:32:27','1980-12-03 16:06:02'),(25,25,5,'1971-04-18 18:45:16','1978-10-15 16:01:39','2011-04-05 14:08:50','2009-09-04 18:50:10'),(26,26,6,'1981-03-05 06:08:32','2016-10-01 05:21:07','1987-07-31 10:43:46','2007-02-04 11:17:20'),(27,27,7,'2016-08-25 08:01:00','1982-05-17 03:39:33','1980-03-01 16:45:55','1993-07-31 18:58:56'),(28,28,8,'2003-01-10 11:39:41','1983-04-06 08:10:54','2001-02-02 09:36:56','2015-02-12 09:26:18'),(29,29,9,'1981-06-28 18:02:40','1970-11-17 22:18:11','1981-11-24 14:18:53','2015-03-01 08:05:51'),(30,30,10,'2012-08-22 10:24:11','2009-07-23 20:25:30','1973-03-25 19:50:24','2006-05-04 19:26:35'),(31,31,1,'2006-10-30 09:59:08','2017-07-18 08:38:11','1991-05-14 06:08:02','1984-03-16 13:34:47'),(32,32,2,'1976-02-10 04:39:42','1996-06-04 14:30:15','1973-11-01 03:54:20','2007-08-09 11:43:49'),(33,33,3,'1992-01-24 12:11:53','1989-01-12 06:44:39','2015-12-02 02:15:15','2019-09-06 06:33:38'),(34,34,4,'2001-12-15 16:49:29','1993-01-10 07:35:13','1988-04-14 03:37:22','1976-08-01 18:36:01'),(35,35,5,'2003-12-12 09:55:33','2012-10-23 23:39:23','2016-10-11 06:11:46','1983-01-09 11:52:49'),(36,36,6,'2002-02-17 00:58:47','1975-09-15 23:47:16','1976-08-27 13:10:11','1995-07-13 21:49:13'),(37,37,7,'1973-10-22 07:10:33','2018-05-06 03:43:11','2019-12-06 02:51:23','2008-12-20 11:55:28'),(38,38,8,'2012-09-02 18:00:23','2002-04-19 17:52:53','1983-06-18 20:55:48','1979-12-09 21:43:49'),(39,39,9,'1971-02-06 03:16:57','1976-12-07 02:21:08','1995-01-21 03:27:30','1979-01-01 09:44:55'),(40,40,10,'2000-11-15 19:40:41','2018-07-27 16:09:41','1997-02-05 05:31:08','2019-04-09 21:42:32'),(41,41,1,'1981-03-17 13:05:47','1974-01-15 00:56:52','1991-12-21 11:00:04','2001-01-05 04:22:41'),(42,42,2,'1975-11-14 04:37:42','1997-09-16 06:03:56','2014-01-22 20:21:21','2013-01-22 05:22:19'),(43,43,3,'1992-01-09 10:52:22','1988-10-10 23:15:48','2015-04-12 04:04:28','1991-12-04 04:51:23'),(44,44,4,'1996-06-14 08:56:00','1972-04-24 18:28:16','2018-04-07 11:48:42','1984-01-11 05:15:28'),(45,45,5,'2015-01-13 06:59:09','1973-10-18 04:24:06','1987-03-02 17:22:14','1990-03-07 18:08:49'),(46,46,6,'1996-09-27 12:18:56','2017-12-16 23:21:19','1996-11-12 05:28:19','2002-07-21 19:50:14'),(47,47,7,'1993-08-05 13:25:11','2005-02-01 06:06:53','1987-03-08 15:35:53','2018-11-09 15:57:41'),(48,48,8,'1993-06-15 21:30:11','2016-02-24 11:11:02','1995-05-19 01:31:14','1994-05-30 12:06:25'),(49,49,9,'2013-02-19 23:23:28','2015-02-23 07:29:34','1973-12-16 01:43:41','2008-05-01 16:22:45'),(50,50,10,'2013-08-12 07:53:52','2011-02-12 04:51:45','2006-06-24 06:59:48','2017-09-13 21:44:33'),(51,51,1,'2006-03-31 07:50:12','1996-08-14 20:47:32','1989-04-24 02:20:58','1983-04-28 23:26:15'),(52,52,2,'1990-04-15 14:26:14','1995-11-02 19:39:24','1971-10-22 00:28:48','1990-01-06 00:05:24'),(53,53,3,'1983-08-29 07:37:33','2004-09-05 01:24:32','2000-06-22 11:05:18','1988-11-17 01:45:03'),(54,54,4,'1972-12-16 01:02:35','1991-04-16 10:06:00','1972-11-10 13:09:22','2010-07-11 18:57:11'),(55,55,5,'2013-12-23 08:15:59','1975-08-31 20:51:30','1970-05-15 01:47:52','2011-12-21 04:57:08'),(56,56,6,'1976-04-01 01:34:41','1986-04-22 22:46:27','2006-02-19 04:20:26','2010-05-15 23:05:46'),(57,57,7,'1989-11-26 17:06:52','1985-05-12 01:01:03','2019-05-27 00:53:05','1981-10-30 17:23:51'),(58,58,8,'1988-11-03 17:02:44','2020-07-11 08:41:38','2011-06-06 07:07:04','1993-09-18 00:24:09'),(59,59,9,'2013-05-27 04:14:41','1984-06-08 23:47:51','1979-10-31 05:50:15','1981-03-25 16:35:42'),(60,60,10,'2014-09-14 00:18:09','2015-11-06 00:39:10','2002-02-13 09:39:30','1975-08-13 03:29:28'),(61,61,1,'1983-02-26 02:39:17','1995-11-17 11:46:57','1999-03-19 17:48:57','1995-08-08 05:48:54'),(62,62,2,'2019-07-22 01:08:40','1976-11-20 23:07:41','1985-03-13 01:48:48','2015-07-16 04:10:36'),(63,63,3,'1999-04-24 09:48:38','2012-10-25 21:19:34','2019-01-25 09:38:12','2017-08-03 02:56:27'),(64,64,4,'2010-09-11 05:32:22','1992-04-04 23:08:52','2011-05-30 15:02:47','2011-11-08 11:04:33'),(65,65,5,'2013-01-06 00:42:04','1974-05-17 02:49:53','2013-12-06 20:14:04','1983-02-03 09:02:28'),(66,66,6,'1975-03-11 14:29:08','2004-12-10 12:20:16','2004-09-12 16:52:53','2009-11-19 08:36:21'),(67,67,7,'2012-08-27 11:08:34','1990-01-16 04:28:10','1994-09-11 07:18:33','2003-05-25 06:07:23'),(68,68,8,'1986-04-19 02:38:26','1994-11-04 12:46:02','1979-01-09 21:38:55','2008-12-02 16:24:58'),(69,69,9,'1983-11-27 11:28:02','1998-05-26 03:05:12','2009-09-29 04:15:09','1990-05-29 05:51:32'),(70,70,10,'2000-10-29 13:11:30','1977-01-21 23:36:00','1983-06-07 11:16:44','2019-09-22 19:11:34'),(71,71,1,'2017-02-13 16:28:38','1993-11-12 20:37:59','2011-01-19 06:02:51','2020-07-01 14:33:22'),(72,72,2,'2008-03-18 05:35:13','1993-11-06 09:25:55','1978-11-04 20:46:41','1998-07-12 03:33:06'),(73,73,3,'2007-12-22 07:08:44','2018-12-07 08:42:45','2017-05-11 19:46:32','1999-12-05 23:03:23'),(74,74,4,'1999-07-21 03:29:43','2008-06-11 08:02:57','1974-09-09 18:22:19','2012-10-26 19:37:31'),(75,75,5,'2001-11-16 07:08:06','1999-11-19 11:28:19','2004-02-27 16:07:22','1999-03-04 04:19:37'),(76,76,6,'1988-01-05 01:52:13','1986-01-03 23:10:06','1976-05-22 10:58:24','2003-05-28 09:39:28'),(77,77,7,'2000-06-04 08:47:04','1998-01-17 17:35:43','1973-11-25 00:50:54','1975-07-25 10:34:03'),(78,78,8,'2020-02-12 20:59:08','1983-11-10 15:24:23','2004-06-02 01:26:42','1980-07-03 07:09:41'),(79,79,9,'1978-03-07 03:34:20','2008-03-11 13:05:41','1995-09-08 21:30:23','2016-02-06 15:48:29'),(80,80,10,'1996-01-06 20:45:13','2003-02-24 07:42:22','1991-01-30 18:40:02','1989-01-06 09:16:19'),(81,81,1,'1994-10-17 07:01:10','2017-07-23 22:34:34','2004-08-19 11:37:30','2014-01-03 05:30:25'),(82,82,2,'2008-10-10 00:57:48','2019-10-07 10:43:56','2008-01-12 10:21:00','1995-02-18 08:33:22'),(83,83,3,'1974-10-02 19:22:38','1982-07-21 20:45:33','2012-11-12 20:19:58','1973-02-09 12:23:10'),(84,84,4,'1981-05-29 07:36:39','1975-10-13 19:10:15','2015-09-12 14:24:21','1993-07-29 02:49:32'),(85,85,5,'1973-10-18 13:46:21','1982-06-01 09:58:25','1971-08-17 20:55:11','1996-04-01 10:52:33'),(86,86,6,'2006-01-15 11:55:53','1994-04-30 01:09:37','1991-08-02 04:30:48','2006-02-09 03:09:40'),(87,87,7,'2016-04-10 02:39:56','2007-04-14 06:44:45','1987-06-22 08:51:11','1981-08-31 13:05:59'),(88,88,8,'1980-12-25 13:33:46','1985-01-17 08:39:32','2003-06-21 00:49:21','1978-11-08 12:27:37'),(89,89,9,'2001-12-20 19:50:21','2010-05-16 23:45:00','2004-06-11 01:55:45','2003-07-18 10:10:28'),(90,90,10,'2015-02-25 23:44:07','2009-06-05 22:03:03','1980-06-29 14:46:17','2007-03-08 00:40:48'),(91,91,1,'2003-08-17 16:06:20','2008-10-18 10:52:53','2020-01-23 16:49:58','1982-10-31 13:44:49'),(92,92,2,'1975-07-15 02:07:58','2004-03-12 06:29:49','2009-09-10 19:13:41','1979-08-17 20:03:45'),(93,93,3,'1998-04-30 03:22:15','1984-05-04 10:03:52','1980-07-09 12:35:03','2012-05-29 03:40:04'),(94,94,4,'1987-06-21 21:47:31','1978-09-02 22:02:42','1996-01-29 01:36:47','1984-03-23 14:29:01'),(95,95,5,'2020-04-10 10:18:40','1977-09-03 05:22:09','2011-04-17 13:16:57','1994-05-28 04:16:21'),(96,96,6,'1977-03-03 12:40:38','1983-08-04 14:52:29','1990-12-24 23:21:43','2002-11-11 18:41:07'),(97,97,7,'1973-07-13 07:53:28','2013-02-09 19:50:34','1999-01-23 09:58:21','2011-08-12 12:45:45'),(98,98,8,'1984-06-16 13:51:32','2015-02-01 02:44:27','2019-09-02 23:13:26','1980-04-30 23:13:28'),(99,99,9,'2001-04-30 04:47:58','1977-12-31 15:24:13','1996-01-30 05:35:28','2003-07-07 07:27:59'),(100,100,10,'1977-04-03 21:29:47','1975-06-10 23:00:46','2005-12-31 08:43:46','2005-07-17 09:08:13');
/*!40000 ALTER TABLE `friendship` ENABLE KEYS */;
UNLOCK TABLES;

--
-- Table structure for table `friendship_statuses`
--

DROP TABLE IF EXISTS `friendship_statuses`;
/*!40101 SET @saved_cs_client     = @@character_set_client */;
/*!50503 SET character_set_client = utf8mb4 */;
CREATE TABLE `friendship_statuses` (
  `id` int unsigned NOT NULL AUTO_INCREMENT COMMENT '????????????? ??????',
  `name` varchar(150) CHARACTER SET utf8 COLLATE utf8_unicode_ci NOT NULL COMMENT '???????? ???????',
  `created_at` datetime DEFAULT CURRENT_TIMESTAMP COMMENT '????? ???????? ??????',
  `updated_at` datetime DEFAULT CURRENT_TIMESTAMP ON UPDATE CURRENT_TIMESTAMP COMMENT '????? ?????????? ??????',
  PRIMARY KEY (`id`),
  UNIQUE KEY `name` (`name`)
) ENGINE=InnoDB AUTO_INCREMENT=11 DEFAULT CHARSET=utf8 COLLATE=utf8_unicode_ci COMMENT='??????? ??????';
/*!40101 SET character_set_client = @saved_cs_client */;

--
-- Dumping data for table `friendship_statuses`
--

LOCK TABLES `friendship_statuses` WRITE;
/*!40000 ALTER TABLE `friendship_statuses` DISABLE KEYS */;
INSERT INTO `friendship_statuses` VALUES (1,'iste','2020-01-01 00:00:00','2020-01-02 00:00:00'),(2,'nesciunt','2020-01-01 00:00:00','2020-01-02 00:00:00'),(3,'sit','2020-01-01 00:00:00','2020-01-02 00:00:00'),(4,'ut','2020-01-01 00:00:00','2020-01-02 00:00:00'),(5,'magni','2020-01-01 00:00:00','2020-01-02 00:00:00'),(6,'dolorem','2020-01-01 00:00:00','2020-01-02 00:00:00'),(7,'similique','2020-01-01 00:00:00','2020-01-02 00:00:00'),(8,'voluptas','2020-01-01 00:00:00','2020-01-02 00:00:00'),(9,'nobis','2020-01-01 00:00:00','2020-01-02 00:00:00'),(10,'est','2020-01-01 00:00:00','2020-01-02 00:00:00');
/*!40000 ALTER TABLE `friendship_statuses` ENABLE KEYS */;
UNLOCK TABLES;

--
-- Table structure for table `media`
--

DROP TABLE IF EXISTS `media`;
/*!40101 SET @saved_cs_client     = @@character_set_client */;
/*!50503 SET character_set_client = utf8mb4 */;
CREATE TABLE `media` (
  `id` int unsigned NOT NULL AUTO_INCREMENT COMMENT '????????????? ??????',
  `user_id` int unsigned NOT NULL COMMENT '?????? ?? ????????????, ??????? ???????? ????',
  `filename` varchar(255) CHARACTER SET utf8 COLLATE utf8_unicode_ci NOT NULL COMMENT '???? ? ?????',
  `size` int NOT NULL COMMENT '?????? ?????',
  `metadata` longtext CHARACTER SET utf8mb4 COLLATE utf8mb4_bin COMMENT '?????????? ?????',
  `media_type_id` int unsigned NOT NULL COMMENT '?????? ?? ??? ????????',
  `created_at` datetime DEFAULT CURRENT_TIMESTAMP COMMENT '????? ???????? ??????',
  `updated_at` datetime DEFAULT CURRENT_TIMESTAMP ON UPDATE CURRENT_TIMESTAMP COMMENT '????? ?????????? ??????',
  PRIMARY KEY (`id`),
  CONSTRAINT `media_chk_1` CHECK (json_valid(`metadata`))
) ENGINE=InnoDB AUTO_INCREMENT=501 DEFAULT CHARSET=utf8 COLLATE=utf8_unicode_ci COMMENT='??????????';
/*!40101 SET character_set_client = @saved_cs_client */;

--
-- Dumping data for table `media`
--

LOCK TABLES `media` WRITE;
/*!40000 ALTER TABLE `media` DISABLE KEYS */;
INSERT INTO `media` VALUES (1,1,'quia',29962057,NULL,1,'2002-09-20 19:07:12','2007-12-08 15:36:20'),(2,2,'et',9,NULL,2,'1982-12-28 17:12:31','1978-08-28 01:01:00'),(3,3,'ut',2,NULL,3,'2005-05-19 22:15:37','2006-10-09 00:58:16'),(4,4,'praesentium',22025,NULL,4,'1985-08-14 09:22:14','2015-08-02 15:23:36'),(5,5,'quo',0,NULL,5,'1998-12-14 17:20:24','2019-08-21 04:50:02'),(6,6,'quia',3,NULL,6,'2012-08-22 16:28:20','2009-07-26 00:36:41'),(7,7,'qui',47,NULL,7,'1992-06-27 06:52:12','1991-12-17 02:38:30'),(8,8,'esse',99344,NULL,8,'2004-08-12 20:12:04','2011-05-06 03:34:20'),(9,9,'voluptas',35051,NULL,9,'2012-06-21 09:29:03','1970-12-29 15:57:43'),(10,10,'praesentium',2256,NULL,10,'2011-08-31 22:09:18','2005-12-21 21:00:38'),(11,11,'dicta',9471889,NULL,11,'1986-07-31 03:29:34','2017-03-26 00:20:12'),(12,12,'qui',2,NULL,12,'1970-07-29 09:31:07','2011-01-15 06:51:28'),(13,13,'vero',7545,NULL,13,'1978-12-04 21:27:56','2004-10-31 19:43:43'),(14,14,'porro',940,NULL,14,'2013-11-16 09:34:07','2011-11-20 23:57:27'),(15,15,'facilis',274,NULL,15,'2017-07-29 23:02:24','2014-05-10 21:02:25'),(16,16,'voluptate',227748904,NULL,1,'1998-04-21 20:38:56','2011-05-11 00:55:51'),(17,17,'a',9,NULL,2,'1978-08-03 03:06:18','1986-01-06 20:29:09'),(18,18,'occaecati',39109486,NULL,3,'1976-06-20 08:48:34','1974-09-04 04:54:48'),(19,19,'deserunt',8,NULL,4,'2002-01-07 18:01:56','1983-02-01 16:12:13'),(20,20,'nostrum',6182928,NULL,5,'2015-07-24 23:08:59','1974-01-10 16:20:39'),(21,21,'eum',10,NULL,6,'1983-12-28 14:17:27','1974-05-25 17:37:23'),(22,22,'praesentium',188,NULL,7,'2016-09-24 07:51:00','1988-03-16 11:13:02'),(23,23,'veniam',384291857,NULL,8,'2003-09-27 14:10:11','1986-10-13 09:31:39'),(24,24,'et',774,NULL,9,'1999-10-13 04:51:35','2001-11-07 12:21:14'),(25,25,'repellat',6934,NULL,10,'1988-09-10 17:52:56','1985-12-05 18:13:22'),(26,26,'quam',0,NULL,11,'2003-10-11 06:54:44','2006-11-26 05:09:17'),(27,27,'perspiciatis',3741567,NULL,12,'1995-09-15 08:44:56','2015-06-18 21:05:31'),(28,28,'ut',54482513,NULL,13,'1987-01-07 06:45:54','1984-08-04 09:06:31'),(29,29,'fuga',2347766,NULL,14,'1979-02-01 23:56:58','1987-11-10 01:37:55'),(30,30,'aut',69882675,NULL,15,'1980-03-15 01:32:08','1975-08-12 11:00:44'),(31,31,'velit',1455485,NULL,1,'1990-03-12 19:58:26','2008-01-22 09:09:57'),(32,32,'vel',66158420,NULL,2,'1970-02-04 05:04:23','1987-09-08 05:43:38'),(33,33,'temporibus',78,NULL,3,'1976-12-15 09:37:28','2017-03-01 14:39:07'),(34,34,'corporis',80756,NULL,4,'1973-05-01 12:16:48','1998-06-13 10:14:09'),(35,35,'fuga',725806814,NULL,5,'1984-03-29 03:41:53','2017-02-17 06:58:00'),(36,36,'necessitatibus',4362687,NULL,6,'1982-07-13 21:22:42','1991-03-25 03:14:26'),(37,37,'consequuntur',6,NULL,7,'2002-09-21 16:26:18','1987-03-06 00:46:29'),(38,38,'labore',64,NULL,8,'2000-09-18 01:38:00','2008-01-18 05:45:19'),(39,39,'natus',333014980,NULL,9,'2017-06-02 23:11:52','1998-08-25 15:24:49'),(40,40,'ut',58728220,NULL,10,'2012-10-28 04:14:23','2007-11-01 10:57:24'),(41,41,'dolor',620,NULL,11,'1983-08-07 08:01:04','2012-10-13 09:40:14'),(42,42,'animi',378044,NULL,12,'1983-04-04 15:04:08','1979-12-26 23:05:47'),(43,43,'et',841,NULL,13,'1984-11-11 23:26:25','2011-05-23 22:12:54'),(44,44,'sunt',97656981,NULL,14,'1973-11-17 11:46:18','2004-02-19 07:49:05'),(45,45,'est',576833416,NULL,15,'2011-09-06 21:17:34','1992-03-14 21:13:00'),(46,46,'quos',93556,NULL,1,'1972-12-07 19:46:26','1998-04-20 07:43:59'),(47,47,'fugiat',7892,NULL,2,'1980-06-05 22:28:04','1970-05-26 23:15:17'),(48,48,'adipisci',55105793,NULL,3,'1987-06-20 14:08:24','1971-08-18 21:27:37'),(49,49,'non',0,NULL,4,'2009-01-08 19:10:13','1986-12-05 01:47:37'),(50,50,'inventore',6318,NULL,5,'1996-10-15 00:58:06','2011-07-30 07:16:21'),(51,51,'excepturi',96367386,NULL,6,'1998-12-17 03:42:06','2013-10-31 23:00:42'),(52,52,'velit',5537,NULL,7,'1987-03-16 07:26:48','1996-05-13 04:43:57'),(53,53,'libero',290,NULL,8,'1970-09-19 10:21:37','1991-02-24 22:49:53'),(54,54,'ratione',112602,NULL,9,'1970-10-18 10:46:32','1989-11-25 09:22:05'),(55,55,'vitae',166849,NULL,10,'1990-06-03 20:00:11','1984-03-05 15:04:22'),(56,56,'at',3197,NULL,11,'1987-10-24 21:33:55','1990-06-29 23:09:56'),(57,57,'nam',27736,NULL,12,'2009-01-07 05:02:23','2019-02-01 03:59:23'),(58,58,'neque',97,NULL,13,'2000-06-08 20:20:33','1976-02-04 18:48:30'),(59,59,'harum',39117,NULL,14,'1991-03-27 14:07:07','2015-07-01 12:59:50'),(60,60,'alias',50052570,NULL,15,'1999-07-06 21:38:19','1986-10-12 08:58:56'),(61,61,'quas',403950,NULL,1,'1989-11-11 02:53:51','1984-04-21 06:11:45'),(62,62,'laboriosam',145664835,NULL,2,'1994-01-29 11:44:05','2020-05-16 03:49:36'),(63,63,'odio',48074936,NULL,3,'1977-07-25 20:52:19','2006-02-03 17:50:25'),(64,64,'esse',651354,NULL,4,'1980-03-13 22:35:03','1998-04-11 21:45:50'),(65,65,'cumque',274,NULL,5,'1983-09-15 12:18:54','2013-03-18 19:38:33'),(66,66,'voluptatibus',92310,NULL,6,'2013-05-25 11:54:22','1989-03-30 04:50:03'),(67,67,'cum',428969,NULL,7,'1998-11-01 23:05:18','1976-03-28 02:06:07'),(68,68,'eaque',7061,NULL,8,'1981-03-17 19:05:33','1987-10-28 07:50:23'),(69,69,'est',41,NULL,9,'1978-12-29 01:09:57','1973-07-14 08:21:03'),(70,70,'quo',435,NULL,10,'1999-08-17 01:14:58','2009-01-29 15:17:25'),(71,71,'numquam',0,NULL,11,'1984-08-20 05:25:38','2008-10-26 22:05:39'),(72,72,'odio',3,NULL,12,'2012-06-29 13:15:23','2001-03-10 14:16:26'),(73,73,'veritatis',6772539,NULL,13,'1992-11-07 15:25:12','2000-02-03 13:36:26'),(74,74,'at',3897066,NULL,14,'2014-01-25 13:07:05','1988-11-21 13:27:36'),(75,75,'est',4108009,NULL,15,'1999-08-10 05:46:38','2017-08-07 16:29:24'),(76,76,'consequatur',0,NULL,1,'2008-11-14 08:07:46','2011-02-07 10:46:53'),(77,77,'nesciunt',8469483,NULL,2,'1988-06-26 19:03:51','1979-09-24 19:31:25'),(78,78,'quam',334762,NULL,3,'2003-08-17 05:32:05','2019-08-12 07:59:06'),(79,79,'ea',65347173,NULL,4,'2018-04-17 14:32:09','1995-03-31 14:02:05'),(80,80,'qui',87,NULL,5,'1998-10-13 13:56:55','2015-12-14 13:17:16'),(81,81,'praesentium',3646542,NULL,6,'1974-02-18 07:16:16','1980-12-22 06:02:57'),(82,82,'et',22881164,NULL,7,'1999-12-12 08:48:05','2007-09-30 21:15:28'),(83,83,'nihil',65726054,NULL,8,'1992-02-01 23:02:24','1987-12-03 04:54:07'),(84,84,'ea',634,NULL,9,'2014-01-14 17:00:36','1980-10-01 09:55:27'),(85,85,'veritatis',4348,NULL,10,'2019-09-01 17:42:41','2001-08-23 11:51:53'),(86,86,'neque',3571,NULL,11,'2013-08-15 19:44:28','1976-12-16 16:43:44'),(87,87,'voluptatibus',9,NULL,12,'1983-10-07 06:35:10','1978-12-08 01:21:56'),(88,88,'enim',828,NULL,13,'1995-02-02 13:19:24','2007-01-12 17:51:44'),(89,89,'laboriosam',78,NULL,14,'2000-12-16 15:36:10','2012-01-21 11:15:30'),(90,90,'quis',321778,NULL,15,'1981-12-24 04:00:44','1999-06-02 15:01:55'),(91,91,'ipsum',8,NULL,1,'1978-12-26 16:26:56','2004-08-02 07:53:09'),(92,92,'quis',810,NULL,2,'1983-08-03 17:16:27','1980-12-10 18:05:03'),(93,93,'aperiam',0,NULL,3,'1987-01-08 08:38:11','2006-09-09 00:36:15'),(94,94,'qui',36841,NULL,4,'1997-11-02 22:00:12','2015-10-06 19:28:21'),(95,95,'delectus',9982,NULL,5,'1981-02-27 10:07:10','2002-02-07 07:15:51'),(96,96,'perspiciatis',842,NULL,6,'2004-06-07 01:08:37','2014-01-15 19:40:03'),(97,97,'aut',7778855,NULL,7,'2010-06-03 03:42:12','1997-12-13 00:45:33'),(98,98,'autem',92063119,NULL,8,'1991-10-27 14:14:59','1989-12-24 07:38:38'),(99,99,'et',4,NULL,9,'1975-03-30 12:24:15','1983-12-16 17:15:05'),(100,100,'consequatur',850356745,NULL,10,'2018-08-09 02:21:11','2002-11-12 07:45:34'),(101,1,'magnam',8,NULL,11,'1972-06-14 14:39:49','2005-03-31 03:09:35'),(102,2,'et',787433069,NULL,12,'2009-02-19 03:47:24','1997-04-25 13:37:58'),(103,3,'ut',4,NULL,13,'2017-08-28 00:44:23','2002-07-16 17:04:27'),(104,4,'asperiores',911768,NULL,14,'2008-07-03 18:24:24','1981-02-02 21:37:30'),(105,5,'et',0,NULL,15,'2000-03-23 08:46:43','2008-09-28 22:13:00'),(106,6,'nulla',3,NULL,1,'1980-03-25 01:47:21','1971-10-01 04:22:12'),(107,7,'optio',789559,NULL,2,'1971-08-12 18:45:16','1973-02-26 22:00:08'),(108,8,'iste',3499,NULL,3,'1999-04-01 03:14:03','2013-01-23 23:48:01'),(109,9,'commodi',6446936,NULL,4,'1991-09-05 11:25:34','2003-11-02 08:12:17'),(110,10,'in',9396990,NULL,5,'1971-07-23 04:29:22','1975-04-15 17:01:50'),(111,11,'fuga',392,NULL,6,'1971-02-25 14:13:07','1984-03-16 04:17:52'),(112,12,'eos',127801,NULL,7,'2009-12-22 23:38:09','2016-08-13 09:58:26'),(113,13,'tempore',246459,NULL,8,'1970-06-28 15:16:48','1977-09-07 20:18:18'),(114,14,'tenetur',18507294,NULL,9,'1991-04-06 15:48:55','2015-11-21 00:38:14'),(115,15,'dolorum',92606,NULL,10,'1988-12-03 09:09:09','1970-05-23 06:45:22'),(116,16,'molestias',58046,NULL,11,'1993-01-11 15:45:34','1974-11-25 14:39:01'),(117,17,'aut',2173101,NULL,12,'1982-10-26 08:21:19','1988-11-24 21:27:45'),(118,18,'velit',23940781,NULL,13,'1997-10-08 10:42:58','1979-11-28 14:22:45'),(119,19,'animi',0,NULL,14,'2016-08-24 16:18:58','2008-02-17 05:51:29'),(120,20,'magnam',58458048,NULL,15,'2012-07-04 20:50:45','2006-02-12 15:23:58'),(121,21,'accusantium',72917,NULL,1,'2007-10-22 04:23:39','1999-01-14 05:30:00'),(122,22,'qui',4141302,NULL,2,'2013-08-15 23:50:31','1971-07-04 10:16:45'),(123,23,'dolor',927571498,NULL,3,'2008-12-08 16:05:27','1973-01-07 08:44:17'),(124,24,'perspiciatis',461831596,NULL,4,'2015-05-08 01:56:50','1988-08-24 16:09:24'),(125,25,'omnis',642024845,NULL,5,'1994-04-17 18:40:47','1977-09-07 12:16:21'),(126,26,'neque',84706559,NULL,6,'1990-04-04 07:24:26','2019-09-04 07:59:48'),(127,27,'quidem',6622577,NULL,7,'1983-05-16 11:06:25','2007-09-13 21:23:59'),(128,28,'facilis',8104,NULL,8,'1988-05-05 05:23:09','2013-01-30 20:33:59'),(129,29,'aliquam',7484718,NULL,9,'1980-12-14 08:45:34','2009-12-09 21:56:28'),(130,30,'libero',105149,NULL,10,'1993-06-28 04:33:47','1970-03-19 15:17:20'),(131,31,'ex',72728,NULL,11,'1983-07-03 06:13:55','2009-04-02 03:20:16'),(132,32,'provident',0,NULL,12,'1985-12-26 05:10:22','1980-06-12 12:04:47'),(133,33,'corporis',2240170,NULL,13,'1985-04-24 19:34:20','2000-12-22 03:10:17'),(134,34,'qui',48964589,NULL,14,'1973-03-17 03:58:27','1974-08-14 20:14:26'),(135,35,'impedit',81,NULL,15,'1981-06-12 15:48:42','1988-07-14 10:49:29'),(136,36,'quia',70,NULL,1,'1982-09-07 18:51:27','1998-12-13 23:31:01'),(137,37,'velit',84514,NULL,2,'2004-12-11 18:14:55','1999-02-04 06:31:04'),(138,38,'illo',20598,NULL,3,'1985-02-06 13:03:16','2017-01-24 22:28:24'),(139,39,'qui',975850,NULL,4,'1991-09-16 13:57:01','1999-05-27 14:11:03'),(140,40,'odit',175164,NULL,5,'1992-01-28 13:24:03','2008-11-21 23:46:46'),(141,41,'animi',48,NULL,6,'1988-11-04 16:12:33','2010-11-17 16:19:45'),(142,42,'labore',76749985,NULL,7,'1993-10-29 08:42:30','1989-05-31 20:24:17'),(143,43,'molestiae',6123,NULL,8,'2014-06-02 01:56:54','1971-06-16 02:26:09'),(144,44,'consequuntur',12394,NULL,9,'1988-08-02 18:00:10','1989-06-12 05:47:37'),(145,45,'corrupti',27,NULL,10,'1975-08-26 08:57:50','1980-02-20 06:34:27'),(146,46,'optio',475115,NULL,11,'2020-06-04 00:06:26','1989-06-07 13:26:45'),(147,47,'iure',40344221,NULL,12,'2019-06-25 20:07:51','1996-10-17 08:53:49'),(148,48,'fugit',173321,NULL,13,'1975-08-01 20:32:11','1980-08-08 06:47:41'),(149,49,'facilis',773715,NULL,14,'2018-07-26 11:32:53','1977-06-15 13:57:03'),(150,50,'qui',214299,NULL,15,'2019-11-26 06:44:32','1995-11-07 10:54:11'),(151,51,'deserunt',8,NULL,1,'1980-01-12 05:57:22','1991-01-02 21:48:27'),(152,52,'ea',418891,NULL,2,'1988-09-20 11:21:18','1996-04-07 12:48:47'),(153,53,'saepe',6,NULL,3,'2000-03-30 10:56:49','2015-09-08 06:05:50'),(154,54,'deleniti',996785,NULL,4,'1987-08-04 06:19:06','2017-11-11 16:13:16'),(155,55,'reiciendis',0,NULL,5,'1989-04-22 19:18:06','1977-05-20 00:49:47'),(156,56,'itaque',695,NULL,6,'2009-03-25 13:45:37','1979-12-21 07:34:32'),(157,57,'vel',10249,NULL,7,'1986-04-15 02:25:16','2003-05-13 10:26:20'),(158,58,'incidunt',5779667,NULL,8,'2015-10-08 05:01:56','1974-06-01 09:46:28'),(159,59,'neque',83740,NULL,9,'2012-06-19 04:29:19','2018-10-31 14:52:01'),(160,60,'nemo',820112954,NULL,10,'2004-06-06 18:59:36','2004-08-23 17:35:07'),(161,61,'rerum',161,NULL,11,'2016-01-03 02:19:34','2013-03-01 04:42:37'),(162,62,'quia',2256,NULL,12,'1992-12-05 10:39:58','1986-08-18 12:22:37'),(163,63,'et',75,NULL,13,'1970-05-23 05:08:25','1994-12-23 18:42:45'),(164,64,'qui',32065322,NULL,14,'2019-06-01 20:39:05','1997-06-06 04:52:01'),(165,65,'aperiam',77851712,NULL,15,'2013-01-02 17:27:40','1998-06-14 01:54:17'),(166,66,'et',229302,NULL,1,'1982-07-28 08:05:32','2008-06-10 09:10:24'),(167,67,'eaque',78540035,NULL,2,'2010-09-09 06:29:09','2009-04-19 08:32:57'),(168,68,'magnam',67208,NULL,3,'2005-07-05 02:49:05','2002-02-22 11:35:29'),(169,69,'harum',66,NULL,4,'1997-03-20 15:19:14','1996-01-04 18:13:33'),(170,70,'est',41307315,NULL,5,'1973-08-14 08:22:11','1989-08-18 18:37:57'),(171,71,'amet',936,NULL,6,'2014-10-17 10:53:05','1987-05-21 13:36:20'),(172,72,'voluptas',591,NULL,7,'1985-02-15 02:34:05','2014-04-03 05:35:09'),(173,73,'quam',747,NULL,8,'1974-04-30 10:26:07','2005-12-11 22:12:01'),(174,74,'aut',658,NULL,9,'1970-09-30 01:06:19','1976-01-28 23:32:34'),(175,75,'fugit',1498,NULL,10,'1976-10-23 06:31:22','2018-11-28 12:13:11'),(176,76,'qui',3663360,NULL,11,'1982-10-24 16:37:39','2003-12-23 08:13:47'),(177,77,'ipsa',8311,NULL,12,'1975-06-30 05:43:17','2008-05-28 04:55:59'),(178,78,'voluptatibus',22,NULL,13,'1985-12-22 12:28:08','1987-02-04 03:06:39'),(179,79,'amet',41,NULL,14,'2009-07-31 17:57:52','1980-08-11 19:01:20'),(180,80,'numquam',7,NULL,15,'2020-04-06 12:51:44','2006-01-21 15:27:19'),(181,81,'autem',0,NULL,1,'1976-06-28 10:52:30','2008-04-26 14:16:24'),(182,82,'fugit',19,NULL,2,'2011-04-11 12:58:48','2004-04-05 17:38:57'),(183,83,'et',0,NULL,3,'1973-02-10 12:51:06','2000-07-14 12:13:16'),(184,84,'omnis',0,NULL,4,'2020-01-09 07:14:23','2014-05-08 15:08:00'),(185,85,'minus',21352304,NULL,5,'2010-01-05 15:17:31','1985-05-02 12:50:06'),(186,86,'quis',3,NULL,6,'1973-06-12 21:30:08','2005-03-25 21:55:53'),(187,87,'et',4,NULL,7,'1999-02-05 21:25:27','2010-12-18 20:39:53'),(188,88,'quod',97268342,NULL,8,'1993-06-20 01:43:27','2013-03-16 20:26:35'),(189,89,'tempora',3173625,NULL,9,'1973-06-12 12:55:16','2013-10-28 23:18:17'),(190,90,'perferendis',43234,NULL,10,'1981-11-15 04:51:58','1999-07-21 01:31:06'),(191,91,'et',0,NULL,11,'1971-01-14 08:22:07','1989-01-03 22:41:40'),(192,92,'nulla',7191,NULL,12,'1999-12-22 13:09:44','2008-12-14 07:48:38'),(193,93,'voluptates',8112,NULL,13,'2002-12-29 23:56:06','2009-01-11 18:34:24'),(194,94,'cupiditate',75,NULL,14,'1995-08-06 12:06:30','2008-07-15 19:21:12'),(195,95,'nesciunt',1039,NULL,15,'2014-05-23 18:01:46','2012-01-21 02:39:14'),(196,96,'iure',5,NULL,1,'2012-03-23 13:10:04','1998-11-04 16:47:47'),(197,97,'recusandae',0,NULL,2,'2017-10-03 20:18:56','2000-12-09 10:15:49'),(198,98,'et',7,NULL,3,'1997-12-04 03:18:22','1983-09-09 18:28:10'),(199,99,'asperiores',659,NULL,4,'1997-04-05 20:56:37','1975-04-06 04:06:54'),(200,100,'pariatur',16137,NULL,5,'2018-01-15 05:18:16','1985-07-15 12:29:17'),(201,1,'enim',871,NULL,6,'2007-09-06 07:05:28','1996-05-11 16:35:49'),(202,2,'sapiente',855537,NULL,7,'2012-02-20 23:03:48','1989-05-21 20:28:42'),(203,3,'est',9607,NULL,8,'2014-07-10 23:42:43','2013-02-06 03:25:33'),(204,4,'doloribus',533761958,NULL,9,'1987-04-25 12:18:39','1997-04-16 16:39:55'),(205,5,'deserunt',99548,NULL,10,'2014-08-02 19:41:55','2015-10-11 06:52:09'),(206,6,'doloribus',59,NULL,11,'1996-07-27 06:40:24','2006-05-14 17:07:36'),(207,7,'enim',923583,NULL,12,'2000-03-09 17:21:16','1996-03-02 15:08:01'),(208,8,'aperiam',3,NULL,13,'2009-06-07 00:48:55','1989-02-07 18:00:45'),(209,9,'eum',67,NULL,14,'1999-11-03 02:58:21','1974-02-08 02:29:22'),(210,10,'et',39664519,NULL,15,'2018-06-28 15:24:26','1975-10-22 22:02:45'),(211,11,'aut',2,NULL,1,'2010-09-29 06:31:06','1986-08-21 08:55:24'),(212,12,'blanditiis',701912,NULL,2,'2020-03-26 19:35:06','1973-04-05 15:11:34'),(213,13,'doloribus',4,NULL,3,'1988-11-18 17:03:00','2017-05-26 03:23:42'),(214,14,'velit',502928076,NULL,4,'2017-09-25 04:09:12','1978-04-17 04:47:23'),(215,15,'ut',86,NULL,5,'1988-04-03 15:06:03','2002-02-15 05:45:28'),(216,16,'aut',281816,NULL,6,'1987-04-21 21:42:56','1984-03-08 07:38:27'),(217,17,'nihil',214957910,NULL,7,'1992-03-13 14:18:43','1999-10-09 20:08:15'),(218,18,'cumque',569,NULL,8,'1989-11-27 06:18:35','1985-06-17 04:08:04'),(219,19,'quia',7691274,NULL,9,'1987-11-21 20:09:33','2010-06-10 02:39:06'),(220,20,'accusantium',6893051,NULL,10,'1971-01-09 11:46:45','1999-08-24 17:24:15'),(221,21,'mollitia',7288973,NULL,11,'1985-05-02 10:29:44','1998-06-22 08:26:39'),(222,22,'sed',6370370,NULL,12,'1971-09-30 02:01:55','1977-04-27 08:51:48'),(223,23,'quasi',95184,NULL,13,'1989-10-14 21:38:35','2017-07-28 18:53:22'),(224,24,'quaerat',4,NULL,14,'1979-08-13 04:01:00','1972-12-27 07:35:35'),(225,25,'aspernatur',28,NULL,15,'2007-12-05 13:35:53','2019-02-26 20:30:14'),(226,26,'soluta',630950,NULL,1,'1974-03-08 14:36:30','2014-01-26 12:26:11'),(227,27,'odit',1,NULL,2,'2000-09-05 22:51:35','2005-10-01 07:48:05'),(228,28,'dicta',24385719,NULL,3,'1991-07-18 21:55:31','1988-04-11 09:44:50'),(229,29,'voluptates',633999523,NULL,4,'2004-05-02 16:40:12','1995-03-17 11:03:35'),(230,30,'ut',8445,NULL,5,'1988-01-15 13:49:37','2004-09-28 11:37:39'),(231,31,'aut',1031578,NULL,6,'1998-10-10 23:13:36','2008-12-05 11:36:46'),(232,32,'pariatur',239979241,NULL,7,'1980-04-12 03:49:09','1988-06-14 14:29:18'),(233,33,'at',978172316,NULL,8,'1986-10-31 02:06:22','1984-06-27 13:00:44'),(234,34,'inventore',45,NULL,9,'2016-07-29 10:31:28','1970-12-29 22:03:53'),(235,35,'pariatur',361,NULL,10,'2015-11-09 17:22:06','1980-08-10 01:54:30'),(236,36,'natus',91086904,NULL,11,'1977-11-29 06:36:17','1989-01-14 11:01:07'),(237,37,'ea',0,NULL,12,'1973-07-20 18:55:15','1975-12-16 11:58:39'),(238,38,'in',7,NULL,13,'1996-03-22 09:44:56','2005-05-24 08:35:14'),(239,39,'voluptatem',164659645,NULL,14,'2016-05-03 18:18:10','1996-04-01 07:20:50'),(240,40,'impedit',957,NULL,15,'1973-07-10 07:12:50','2009-11-12 20:46:36'),(241,41,'quas',0,NULL,1,'1989-09-30 13:36:57','1991-12-21 08:43:49'),(242,42,'qui',1,NULL,2,'2020-03-03 06:31:43','1995-12-06 07:00:38'),(243,43,'et',8,NULL,3,'1987-04-22 22:01:35','1993-08-16 07:44:21'),(244,44,'rerum',295639,NULL,4,'1990-02-08 05:57:40','2010-02-21 06:33:09'),(245,45,'id',84620990,NULL,5,'2019-11-19 19:01:10','2009-07-29 17:07:28'),(246,46,'sed',8,NULL,6,'1979-03-04 23:39:04','2012-02-20 13:37:55'),(247,47,'et',99,NULL,7,'2000-07-27 19:34:16','1991-04-05 17:37:04'),(248,48,'esse',6707,NULL,8,'1998-09-08 00:25:56','1981-01-01 23:25:29'),(249,49,'harum',79437943,NULL,9,'1995-09-29 23:46:54','1979-08-10 08:48:37'),(250,50,'doloribus',9,NULL,10,'2007-04-19 01:23:16','2013-05-18 13:59:01'),(251,51,'non',8554305,NULL,11,'2006-01-16 09:33:32','2012-05-15 20:59:40'),(252,52,'totam',42,NULL,12,'2006-06-15 12:59:55','1977-02-16 03:48:36'),(253,53,'molestias',507224437,NULL,13,'1984-10-10 20:58:54','1973-03-10 06:38:04'),(254,54,'tempora',1802,NULL,14,'1980-03-03 12:38:29','1976-06-26 05:45:49'),(255,55,'quos',0,NULL,15,'2011-03-23 00:55:04','2013-07-18 22:22:41'),(256,56,'totam',417794831,NULL,1,'2008-01-25 00:34:54','2008-02-18 18:17:22'),(257,57,'quaerat',6628,NULL,2,'1999-05-06 22:31:34','1970-05-18 20:42:40'),(258,58,'et',515584449,NULL,3,'1979-05-02 20:56:25','2002-11-28 22:21:54'),(259,59,'et',9651,NULL,4,'2018-07-20 16:01:56','1981-05-10 17:06:35'),(260,60,'nulla',0,NULL,5,'2016-07-21 14:52:47','2015-01-13 00:09:38'),(261,61,'rerum',2,NULL,6,'1970-02-13 20:23:06','2018-01-31 07:15:57'),(262,62,'ut',8,NULL,7,'2020-03-13 08:25:01','2009-03-05 19:49:14'),(263,63,'praesentium',2347,NULL,8,'1989-12-15 22:18:44','1982-03-15 13:06:31'),(264,64,'accusantium',7130,NULL,9,'1988-04-07 04:45:34','1985-10-13 20:12:06'),(265,65,'sapiente',673016,NULL,10,'1980-11-12 17:34:59','2007-05-19 02:15:23'),(266,66,'voluptatem',2804982,NULL,11,'2001-10-17 13:50:56','1995-03-04 13:26:59'),(267,67,'iure',4823,NULL,12,'1994-08-26 09:11:56','1993-08-03 03:41:43'),(268,68,'quo',896300,NULL,13,'1992-11-07 10:13:54','2013-09-10 07:07:49'),(269,69,'rerum',44,NULL,14,'1992-07-17 02:29:56','1974-01-07 15:58:28'),(270,70,'totam',8,NULL,15,'2005-02-23 10:00:39','1996-05-18 15:37:09'),(271,71,'at',79522,NULL,1,'1970-11-07 07:06:19','1986-01-22 02:34:11'),(272,72,'ipsa',78093600,NULL,2,'1987-03-24 14:34:44','1971-12-19 05:52:56'),(273,73,'sequi',0,NULL,3,'2017-04-06 13:41:48','1971-12-23 22:07:06'),(274,74,'dolor',0,NULL,4,'2018-12-04 09:16:09','2004-02-28 17:42:41'),(275,75,'sapiente',0,NULL,5,'1976-09-17 19:29:13','1992-02-27 06:24:31'),(276,76,'accusantium',9804,NULL,6,'1975-08-21 18:21:41','1992-03-02 09:54:50'),(277,77,'repellendus',6808145,NULL,7,'1997-02-05 07:22:28','1983-10-01 07:53:03'),(278,78,'quis',13275,NULL,8,'2004-03-28 20:16:12','2003-01-20 15:15:49'),(279,79,'id',9,NULL,9,'1974-08-14 04:41:42','1990-03-25 23:24:11'),(280,80,'magni',0,NULL,10,'2014-10-30 23:40:07','2009-03-10 13:53:11'),(281,81,'deserunt',7,NULL,11,'2017-07-14 18:34:38','2003-02-10 13:19:38'),(282,82,'quod',998239940,NULL,12,'2018-11-19 22:20:04','2006-02-14 03:44:18'),(283,83,'qui',104,NULL,13,'1996-03-10 15:25:12','1995-02-02 08:04:07'),(284,84,'minima',0,NULL,14,'1998-09-07 04:45:15','1997-10-25 15:26:46'),(285,85,'ducimus',601715,NULL,15,'2005-06-29 03:07:11','1973-05-08 06:03:10'),(286,86,'enim',24374531,NULL,1,'1970-02-26 09:23:33','1976-03-18 10:39:29'),(287,87,'molestiae',505404721,NULL,2,'1997-11-07 03:52:00','2008-06-26 20:41:08'),(288,88,'ut',6131,NULL,3,'2017-09-07 21:47:51','1996-04-20 22:48:52'),(289,89,'nostrum',53,NULL,4,'1998-11-15 18:40:28','2013-09-17 20:27:09'),(290,90,'ut',0,NULL,5,'1998-10-30 19:02:04','2014-06-17 15:08:14'),(291,91,'vero',12618018,NULL,6,'1997-03-14 17:49:21','1975-02-25 10:59:32'),(292,92,'dolores',10561257,NULL,7,'2008-09-06 19:12:41','1990-12-11 02:05:40'),(293,93,'voluptas',278,NULL,8,'2000-01-18 01:13:26','2010-12-30 20:09:32'),(294,94,'dolorum',87519,NULL,9,'2004-08-28 13:49:10','1998-09-21 09:56:38'),(295,95,'sequi',7536,NULL,10,'1973-06-01 20:54:32','2005-11-06 08:01:20'),(296,96,'suscipit',57951,NULL,11,'2010-01-15 08:53:47','2015-07-02 09:38:13'),(297,97,'praesentium',1067,NULL,12,'1997-07-06 04:32:12','1972-10-17 15:31:00'),(298,98,'repudiandae',839,NULL,13,'1971-01-06 05:11:22','1976-04-19 17:21:12'),(299,99,'minima',263923,NULL,14,'1972-02-11 15:38:13','1993-12-19 20:13:19'),(300,100,'ut',30874828,NULL,15,'1993-02-24 14:49:50','1996-10-21 06:11:29'),(301,1,'sed',475748,NULL,1,'2002-10-20 05:35:53','1981-05-21 05:50:31'),(302,2,'ut',5,NULL,2,'2014-10-21 12:52:58','1990-04-23 01:34:06'),(303,3,'voluptatem',823781,NULL,3,'1978-09-25 06:51:48','2019-08-12 04:08:43'),(304,4,'ut',910704124,NULL,4,'2012-10-23 07:07:37','2016-05-08 01:51:24'),(305,5,'iusto',2,NULL,5,'2004-10-04 23:48:14','1978-09-28 01:50:19'),(306,6,'a',36,NULL,6,'1992-03-15 06:50:58','1985-09-17 06:44:11'),(307,7,'necessitatibus',7,NULL,7,'2009-06-13 17:49:38','1980-11-05 17:55:10'),(308,8,'alias',99950784,NULL,8,'1974-07-12 16:56:11','2004-11-05 03:35:22'),(309,9,'tempora',13461197,NULL,9,'2015-10-29 16:01:53','2018-03-13 15:27:19'),(310,10,'est',15783,NULL,10,'2010-08-18 23:34:02','1985-08-18 04:03:43'),(311,11,'dolor',3772083,NULL,11,'1989-08-09 07:35:29','1983-08-25 04:55:01'),(312,12,'pariatur',0,NULL,12,'1993-09-16 01:38:37','1980-11-04 18:45:19'),(313,13,'et',98,NULL,13,'1971-05-27 16:21:56','2015-08-20 01:44:21'),(314,14,'tenetur',31537119,NULL,14,'1983-05-21 07:41:52','1986-03-25 14:25:08'),(315,15,'expedita',16,NULL,15,'2006-10-30 22:59:20','2006-11-09 07:40:52'),(316,16,'perferendis',75333661,NULL,1,'1993-03-21 12:48:16','2018-05-30 12:52:59'),(317,17,'omnis',65,NULL,2,'2009-04-05 04:35:35','2000-01-22 15:52:14'),(318,18,'dolorum',5,NULL,3,'1989-07-17 10:29:38','2011-08-13 10:23:06'),(319,19,'deleniti',356,NULL,4,'2000-08-25 05:04:35','2017-03-30 14:54:02'),(320,20,'ad',8001,NULL,5,'2005-11-25 19:18:16','1996-04-27 23:36:19'),(321,21,'vel',155374,NULL,6,'2015-11-16 12:07:20','2007-02-02 07:40:20'),(322,22,'ut',0,NULL,7,'2005-03-20 23:51:50','1984-06-21 05:11:32'),(323,23,'omnis',3233,NULL,8,'1987-12-24 10:21:49','2014-09-30 06:01:20'),(324,24,'quam',68105,NULL,9,'1986-09-26 04:10:38','1982-12-11 13:47:23'),(325,25,'vel',0,NULL,10,'1995-08-26 01:31:30','1990-12-13 03:50:12'),(326,26,'et',94704425,NULL,11,'1986-12-23 04:02:09','1970-10-17 13:12:48'),(327,27,'ut',8922527,NULL,12,'2014-05-03 21:28:00','2013-02-11 11:12:53'),(328,28,'et',47,NULL,13,'2011-10-28 07:41:56','1985-10-07 08:22:11'),(329,29,'ut',39984,NULL,14,'2004-03-29 06:58:25','1998-12-03 22:25:12'),(330,30,'et',11119164,NULL,15,'1998-08-13 08:14:38','1995-08-04 01:01:29'),(331,31,'nesciunt',4,NULL,1,'1996-11-09 07:40:56','2017-10-28 04:55:46'),(332,32,'est',95702337,NULL,2,'2003-06-24 10:11:42','2012-12-17 20:46:15'),(333,33,'ut',0,NULL,3,'1981-05-13 20:42:38','1986-01-30 01:39:50'),(334,34,'beatae',5759751,NULL,4,'1985-06-12 11:37:02','1996-03-30 00:15:16'),(335,35,'nihil',275679,NULL,5,'1976-10-22 04:19:28','2019-06-14 21:32:27'),(336,36,'velit',0,NULL,6,'1987-07-21 06:43:17','2012-06-21 08:50:43'),(337,37,'iure',0,NULL,7,'2010-01-07 13:22:05','1996-10-12 13:37:49'),(338,38,'cumque',11,NULL,8,'1991-08-03 14:43:08','1989-09-27 11:53:33'),(339,39,'dicta',60,NULL,9,'1996-11-20 11:41:50','1983-11-17 07:59:07'),(340,40,'sint',92,NULL,10,'2015-05-20 08:57:44','1983-12-31 11:16:11'),(341,41,'rerum',0,NULL,11,'2014-06-23 17:23:00','1979-02-17 20:56:41'),(342,42,'vero',884252333,NULL,12,'2001-12-13 13:14:41','2015-03-07 17:13:55'),(343,43,'et',4,NULL,13,'1999-09-01 08:53:23','1970-01-10 22:45:17'),(344,44,'consequatur',38615,NULL,14,'1970-09-28 02:16:57','1991-08-02 21:31:17'),(345,45,'deleniti',922,NULL,15,'1994-03-14 18:08:44','1988-03-20 03:00:08'),(346,46,'placeat',11286999,NULL,1,'1970-06-24 17:41:32','1978-03-24 12:48:51'),(347,47,'nisi',0,NULL,2,'1977-09-03 11:25:55','2005-06-21 14:12:20'),(348,48,'quidem',556655,NULL,3,'1986-12-21 21:17:15','1995-05-03 22:16:21'),(349,49,'dolor',96259,NULL,4,'2000-09-16 05:43:59','1996-06-07 15:08:53'),(350,50,'ratione',286150696,NULL,5,'1973-06-10 06:00:17','2004-04-28 09:58:26'),(351,51,'non',601,NULL,6,'1972-08-01 17:47:21','2000-07-25 09:08:40'),(352,52,'ipsum',0,NULL,7,'1996-09-26 13:17:32','1987-11-19 14:07:59'),(353,53,'dolores',94842908,NULL,8,'2013-08-01 19:20:00','1987-10-24 15:13:00'),(354,54,'accusantium',276948464,NULL,9,'1972-09-16 16:06:53','1990-02-09 05:18:21'),(355,55,'tempora',3974280,NULL,10,'1995-09-07 09:10:14','1986-05-04 05:34:11'),(356,56,'earum',322,NULL,11,'2009-10-28 16:58:58','2016-11-29 11:07:29'),(357,57,'nulla',0,NULL,12,'1981-06-15 10:59:55','2001-08-12 01:06:57'),(358,58,'aut',668205186,NULL,13,'2019-12-21 02:41:41','2014-06-23 01:37:39'),(359,59,'itaque',74,NULL,14,'2005-09-26 10:58:18','2003-10-14 04:07:57'),(360,60,'eos',57052,NULL,15,'2013-06-12 12:41:42','2003-07-14 23:51:57'),(361,61,'esse',90,NULL,1,'2017-02-04 20:18:07','1983-02-03 09:45:05'),(362,62,'aut',3983,NULL,2,'2012-07-22 06:11:08','2008-10-05 14:00:04'),(363,63,'odio',5,NULL,3,'1992-03-28 12:25:05','2015-08-08 11:53:52'),(364,64,'dolores',84401,NULL,4,'2007-11-20 06:43:17','1987-05-15 16:18:12'),(365,65,'quo',11,NULL,5,'2000-05-02 11:40:58','2002-04-17 20:24:58'),(366,66,'iste',77,NULL,6,'1972-07-26 06:58:03','1988-05-13 04:02:18'),(367,67,'sapiente',0,NULL,7,'2014-02-11 10:18:18','1981-04-09 08:03:43'),(368,68,'eligendi',831286868,NULL,8,'2005-01-26 15:38:37','1992-12-22 10:51:27'),(369,69,'nulla',463565,NULL,9,'2018-09-03 02:44:28','1982-09-10 07:08:52'),(370,70,'exercitationem',664703268,NULL,10,'1989-04-14 17:58:52','1973-02-16 19:06:16'),(371,71,'nam',89197043,NULL,11,'1971-01-21 02:50:37','2014-08-24 02:21:31'),(372,72,'sunt',732,NULL,12,'2011-09-07 16:01:19','1991-06-13 10:56:54'),(373,73,'in',3674,NULL,13,'1975-03-11 14:56:48','1991-02-07 09:32:12'),(374,74,'sit',4,NULL,14,'1983-07-15 09:17:15','1993-06-18 06:48:00'),(375,75,'tempore',0,NULL,15,'2016-08-28 02:18:25','1971-09-03 21:16:06'),(376,76,'quia',1,NULL,1,'2016-05-18 15:37:17','1976-04-22 22:38:07'),(377,77,'libero',64743,NULL,2,'1978-09-25 09:11:43','1995-11-02 16:35:52'),(378,78,'et',61,NULL,3,'2010-11-04 14:45:27','1977-12-19 20:45:39'),(379,79,'id',2229260,NULL,4,'2000-06-06 17:44:47','2000-02-01 17:40:22'),(380,80,'nemo',0,NULL,5,'2009-06-29 14:49:26','1985-04-15 14:20:08'),(381,81,'et',904,NULL,6,'2008-02-11 04:58:57','2020-04-03 19:07:16'),(382,82,'nihil',35581487,NULL,7,'1973-12-09 04:17:30','1981-03-17 21:05:25'),(383,83,'expedita',0,NULL,8,'2006-10-12 21:58:18','1991-03-30 19:44:52'),(384,84,'ut',16,NULL,9,'2018-04-07 09:39:36','1978-02-20 19:32:08'),(385,85,'magni',89230420,NULL,10,'2005-06-05 11:18:43','1995-11-09 19:25:52'),(386,86,'dolore',527452249,NULL,11,'1987-03-18 04:03:41','1995-11-09 17:29:04'),(387,87,'modi',85,NULL,12,'1999-09-19 22:50:13','2016-08-06 13:59:23'),(388,88,'deleniti',6065,NULL,13,'2007-08-13 03:58:58','1989-10-23 12:57:53'),(389,89,'et',6928,NULL,14,'1999-12-22 13:33:38','1973-08-29 04:43:14'),(390,90,'occaecati',6133,NULL,15,'2018-08-01 07:44:52','1976-07-08 06:09:44'),(391,91,'culpa',4903,NULL,1,'1998-02-13 23:55:28','1991-11-30 17:59:47'),(392,92,'quia',694483220,NULL,2,'1976-12-13 20:14:25','1998-12-19 20:26:02'),(393,93,'quo',647,NULL,3,'1990-07-13 23:11:19','1988-08-11 20:13:41'),(394,94,'illo',35891,NULL,4,'1992-04-17 05:22:41','2001-03-04 18:48:19'),(395,95,'optio',16842178,NULL,5,'1997-07-22 10:26:35','1999-02-25 06:57:25'),(396,96,'ut',5173,NULL,6,'1994-11-24 19:51:46','2010-09-08 01:25:51'),(397,97,'qui',15512372,NULL,7,'2004-12-27 22:29:51','2006-11-25 02:02:47'),(398,98,'est',0,NULL,8,'2009-11-27 23:00:14','2016-02-17 18:54:40'),(399,99,'voluptatibus',120,NULL,9,'2008-07-27 19:20:43','2006-02-20 03:43:30'),(400,100,'non',2643,NULL,10,'2017-05-16 02:04:21','2009-02-11 07:29:02'),(401,1,'id',6,NULL,11,'2011-03-21 13:52:01','1990-01-25 08:26:06'),(402,2,'nobis',766479,NULL,12,'2003-12-23 07:07:47','2002-08-10 02:32:10'),(403,3,'deleniti',583,NULL,13,'1981-05-26 17:07:27','2013-12-23 10:29:25'),(404,4,'voluptatibus',30002255,NULL,14,'2014-12-19 14:17:08','2018-12-28 20:36:19'),(405,5,'quisquam',5557,NULL,15,'1991-08-27 15:31:57','2009-04-07 00:09:33'),(406,6,'et',508394,NULL,1,'1997-02-12 19:56:28','2000-07-06 06:05:15'),(407,7,'ducimus',20,NULL,2,'2008-07-26 06:00:44','2017-03-31 11:08:12'),(408,8,'sunt',9,NULL,3,'2000-07-31 16:34:56','1987-05-20 05:10:32'),(409,9,'nostrum',0,NULL,4,'2006-03-07 03:36:05','2009-11-11 23:07:36'),(410,10,'rem',0,NULL,5,'1997-11-17 21:01:38','2020-02-29 23:39:59'),(411,11,'quia',765128,NULL,6,'1989-03-06 18:44:24','2014-12-21 03:16:55'),(412,12,'sunt',7,NULL,7,'1979-01-27 08:50:12','2012-08-20 13:51:17'),(413,13,'sit',0,NULL,8,'1986-05-03 17:57:27','1997-12-04 18:12:11'),(414,14,'tempore',349333120,NULL,9,'1998-03-24 01:23:24','2005-03-15 02:13:16'),(415,15,'quo',672285068,NULL,10,'2012-01-03 17:32:53','2008-12-06 21:51:17'),(416,16,'rerum',213707,NULL,11,'1974-11-09 21:46:41','2009-01-14 19:51:11'),(417,17,'repudiandae',650740,NULL,12,'1989-05-26 03:37:42','2005-06-01 17:06:45'),(418,18,'nobis',52,NULL,13,'2015-12-03 03:23:26','2016-12-23 12:11:47'),(419,19,'dolore',8525,NULL,14,'1980-02-21 15:12:48','2004-06-11 19:44:10'),(420,20,'sunt',1566,NULL,15,'1986-09-23 02:29:24','1976-09-04 22:01:43'),(421,21,'sint',831688070,NULL,1,'1982-01-20 09:57:29','1988-02-06 09:38:49'),(422,22,'aut',0,NULL,2,'2018-02-17 19:29:30','1992-09-24 21:36:10'),(423,23,'consectetur',422,NULL,3,'1971-10-23 15:51:54','1981-11-03 16:19:43'),(424,24,'exercitationem',60684,NULL,4,'1980-01-15 18:32:39','2000-08-01 07:10:32'),(425,25,'ratione',2,NULL,5,'2006-01-26 16:39:51','2010-11-17 23:28:26'),(426,26,'quo',83061,NULL,6,'1980-06-28 15:37:42','1987-03-10 09:53:45'),(427,27,'neque',5,NULL,7,'1999-01-10 18:44:46','1996-04-01 19:21:26'),(428,28,'quam',960540,NULL,8,'1986-01-08 11:54:14','1977-12-25 13:38:01'),(429,29,'dolor',7451744,NULL,9,'1972-03-31 12:50:10','1989-07-27 00:21:07'),(430,30,'quidem',35213406,NULL,10,'1970-03-08 10:35:57','1996-11-07 13:34:32'),(431,31,'ex',393843469,NULL,11,'1996-01-13 00:35:42','1990-08-30 18:55:24'),(432,32,'enim',7102987,NULL,12,'1979-04-24 03:58:16','2005-12-14 11:20:33'),(433,33,'et',957,NULL,13,'2007-04-09 06:16:56','2008-10-26 16:09:21'),(434,34,'illo',3,NULL,14,'2001-04-14 11:45:09','1996-01-17 05:22:35'),(435,35,'officiis',516,NULL,15,'2013-04-22 22:06:02','1984-03-01 19:26:03'),(436,36,'aliquid',72102,NULL,1,'2003-04-16 01:39:18','1987-06-07 16:55:15'),(437,37,'voluptas',84868863,NULL,2,'2013-04-16 11:22:39','2000-09-09 00:49:02'),(438,38,'amet',845,NULL,3,'1993-10-29 19:59:03','1998-04-07 17:28:54'),(439,39,'velit',3111,NULL,4,'2006-11-18 19:35:58','1997-07-17 22:18:24'),(440,40,'provident',496,NULL,5,'1982-06-08 04:28:33','2008-11-07 20:51:39'),(441,41,'ipsum',40295696,NULL,6,'1979-12-13 06:37:09','1989-06-30 09:23:36'),(442,42,'voluptatem',0,NULL,7,'1983-07-09 06:26:30','1985-12-14 15:21:21'),(443,43,'perferendis',672,NULL,8,'1992-01-09 06:50:43','1996-01-11 04:05:35'),(444,44,'ea',695744310,NULL,9,'1973-09-09 14:09:07','2019-09-03 12:02:25'),(445,45,'necessitatibus',3373,NULL,10,'1985-02-12 23:38:00','1992-06-26 00:25:45'),(446,46,'dolor',28741620,NULL,11,'1986-10-25 06:46:05','1996-02-29 07:41:53'),(447,47,'dolore',633505,NULL,12,'1998-10-06 09:30:03','2017-05-16 08:41:11'),(448,48,'quo',398804,NULL,13,'1971-10-26 21:32:43','1997-12-23 20:14:18'),(449,49,'quia',7984600,NULL,14,'1972-09-18 06:13:04','2000-05-13 04:43:44'),(450,50,'quo',0,NULL,15,'2002-01-27 08:12:01','1976-03-16 05:44:16'),(451,51,'consequatur',4,NULL,1,'1991-03-11 15:00:26','1998-06-06 07:09:00'),(452,52,'magnam',161,NULL,2,'1987-04-21 14:49:46','2013-01-20 10:33:34'),(453,53,'et',8,NULL,3,'2008-03-11 19:36:41','1978-10-06 13:07:46'),(454,54,'tempore',4357979,NULL,4,'2019-04-10 22:46:34','1999-02-25 14:40:30'),(455,55,'molestiae',82,NULL,5,'2009-06-02 06:03:52','1995-07-07 02:24:49'),(456,56,'dolorem',706,NULL,6,'1990-11-23 08:32:14','1996-12-05 07:41:53'),(457,57,'dolor',34492,NULL,7,'1991-02-17 21:31:06','2000-06-15 00:44:45'),(458,58,'aliquam',8124764,NULL,8,'1992-01-19 05:12:14','1992-09-17 04:56:11'),(459,59,'vero',45553,NULL,9,'1995-11-25 04:19:39','2019-06-09 10:40:49'),(460,60,'inventore',94925,NULL,10,'1975-08-25 05:06:42','1977-01-26 18:47:46'),(461,61,'aut',76045,NULL,11,'1989-05-17 16:10:06','2017-07-08 23:45:29'),(462,62,'tempora',0,NULL,12,'1983-05-24 16:48:52','2005-05-31 19:05:54'),(463,63,'quo',267612977,NULL,13,'2019-12-28 06:38:12','1996-08-19 06:03:27'),(464,64,'doloribus',6,NULL,14,'1975-02-08 08:22:02','2017-08-24 06:23:59'),(465,65,'quia',87,NULL,15,'1977-02-01 07:28:47','1996-04-18 15:15:04'),(466,66,'aut',0,NULL,1,'2005-06-18 16:03:02','1980-10-09 14:33:24'),(467,67,'magni',67830820,NULL,2,'1986-03-07 12:37:10','2003-02-13 14:55:52'),(468,68,'neque',1780,NULL,3,'2009-06-13 07:53:45','1976-02-03 22:50:41'),(469,69,'molestias',51,NULL,4,'1990-06-06 19:13:01','1989-02-19 01:23:08'),(470,70,'dignissimos',788944940,NULL,5,'1974-03-04 01:30:44','2000-02-02 12:34:39'),(471,71,'est',437,NULL,6,'1999-03-11 09:59:39','1972-09-18 01:01:09'),(472,72,'minima',62,NULL,7,'1974-02-02 22:42:42','1981-09-06 15:39:14'),(473,73,'voluptas',0,NULL,8,'1987-08-06 18:48:20','1987-03-23 05:25:49'),(474,74,'cum',3,NULL,9,'2020-01-12 22:15:53','1985-10-24 12:17:46'),(475,75,'quas',8,NULL,10,'2016-06-30 18:11:26','1991-07-02 21:42:19'),(476,76,'autem',351,NULL,11,'1984-07-19 06:54:45','1979-11-17 00:54:18'),(477,77,'repellat',6820,NULL,12,'2005-02-22 18:24:43','1999-03-22 18:15:54'),(478,78,'commodi',243935,NULL,13,'2008-03-24 09:39:10','1999-12-13 01:10:12'),(479,79,'et',5165657,NULL,14,'1976-01-18 11:29:39','2014-07-19 05:33:15'),(480,80,'voluptas',0,NULL,15,'1975-02-16 18:43:15','2011-11-17 10:05:12'),(481,81,'beatae',5394995,NULL,1,'1973-03-27 10:24:57','1982-10-09 00:59:55'),(482,82,'maiores',0,NULL,2,'2014-04-02 17:50:39','2004-02-10 15:46:41'),(483,83,'qui',1299,NULL,3,'2006-05-06 11:39:36','2015-08-27 03:12:21'),(484,84,'et',565120053,NULL,4,'2011-12-21 15:55:59','1970-08-16 12:29:58'),(485,85,'repellendus',7,NULL,5,'2013-04-13 16:47:30','1993-04-29 17:32:59'),(486,86,'enim',0,NULL,6,'1984-05-27 22:01:01','1978-09-09 17:30:29'),(487,87,'autem',40533,NULL,7,'1977-08-01 10:24:08','2017-03-15 05:12:00'),(488,88,'impedit',5634,NULL,8,'1988-07-02 14:22:22','1980-07-27 08:49:07'),(489,89,'tempore',66230105,NULL,9,'2010-09-10 06:28:18','1995-01-28 09:02:17'),(490,90,'dolor',13926,NULL,10,'1987-01-17 22:15:06','2013-08-11 13:06:35'),(491,91,'est',4,NULL,11,'2014-05-31 04:18:25','2003-01-15 00:25:21'),(492,92,'nemo',0,NULL,12,'2006-08-31 18:01:45','1987-02-06 18:30:50'),(493,93,'et',161,NULL,13,'1973-03-14 00:48:15','2020-06-26 02:08:11'),(494,94,'non',37858899,NULL,14,'2012-12-14 19:19:57','1989-02-01 11:02:48'),(495,95,'eum',57711,NULL,15,'1996-06-30 06:22:36','2009-07-05 06:20:03'),(496,96,'error',0,NULL,1,'2000-06-27 08:27:41','1972-10-13 08:13:55'),(497,97,'quae',83,NULL,2,'1983-05-24 13:48:03','2012-10-01 07:23:11'),(498,98,'saepe',0,NULL,3,'2004-10-25 20:32:32','1984-11-06 23:09:29'),(499,99,'ut',38113,NULL,4,'2006-08-08 12:23:43','2002-03-19 03:16:09'),(500,100,'autem',0,NULL,5,'2013-07-06 03:42:31','1973-04-12 16:21:19');
/*!40000 ALTER TABLE `media` ENABLE KEYS */;
UNLOCK TABLES;

--
-- Table structure for table `media_types`
--

DROP TABLE IF EXISTS `media_types`;
/*!40101 SET @saved_cs_client     = @@character_set_client */;
/*!50503 SET character_set_client = utf8mb4 */;
CREATE TABLE `media_types` (
  `id` int unsigned NOT NULL AUTO_INCREMENT COMMENT '????????????? ??????',
  `name` varchar(255) CHARACTER SET utf8 COLLATE utf8_unicode_ci NOT NULL COMMENT '???????? ????',
  `created_at` datetime DEFAULT CURRENT_TIMESTAMP COMMENT '????? ???????? ??????',
  `updated_at` datetime DEFAULT CURRENT_TIMESTAMP ON UPDATE CURRENT_TIMESTAMP COMMENT '????? ?????????? ??????',
  PRIMARY KEY (`id`),
  UNIQUE KEY `name` (`name`)
) ENGINE=InnoDB AUTO_INCREMENT=16 DEFAULT CHARSET=utf8 COLLATE=utf8_unicode_ci COMMENT='???? ???????????';
/*!40101 SET character_set_client = @saved_cs_client */;

--
-- Dumping data for table `media_types`
--

LOCK TABLES `media_types` WRITE;
/*!40000 ALTER TABLE `media_types` DISABLE KEYS */;
INSERT INTO `media_types` VALUES (1,'text/vnd.curl.scurl','2019-09-05 00:27:42','2019-07-26 23:16:12'),(2,'application/yang','2019-08-07 00:25:48','2019-12-30 03:08:20'),(3,'application/java-vm','2020-06-19 16:07:46','2020-04-03 07:12:13'),(4,'image/bmp','2020-01-21 16:37:09','2020-01-23 06:22:27'),(5,'application/emma+xml','2019-10-27 17:48:25','2019-10-29 18:01:46'),(6,'application/vnd.symbian.install','2019-09-26 01:19:22','2019-09-17 14:41:17'),(7,'application/wspolicy+xml','2019-11-22 11:22:05','2019-11-10 06:45:39'),(8,'application/vnd.wordperfect','2020-07-14 09:10:13','2020-07-05 03:19:38'),(9,'application/vnd.ms-cab-compressed','2019-08-17 23:27:36','2019-10-13 00:24:10'),(10,'image/x-cmx','2019-12-17 20:53:30','2020-03-18 02:43:11'),(11,'application/vnd.sun.xml.impress.template','2020-01-15 21:23:54','2020-06-06 04:44:27'),(12,'application/x-latex','2019-07-27 02:13:24','2019-09-07 17:33:40'),(13,'image/vnd.fst','2019-11-18 22:55:56','2020-04-14 10:16:15'),(14,'application/vnd.kodak-descriptor','2020-05-12 19:29:27','2020-05-07 13:22:12'),(15,'application/vnd.rn-realmedia','2020-02-09 14:13:10','2019-10-11 04:02:46');
/*!40000 ALTER TABLE `media_types` ENABLE KEYS */;
UNLOCK TABLES;

--
-- Table structure for table `messages`
--

DROP TABLE IF EXISTS `messages`;
/*!40101 SET @saved_cs_client     = @@character_set_client */;
/*!50503 SET character_set_client = utf8mb4 */;
CREATE TABLE `messages` (
  `id` int unsigned NOT NULL AUTO_INCREMENT COMMENT '????????????? ??????',
  `from_user_id` int unsigned NOT NULL COMMENT '?????? ?? ??????????? ?????????',
  `to_user_id` int unsigned NOT NULL COMMENT '?????? ?? ?????????? ?????????',
  `body` text CHARACTER SET utf8 COLLATE utf8_unicode_ci NOT NULL COMMENT '????? ?????????',
  `is_important` tinyint(1) DEFAULT NULL COMMENT '??????? ????????',
  `is_delivered` tinyint(1) DEFAULT NULL COMMENT '??????? ????????',
  `created_at` datetime DEFAULT CURRENT_TIMESTAMP COMMENT '????? ???????? ??????',
  `updated_at` datetime DEFAULT CURRENT_TIMESTAMP ON UPDATE CURRENT_TIMESTAMP COMMENT '????? ?????????? ??????',
  PRIMARY KEY (`id`)
) ENGINE=InnoDB AUTO_INCREMENT=1001 DEFAULT CHARSET=utf8 COLLATE=utf8_unicode_ci COMMENT='?????????';
/*!40101 SET character_set_client = @saved_cs_client */;

--
-- Dumping data for table `messages`
--

LOCK TABLES `messages` WRITE;
/*!40000 ALTER TABLE `messages` DISABLE KEYS */;
INSERT INTO `messages` VALUES (1,1,1,'Ex non magnam voluptas error quos non ut veritatis. Dolorum suscipit corporis explicabo exercitationem. Veritatis animi ab libero ullam.',0,0,'2011-05-02 03:18:38','1985-04-22 19:11:29'),(2,2,2,'Laborum dolorem voluptatem quas est aut. Voluptas reprehenderit consectetur enim quia consequuntur voluptate eos. Eum praesentium qui architecto ex et ipsa aspernatur.',0,1,'1978-06-04 02:17:11','2007-12-20 02:57:36'),(3,3,3,'Incidunt recusandae aut magni aperiam temporibus vero. Aperiam dolorem totam a. Quae id ratione voluptatibus doloribus.',0,1,'1989-01-14 23:11:01','2003-04-12 05:46:52'),(4,4,4,'Omnis dolorem et dolor qui. Iste maiores sed consectetur nihil numquam sit. Nobis expedita sit sed nisi voluptatem.',1,1,'2016-05-09 01:15:21','1978-01-14 07:20:11'),(5,5,5,'Cumque expedita minus rerum voluptatibus nostrum et. Sequi et sequi atque. Deserunt aperiam rerum ipsum sit.',0,1,'2015-06-01 15:12:35','1987-04-16 23:16:55'),(6,6,6,'Facere sed vitae consequatur ex molestias. Autem possimus doloribus sequi perspiciatis quis facere et culpa. Sunt reiciendis aliquam aut vel doloribus sit. Autem laudantium at quo cumque sed.',0,1,'1978-10-05 01:22:54','2017-05-06 22:11:12'),(7,7,7,'Ut consequatur quibusdam magni sed autem. Dolorem ut ab aut molestiae ea rerum. Error esse earum voluptates rerum enim.',1,1,'1974-01-08 19:08:19','1990-05-07 23:03:23'),(8,8,8,'Dolores ab in dolore dignissimos iure. Sunt quia aut distinctio non. Voluptas assumenda voluptas velit atque vitae. Occaecati quod quo ut est.',0,1,'2016-06-21 20:31:13','1980-08-15 21:08:40'),(9,9,9,'Voluptates et laudantium soluta qui dolorem. Ad deserunt repellat veritatis beatae modi aut et. Ex ad id est saepe quia.',0,1,'1989-08-06 10:25:10','2005-01-17 19:30:32'),(10,10,10,'Deserunt quam eum quo. Impedit tempora in nisi tempore. Nemo incidunt ipsam laborum autem modi.',0,1,'1981-04-23 07:54:55','1983-11-28 22:30:45'),(11,11,11,'Enim facere molestiae aliquam dolorum esse rerum fugit dolores. Harum iusto dolorum aut amet accusamus. Assumenda aut voluptatibus iusto natus nam earum dolor. Quisquam eos ut natus eos expedita dolores.',0,0,'1993-05-22 20:42:50','1976-10-31 00:30:15'),(12,12,12,'Ex incidunt corrupti aut quis. Dolore in quos illo tempora et vero. Autem in perferendis cupiditate reprehenderit incidunt voluptatem nisi.',1,1,'2003-05-09 00:02:59','2019-11-23 23:45:50'),(13,13,13,'Dolor quaerat libero eum. Ex qui debitis dolorem qui beatae. Aperiam earum dolores dolor sunt suscipit quae.',1,0,'1973-09-24 10:53:01','2006-03-12 07:12:42'),(14,14,14,'Et molestiae quis ut est perferendis aut eos maiores. Est porro accusantium necessitatibus eos tempora ut magni. Nihil qui dolorem id aspernatur. Consequuntur accusamus quibusdam quia.',1,0,'2006-08-19 12:01:41','1990-05-18 18:36:19'),(15,15,15,'Omnis autem quis dolores exercitationem et laborum vel consequatur. Eveniet id rerum temporibus quo. Qui at doloribus ab nihil quidem aut. Molestias nostrum dolore doloremque autem non.',0,0,'1973-02-28 03:26:56','2007-05-26 17:11:55'),(16,16,16,'Sint iste velit facere sunt dolor facilis. Quod quibusdam aut quo. Voluptatum vel esse corrupti unde libero est aspernatur.',0,0,'2010-12-16 19:36:35','2015-03-08 16:52:50'),(17,17,17,'Et delectus sed libero deserunt. Inventore mollitia delectus cupiditate recusandae. Minima aut ut aliquam facilis totam ratione alias et. Nemo facere a commodi ducimus debitis deleniti.',0,0,'1972-03-06 02:13:38','2014-03-13 15:52:05'),(18,18,18,'Sunt enim nisi et nobis placeat voluptatem. Ipsa harum aut rerum qui. Et nesciunt reiciendis consequuntur illum quo. Alias vitae nobis in impedit mollitia amet in. Deserunt consectetur suscipit ut omnis est ratione.',0,0,'2007-02-06 05:09:10','1992-08-02 14:31:59'),(19,19,19,'Delectus et error distinctio maiores aliquam sed sed. Qui quaerat explicabo commodi asperiores voluptates distinctio voluptatem. Sed id minus et.',1,1,'1976-04-20 18:55:49','1979-09-30 23:37:40'),(20,20,20,'Fuga recusandae eius et. Dolores consequuntur pariatur veniam deserunt architecto eum dolorem. Excepturi commodi totam dolor nulla. Quaerat officia eaque ratione cumque placeat nihil.',0,1,'2014-09-27 05:25:48','1970-03-06 18:55:12'),(21,21,21,'Iste aut officia amet eos. Fugiat illo labore ipsam tenetur sed voluptas. Aliquid rerum et iure tempore repellat dolorem.',0,1,'2003-02-19 06:32:02','1991-10-05 11:18:55'),(22,22,22,'Iure quo quae vero neque dolor. Ab sint debitis quia inventore eos. At provident corrupti quibusdam ut nostrum dolor sint non.',1,1,'2014-06-11 01:09:39','2012-01-30 19:46:06'),(23,23,23,'Nam est nihil ratione aut alias velit. Placeat perferendis rerum repellat. Quos error consequatur eum laboriosam impedit tempora.',1,0,'2001-01-28 15:32:07','2004-10-18 23:32:04'),(24,24,24,'Repellat qui similique earum laboriosam. Eum qui non aspernatur porro. Porro quos ut corporis id. Consequuntur maiores consequatur ratione.',0,0,'2007-03-07 06:05:19','2018-04-05 13:38:50'),(25,25,25,'Molestias debitis consequuntur esse asperiores nisi. Hic aut illo sunt officia. Asperiores aut atque tempora at placeat laborum qui dolores. Corrupti et perspiciatis quaerat voluptas architecto ut rerum hic.',1,1,'2002-07-09 16:25:20','1979-07-03 16:01:37'),(26,26,26,'Nulla occaecati cumque dignissimos porro expedita itaque. Voluptates placeat nemo natus porro. Et veniam ut ea aut qui laudantium.',0,0,'1973-06-24 17:09:29','1984-01-17 15:03:46'),(27,27,27,'Est veniam saepe occaecati facere fugiat aut. Ut facilis aut sunt enim illum. Dolorum ut qui rerum aut.',0,1,'2000-06-24 05:25:02','1982-06-12 08:56:29'),(28,28,28,'Fuga id eum aut aut sint dolor aut. Ratione dicta optio atque eaque tempora et fugiat. Soluta hic quod doloremque et magnam sint.',0,0,'1990-06-21 05:50:48','2002-06-20 13:13:55'),(29,29,29,'Laboriosam qui vel aperiam ratione odio ab architecto laborum. Officiis pariatur eos sequi quod enim. Beatae aut rem consequuntur iure possimus. Non minima doloremque sed omnis minus quia. Dolores dolorem accusantium sapiente assumenda dolorum cumque adipisci.',0,0,'1980-04-04 10:07:02','1981-03-01 18:47:14'),(30,30,30,'Asperiores cum qui necessitatibus quidem magnam consectetur corrupti animi. Quae ratione distinctio et enim rerum.',0,0,'1993-07-04 02:15:28','2012-04-05 04:21:17'),(31,31,31,'Cupiditate ut voluptates beatae eos. Molestiae delectus temporibus ut voluptates voluptatibus. Voluptas aut saepe officiis velit.',0,1,'1983-11-25 08:36:19','2017-05-18 10:26:13'),(32,32,32,'Nihil autem voluptate et et quas saepe libero dolor. Saepe veritatis incidunt optio vel ad natus. Magnam voluptas odio velit aut perspiciatis sunt. Iure voluptatum aut aut fuga vel.',1,0,'1988-02-29 10:02:00','1973-04-11 12:12:33'),(33,33,33,'Eaque dolor soluta illo quia ut error. Ut a dolore optio. Odio natus officiis qui repellat et.',1,0,'2014-08-23 12:47:28','1973-05-05 21:54:53'),(34,34,34,'Nemo eligendi omnis est officia. Voluptatem enim quia veniam fugit ratione cum. Velit aut tempore esse optio est odit.',0,0,'2012-05-05 19:53:20','1991-08-07 18:58:45'),(35,35,35,'Placeat unde officia dolorem dolorum omnis quae deleniti ab. Officia suscipit laudantium iusto fuga. Qui saepe corporis distinctio.',1,1,'1995-12-26 14:34:39','1996-04-17 09:02:11'),(36,36,36,'Qui voluptatem aperiam vel porro itaque. Quidem odio exercitationem ut quaerat labore. Qui aut hic in. Pariatur aspernatur tenetur quibusdam.',1,1,'1982-11-15 12:51:17','2014-03-28 01:27:10'),(37,37,37,'Distinctio reprehenderit quasi et et omnis. Provident consectetur beatae temporibus debitis.',0,1,'2018-01-22 09:40:23','1972-03-22 11:55:33'),(38,38,38,'Maxime odio nostrum modi voluptatem omnis sequi commodi quae. Eum aperiam illo est laudantium consequatur et aut. Aut dolore molestiae id facilis. Vitae quia fuga voluptatibus quos accusamus.',1,1,'1978-08-20 09:30:45','1990-09-24 05:55:21'),(39,39,39,'Architecto dolorem consequatur qui deserunt possimus voluptatum provident nam. Occaecati quia deleniti dolores. Nemo qui eaque enim sunt.',0,0,'2009-02-23 21:30:26','1976-11-05 07:02:14'),(40,40,40,'Architecto suscipit reprehenderit cupiditate error voluptas velit. Velit laboriosam eveniet ex perferendis ut esse quam. Sed et omnis omnis. Hic tenetur rerum blanditiis dolores eum optio quisquam. Autem necessitatibus quo eius perferendis adipisci.',0,1,'2002-06-04 17:42:20','1996-11-10 01:18:58'),(41,41,41,'Excepturi voluptatem fuga incidunt in. Quis et quo asperiores facere ut minus. Non consequatur maiores molestiae sunt autem suscipit quas. Consequatur error ex dolorum repellendus.',1,0,'1970-01-20 16:43:50','2017-12-05 23:32:58'),(42,42,42,'Consequuntur labore et molestias magnam quia porro. Cupiditate sunt non ipsam nulla inventore est. Odio repellendus porro et iste. Quidem est et nihil aliquam quis fugit.',0,1,'2005-10-31 20:39:42','1983-09-09 07:37:54'),(43,43,43,'Voluptas provident ea saepe minus praesentium et cumque. Fugiat assumenda et excepturi mollitia delectus maiores. Doloremque et voluptatem asperiores quis. Delectus earum quis porro adipisci vel blanditiis.',1,0,'2019-02-03 06:33:48','1991-12-14 03:35:25'),(44,44,44,'Voluptatibus quas molestias quia voluptatibus iste incidunt fuga veritatis. Nemo itaque voluptatem dolorem doloremque. Ab cupiditate culpa incidunt nulla hic nostrum incidunt nam. Modi veniam veritatis cum quaerat itaque doloribus rerum.',1,1,'1992-10-14 16:07:03','2019-04-13 22:25:47'),(45,45,45,'Deleniti optio minima nihil quis repellat inventore fugiat. Repellat ab et quia quod nisi. Totam aut rem aut eligendi sequi dolorum.',0,0,'2014-08-31 07:54:07','2013-11-21 22:23:47'),(46,46,46,'Odit qui aperiam possimus numquam veniam aperiam. Consequatur ipsa in sit et ea dolore facere. Quam ipsa iusto expedita delectus.',0,1,'1997-05-30 08:55:48','2000-09-07 12:58:35'),(47,47,47,'Qui est minima numquam aut maiores nesciunt reiciendis eos. Accusamus modi odio rem repudiandae expedita. Ex deserunt quam commodi est nam culpa harum.',1,0,'1991-11-26 13:53:37','1989-09-20 16:30:41'),(48,48,48,'Similique excepturi vero sed omnis velit eum facilis. Quis illo laudantium nihil eveniet. Quos in ea cumque doloremque.',1,1,'2000-05-31 10:04:13','1997-02-08 11:17:06'),(49,49,49,'Animi voluptas ipsam ipsum corporis est vero voluptate. Adipisci nam praesentium sit et. Ipsum quas odit unde rerum perspiciatis asperiores. Deleniti quo quaerat ab sint iure qui sed.',0,0,'1984-07-04 15:34:01','1979-10-12 20:51:34'),(50,50,50,'Quia cumque nesciunt et aut placeat perferendis. Eos iure a ratione inventore quod. Qui qui ab soluta possimus non distinctio rem. Sed a sapiente veniam veritatis quod.',1,1,'1970-08-25 20:01:45','1971-01-10 13:52:54'),(51,51,51,'Placeat quo est vero aspernatur quis illo. Nihil saepe cupiditate iste ipsa in quaerat. Molestias recusandae quaerat est nostrum eveniet nisi debitis fugiat. Veritatis nulla et qui recusandae amet velit.',1,1,'1977-10-08 07:00:58','2001-08-25 09:10:01'),(52,52,52,'Porro est assumenda qui distinctio quam et. Et dolorem dignissimos est occaecati. Perferendis dolorem vel ipsum voluptatem expedita et rem. Velit facere cupiditate voluptatem fuga voluptatum.',1,0,'2000-09-24 04:08:04','2017-12-13 08:34:46'),(53,53,53,'Et illum praesentium et nihil aspernatur aut reprehenderit. Qui nemo aut est aut natus qui. Ullam numquam sunt quo velit. Enim suscipit dolor sunt illum voluptates.',0,0,'2013-05-20 17:15:27','2007-07-31 05:31:14'),(54,54,54,'Mollitia qui maiores quas et. Ut omnis libero recusandae. Eos enim unde et. Reprehenderit consequatur quia inventore est.',1,0,'1987-09-06 23:31:05','1994-03-31 03:44:55'),(55,55,55,'Quaerat iste ipsam autem consectetur est perspiciatis. Voluptas quam expedita nam impedit. Ad numquam cum voluptatem consequatur eligendi aut velit.',1,1,'1988-10-03 19:01:02','1981-04-08 04:22:42'),(56,56,56,'Dolores qui ipsa omnis incidunt ipsa. Qui magni commodi ratione illum cumque sint. Voluptatem non deleniti sint iusto. Non voluptas provident aut velit deleniti.',0,0,'2017-05-17 13:58:38','1986-02-27 03:43:49'),(57,57,57,'Debitis natus earum earum. Sit omnis suscipit voluptatibus quia tempora placeat. Non exercitationem voluptatem et sapiente. Quo impedit qui a velit et cum voluptate.',0,1,'1980-11-22 10:27:43','1976-04-25 19:12:25'),(58,58,58,'Vero ad hic autem magni. Eos accusamus et rerum distinctio dolores tempore eum.',0,0,'1995-03-15 19:01:40','1989-08-16 17:39:06'),(59,59,59,'Ut voluptatibus facere iusto dolorum aut. Quo adipisci sunt nostrum eos a quia optio. Eveniet repellendus quia occaecati eos sed fugit inventore.',1,0,'1981-03-29 11:26:38','1991-04-24 17:22:52'),(60,60,60,'Quam repudiandae hic aliquam expedita est veritatis. Nemo et velit vitae ipsa labore. Autem et repellendus dolorem sed inventore. Pariatur et deleniti aut ut nostrum.',1,1,'2012-09-18 16:23:19','2001-06-16 18:41:08'),(61,61,61,'Tenetur ipsam eaque delectus quod eaque est. Reiciendis id dolor aut soluta aut ea. Animi ipsa itaque aperiam rerum modi.',0,0,'1997-05-12 00:18:47','2015-02-14 00:38:27'),(62,62,62,'Aut eius rerum sint ipsum ut voluptas. Illo adipisci suscipit iure omnis error non ad. Excepturi ut sunt minus ut dolore aut labore. Et distinctio est harum.',1,1,'1986-08-23 18:54:34','2005-09-09 18:31:20'),(63,63,63,'Similique voluptatem officiis fugiat quibusdam optio voluptates. Temporibus incidunt explicabo dicta quae. Animi sed omnis est ut sit quia. Consequuntur similique aut ducimus occaecati odit veritatis quae modi.',1,1,'2003-07-30 08:04:50','1974-02-16 21:09:19'),(64,64,64,'Nam provident vitae vero deleniti voluptatum odit iure. Unde reprehenderit sapiente velit dicta. Nemo ullam molestiae dolor temporibus aut. Non iste animi nihil.',1,0,'2017-10-16 11:18:47','1993-10-02 06:58:00'),(65,65,65,'Similique aut adipisci omnis iure ea delectus cum. Explicabo eveniet repellendus debitis sunt sint sapiente. Est non commodi non omnis et. Nulla id porro totam voluptatem repellat quasi nam.',1,0,'2008-10-04 09:42:29','2015-12-31 20:00:48'),(66,66,66,'Quisquam voluptate rerum itaque illo voluptate pariatur. Quas sequi rem qui numquam. Occaecati aperiam occaecati animi assumenda laboriosam omnis neque. Quia nisi deserunt officiis earum.',1,0,'1992-12-17 09:24:32','2016-01-23 17:11:48'),(67,67,67,'Sapiente nisi tenetur tempore porro. Rem in dignissimos deserunt voluptatum officiis quo. Ut tenetur sint nisi error enim eum dolor.',0,1,'1993-06-17 09:11:24','1995-10-18 16:23:18'),(68,68,68,'Distinctio autem et perspiciatis quasi veniam. Est sed possimus dolor dolores eum nam quasi. Odit ab optio sunt veritatis id quia.',0,0,'2002-10-25 14:56:35','1975-07-28 12:31:00'),(69,69,69,'Delectus laudantium repudiandae quibusdam. Officia sapiente non dolore veritatis. Sed officia rerum aut. Autem quo sed culpa delectus. Atque inventore tempore molestiae libero mollitia excepturi.',0,0,'1995-02-20 16:38:06','1983-08-06 06:46:32'),(70,70,70,'Facilis officiis sit vero. Eum numquam necessitatibus in. Reiciendis fugiat omnis delectus et suscipit voluptatum. Facere placeat voluptatem amet dolorem.',0,0,'1977-07-19 14:23:16','1996-06-03 14:21:40'),(71,71,71,'Id dolor quo est. Incidunt aut aut inventore vel. Et dolore reiciendis laborum.',1,0,'2008-02-09 10:35:48','1997-01-25 19:45:15'),(72,72,72,'Temporibus quia et omnis non est commodi consequuntur. Quia aut consequatur fugit ipsam ab sed. Laborum voluptas nemo et.',1,1,'2007-03-17 01:21:56','2008-04-05 13:52:50'),(73,73,73,'Perspiciatis sunt iusto alias molestiae qui nisi ullam nesciunt. Voluptatem tempore adipisci perspiciatis iusto qui ut id. Modi delectus totam at consequuntur.',0,1,'1984-12-02 02:26:00','2002-06-16 21:31:29'),(74,74,74,'Officiis ea sed repellendus cupiditate. Veritatis tenetur quo dolores saepe incidunt est dolore et. Expedita non illo est.',0,0,'1989-03-23 00:11:03','1981-10-08 13:34:29'),(75,75,75,'Fugiat in aut est omnis et velit. Ab magni accusamus explicabo quam suscipit. Eum sed quibusdam sunt.',1,1,'1990-09-17 10:01:45','2013-01-21 05:22:06'),(76,76,76,'Autem modi corporis cumque ea quibusdam qui magnam. Aperiam aut molestiae maiores quidem voluptate. Et autem officia voluptatibus pariatur.',1,1,'2010-02-22 06:57:22','1997-06-30 23:08:10'),(77,77,77,'Alias accusantium porro voluptate quis officia fugiat ut pariatur. Neque dolores qui sequi dignissimos. Debitis at voluptatem commodi omnis quia quia. Sunt et ipsam illum nisi eaque.',1,1,'1988-04-21 16:27:54','1999-06-10 02:28:43'),(78,78,78,'Facilis est ipsa in nihil. Ducimus possimus laudantium consectetur beatae sunt. Voluptatem est aperiam velit voluptas quisquam ex.',1,1,'1988-04-24 09:36:31','2010-06-11 12:19:03'),(79,79,79,'Libero beatae ipsa est ut autem numquam. Molestias quia et quo voluptas aliquam. Nam numquam praesentium odit odit. Consequuntur neque molestiae non hic.',0,1,'2003-03-13 23:06:07','1986-12-28 13:41:46'),(80,80,80,'Dolores quis dolores corporis. Dolore rerum suscipit exercitationem officiis voluptas eum.',0,0,'1975-07-29 14:45:10','2004-12-20 09:19:13'),(81,81,81,'Omnis asperiores earum provident eaque iusto magnam accusamus. Voluptas aut sequi et repudiandae accusantium accusamus quas. Accusamus sint ut occaecati minima animi. Eius sit ea delectus.',1,0,'1988-01-08 18:23:23','2004-12-20 08:57:35'),(82,82,82,'Quod hic eum amet repellat unde dicta. Rem aspernatur dolorem quas et sapiente dolorem odio. Consequuntur dolor dolores ut corrupti. Fugiat voluptatem magni ad quod et et.',1,0,'2008-05-16 17:23:37','2011-05-09 17:37:36'),(83,83,83,'Accusantium consequatur illum tempora occaecati est. Rerum voluptate exercitationem saepe pariatur pariatur qui. Quibusdam et mollitia odit exercitationem necessitatibus qui autem.',1,0,'2014-06-26 15:37:50','1971-04-24 23:01:18'),(84,84,84,'Cum repudiandae ut aut consequuntur debitis totam in. Suscipit enim quas accusantium doloremque. Architecto molestiae modi commodi id placeat et quod illum. Corrupti consequatur vel omnis recusandae quia dicta beatae.',0,1,'2009-04-17 05:50:46','1977-06-18 09:51:47'),(85,85,85,'Quidem incidunt alias odit soluta. Est qui veritatis assumenda. Earum et impedit voluptas quia. Optio officiis dicta aliquid eum unde. Tempora quod quidem illo maxime.',0,0,'2009-02-13 08:30:03','2008-08-01 05:11:29'),(86,86,86,'Iste doloribus voluptas non aut molestias. Pariatur deleniti sit quos non voluptate aut ut. Impedit earum vero ipsum deserunt aliquid sequi sequi.',0,1,'1997-06-05 10:19:28','1985-04-29 07:42:33'),(87,87,87,'Voluptatem eum aperiam minus animi rerum. Itaque veniam at commodi earum. Est voluptatem facilis excepturi consequatur. Illo dolor ut quia sed magnam quo iusto.',1,0,'2016-04-12 03:47:33','1986-05-15 14:50:39'),(88,88,88,'Dignissimos dolor dolor est sint voluptas. Consequatur corporis dolorum error et.',0,0,'1994-09-22 10:14:00','2000-01-12 00:30:22'),(89,89,89,'Debitis rem unde ab perferendis ab doloribus accusamus. Nemo sint placeat tempora qui est in. Cumque natus beatae exercitationem dolores recusandae doloremque deleniti. Sed cumque suscipit dolor enim.',1,0,'2006-04-30 12:12:38','2001-02-09 04:55:39'),(90,90,90,'Ut distinctio qui sed id. Quas delectus quo facere veniam nostrum aliquid. Sapiente cum ipsam corrupti et non ratione aut.',1,0,'2014-07-24 03:10:48','1993-02-05 19:06:00'),(91,91,91,'Libero molestiae delectus ut sed deleniti perspiciatis sit. Repellendus quis a tempore sed. Sit rerum velit aspernatur et rem molestiae.',0,0,'1980-06-26 20:49:42','1984-10-28 03:38:51'),(92,92,92,'Cupiditate qui suscipit saepe qui sit. In quisquam atque eaque necessitatibus laudantium.',0,1,'1988-08-23 13:33:02','2003-05-09 07:49:54'),(93,93,93,'Eveniet id expedita rem et. Quod voluptates rerum voluptate fugit. Fugiat molestiae repudiandae dolorem officiis.',1,0,'1984-04-13 12:36:07','1980-02-06 09:53:09'),(94,94,94,'Dolore aut quo debitis et quo enim. Non et qui omnis numquam. Fuga tempore quam eius deleniti eveniet et. Ut aliquid inventore deleniti voluptatibus illo magni.',0,0,'2009-05-05 17:52:42','2009-10-06 15:17:20'),(95,95,95,'Iste exercitationem et officia adipisci est optio nemo dolorem. Nobis incidunt doloremque est dolorem quibusdam eveniet molestias. Quia repellat et officia non error veniam. Ut quas aperiam totam eum aperiam maxime.',1,1,'1986-01-29 02:05:59','1972-04-20 08:20:51'),(96,96,96,'Quae et similique molestias ut magni. Ipsam eveniet eveniet et asperiores magnam. Inventore qui ut qui animi laborum. Minus et nihil et consequatur.',1,0,'1975-05-11 13:14:28','1999-10-27 08:12:49'),(97,97,97,'Quaerat dolorum ad qui. Aliquam explicabo consectetur nobis id libero qui natus. Nobis omnis consequatur quam velit numquam. Ea sit nobis architecto voluptas ea est rerum.',0,1,'2013-05-03 05:48:28','2007-12-18 15:31:50'),(98,98,98,'Corrupti est ut magnam deserunt alias eveniet dolores dolorum. Eius est quia quia praesentium. Quia est et in id sequi.',1,1,'1971-06-13 20:14:59','1993-06-22 06:59:14'),(99,99,99,'Dolorem quos sit dolorum qui velit enim assumenda. Sit et atque tenetur minima cupiditate unde. Eius voluptas doloribus sed sint consequuntur ipsam.',0,1,'1989-10-05 04:21:59','1985-07-02 17:03:44'),(100,100,100,'Est quaerat consequatur rerum laudantium accusantium molestias tempora. Cum velit ea possimus et eum facilis. Maxime ipsum omnis ut officiis dolore.',0,1,'1980-03-07 12:57:45','1999-12-30 17:34:26'),(101,1,1,'Dolores consectetur velit aut eum. Assumenda repellendus totam et illum nostrum. Perferendis praesentium hic dolores et quia sit consectetur. Similique molestiae dolor laudantium iusto doloremque nesciunt.',0,0,'1990-07-30 07:08:24','1983-01-17 22:39:32'),(102,2,2,'Minima minima debitis consequuntur blanditiis et iure temporibus ut. Deleniti voluptatem ut in nihil qui modi aperiam.',0,1,'2009-09-26 19:20:19','2012-06-26 21:35:04'),(103,3,3,'Et error ipsam et provident. Neque illum vitae velit vero omnis quae nisi. Vero quibusdam et et.',0,1,'1994-11-14 10:32:04','2012-03-08 16:22:47'),(104,4,4,'Et tempore in quo deleniti autem. Accusamus ipsa aspernatur quis numquam corporis.',1,0,'2009-10-18 11:00:59','2016-08-14 06:16:42'),(105,5,5,'Voluptatem voluptatem sed aspernatur sunt eligendi eveniet. Ullam aut eos modi sint laboriosam in. Voluptas ea labore iusto error nesciunt corrupti alias. Non minus nisi harum tempora laborum architecto quis.',1,0,'1980-02-16 16:14:18','2000-12-29 19:01:12'),(106,6,6,'Dolorem quis sed aliquam et et necessitatibus. Et sequi velit magni eos porro. Qui doloremque quia officiis atque quos delectus et. Qui velit omnis laudantium aperiam architecto sed. Ut provident exercitationem enim est recusandae.',1,1,'1976-08-20 08:30:33','1979-12-24 08:16:12'),(107,7,7,'Aspernatur architecto quod aut voluptatem aperiam. Cupiditate repellendus est consectetur aut nihil. Et necessitatibus nesciunt autem deserunt recusandae culpa et. Rerum omnis nobis animi nam facilis officia ad.',0,0,'2004-06-17 18:53:59','1995-07-01 10:15:03'),(108,8,8,'Amet porro sit vel. Ipsum quia nostrum facere voluptate non modi. Eligendi dolores quia sapiente dolorum. Perferendis deleniti eaque rerum quia officia.',0,0,'1998-11-01 20:06:27','2006-06-19 21:59:47'),(109,9,9,'Quam consectetur impedit repudiandae quisquam qui quasi. Odit quis libero eveniet quo distinctio. Non illum qui qui reprehenderit exercitationem quia. Autem in aut tempore molestiae odio similique dolores.',1,0,'1998-04-18 15:13:21','1970-06-07 09:37:09'),(110,10,10,'Fugit ut eligendi in. Dignissimos magnam sed praesentium excepturi ea velit vel. Labore in minus itaque nam.',0,0,'1990-04-08 06:13:19','1988-04-19 20:12:09'),(111,11,11,'Maiores omnis nihil est et ipsam. Placeat qui consequatur maxime eligendi provident tenetur ut dolore. Cupiditate ducimus reprehenderit odit ut. Non libero dolore et sunt minima consequuntur.',0,1,'1996-12-10 23:05:47','1982-10-12 02:08:59'),(112,12,12,'Deleniti vitae vero harum voluptatem dolorem eum suscipit. Iure dolor voluptate quia occaecati minus. Et soluta praesentium quam voluptate quaerat et autem. Autem similique itaque adipisci ea ipsum non earum laudantium.',0,0,'1983-09-22 06:43:00','1979-05-20 04:31:51'),(113,13,13,'Laborum accusamus inventore quia at. Et praesentium ipsum ut ratione dignissimos qui. Ut deleniti ut modi consequuntur quisquam ipsa.',1,0,'2017-01-30 23:18:44','1970-03-29 06:38:03'),(114,14,14,'Cum cumque ut consequatur incidunt nobis nemo similique. Dolor ut fugiat voluptatem ut porro rem nesciunt. Corporis animi sed consequatur fuga et maxime facere accusamus. Quis nam aut ut natus amet nulla.',1,1,'1990-02-22 10:32:39','2012-03-26 20:42:04'),(115,15,15,'Aut illum totam odit dolorum porro. Sit facilis natus nulla accusantium. Harum est qui quo fugit dignissimos qui. Eos et est voluptatibus commodi dolorem enim voluptatem vero.',0,1,'1994-07-10 13:00:53','1985-04-18 07:56:41'),(116,16,16,'Error et itaque corrupti atque excepturi velit. Veniam eum qui facere inventore reprehenderit rerum sapiente. Odit eveniet excepturi et distinctio consequatur. Est fugit voluptatem labore consectetur cum.',1,1,'2018-01-17 17:13:03','2009-09-06 04:09:15'),(117,17,17,'Explicabo laborum tenetur est ex voluptatem aut. Excepturi quasi fugiat quae quis ut. Sit voluptas assumenda consequatur dignissimos fuga sunt illo.',1,1,'1992-10-17 00:20:36','1993-09-18 15:45:20'),(118,18,18,'Quidem itaque omnis id optio libero perspiciatis non. Ipsum mollitia ipsum esse est omnis eum nulla. Mollitia et laborum hic repudiandae eveniet eos. Aut qui minima ullam nisi.',0,0,'1974-10-26 10:34:13','1986-09-05 15:14:29'),(119,19,19,'Nesciunt vel molestias suscipit et qui dolorum est. Expedita sit eveniet omnis sit laudantium. Et voluptatem vel eaque saepe sit minus pariatur.',1,0,'1983-09-18 07:25:01','2011-01-01 18:14:22'),(120,20,20,'Perspiciatis voluptatibus repellat a cupiditate rerum ab. Quia animi et quo veritatis. Enim est ut qui totam.',0,1,'1996-02-12 16:26:27','1982-12-24 23:36:39'),(121,21,21,'Voluptatibus rerum pariatur hic consequuntur quidem minus dignissimos. Fugiat asperiores possimus vel ducimus qui atque. Porro modi dolor iusto et ad modi beatae. Voluptates explicabo vitae consequuntur eum quod et. Magnam sapiente aperiam dicta ea.',0,0,'1970-09-27 16:12:08','1993-10-12 21:56:40'),(122,22,22,'Reprehenderit ut distinctio consequuntur voluptas voluptas sequi sit. Quia ullam magnam voluptatum quia molestiae. Ab assumenda non veniam quas quisquam aut fuga. Qui quia sequi assumenda deserunt dignissimos.',0,1,'1986-11-15 21:05:23','1994-02-24 05:45:39'),(123,23,23,'Ea ut officia et similique nostrum animi rerum. Nobis eum amet omnis sit vitae asperiores non. Asperiores et esse sit possimus a.',0,1,'1972-01-15 10:19:30','2019-10-24 20:38:30'),(124,24,24,'Quasi dolorum rerum fugit cupiditate veniam aut. Qui sunt nemo quia autem. Qui accusamus inventore est et accusamus. Sunt sed doloremque eaque beatae. Accusantium neque natus qui sunt quo mollitia qui autem.',1,0,'2012-08-01 09:50:00','1985-05-13 21:46:21'),(125,25,25,'Aut nihil doloribus unde sint molestiae. Voluptas quas dolores incidunt et quae. Unde at officiis labore aut beatae ab placeat. Et itaque nihil repudiandae qui aliquid consequatur.',0,1,'2009-08-06 11:17:51','2016-12-13 16:23:54'),(126,26,26,'Quis rerum eos quis nisi est. Sunt totam voluptatem culpa deleniti. Tenetur corporis autem iure vero. Sequi architecto quia dolores enim et.',0,0,'2012-10-13 17:20:46','1994-01-13 14:25:51'),(127,27,27,'Quia in quidem omnis adipisci placeat qui quas. Ipsum praesentium est consectetur consequatur non. Quis rerum voluptatem voluptas temporibus.',0,1,'2003-05-04 08:30:56','1990-03-08 06:40:41'),(128,28,28,'Corrupti excepturi repellat adipisci accusamus est. Odio facere non tempore vel.',1,0,'1988-05-19 23:20:51','2012-04-08 01:11:48'),(129,29,29,'Libero vero error quia aut molestiae assumenda pariatur. Minima sequi voluptatem velit quam sed. Commodi consequatur quo necessitatibus molestiae sunt impedit. Consequatur quasi vel est qui natus suscipit rerum qui.',1,1,'1984-10-15 19:29:30','2019-05-13 00:34:17'),(130,30,30,'Hic sapiente sapiente omnis est. Ducimus officia aut aspernatur velit. Delectus molestias optio reiciendis. Eum molestiae veniam voluptatem non dicta corrupti.',0,0,'1975-12-19 14:48:09','2008-06-23 17:10:52'),(131,31,31,'Repellendus cum nemo nisi quasi. Omnis fugiat ut voluptate et illo ipsa sit. Sed libero qui dolor et. Aut omnis modi porro voluptatem.',1,1,'2020-01-24 10:37:26','2010-09-29 00:44:17'),(132,32,32,'Dolor optio aliquid aut veritatis rerum nihil. Quod qui sunt dolorem. Expedita laudantium et impedit.',1,0,'1988-09-05 07:04:49','1992-12-04 01:52:08'),(133,33,33,'Voluptates quaerat amet doloremque accusamus quae autem. Totam reiciendis odio saepe molestiae nobis consequuntur. Eligendi minima quia unde consequuntur eum facilis voluptatum doloremque. Optio voluptas quisquam vel quia cumque pariatur.',0,1,'1976-08-22 13:56:09','1999-02-19 08:52:32'),(134,34,34,'Similique aut qui autem eum nostrum voluptas porro. Vel iure et amet est. Neque earum sed et ut tempore aut adipisci.',0,1,'1974-05-26 07:58:49','2009-10-15 21:51:56'),(135,35,35,'Repellendus quas non eum aperiam aut voluptatem non. Pariatur perferendis voluptate harum quia officiis quibusdam ut qui. Nihil numquam et sunt necessitatibus odit quia sequi. Itaque sed earum facere est alias quas.',0,0,'2016-10-04 13:27:37','1973-04-09 23:49:39'),(136,36,36,'Dicta sit enim qui. Non repudiandae nobis officia ea esse. Impedit error quod voluptates doloremque.',0,0,'2020-06-14 11:33:10','1971-11-04 17:51:42'),(137,37,37,'Voluptatem blanditiis dignissimos autem reiciendis rerum non quam. Qui placeat distinctio quia qui sed. Asperiores ut et nihil. Ab ea soluta aliquid non quos eum natus.',1,1,'1983-08-05 20:30:59','2015-04-09 07:50:22'),(138,38,38,'Rem est sed ducimus. Nostrum repudiandae repellendus quia eos omnis sit iste necessitatibus. Aperiam reiciendis in ut velit cupiditate consequatur.',1,1,'1994-07-08 17:53:39','2012-03-22 20:52:22'),(139,39,39,'Voluptates tempora quis nihil ad et. Id ullam ut quis dignissimos quam. Est hic quas assumenda officia aspernatur.',1,1,'1978-09-22 03:06:20','2020-07-02 10:11:25'),(140,40,40,'Et et dolores in. Quo omnis veritatis dolor sequi neque. Tempora ducimus et minus iusto culpa fugit voluptas et. Quasi architecto quo iure iste magni possimus.',1,1,'1973-05-23 19:55:56','1970-04-07 22:15:24'),(141,41,41,'Quo rem voluptate odit fugiat. Optio maiores aut veniam corrupti quibusdam qui. Enim repellat cumque sapiente et libero.',1,1,'1989-02-23 18:52:42','2002-02-07 21:31:47'),(142,42,42,'Natus qui quia tempore aliquid dolor. Sed rem consequuntur illum voluptatem. Officiis animi et eum. Ut fuga cumque repellendus necessitatibus assumenda consequatur nostrum repudiandae.',1,0,'1993-10-21 23:12:37','2004-05-27 23:37:50'),(143,43,43,'Officiis exercitationem nobis accusamus qui fugiat voluptates alias. Quo illum ratione aperiam sed quia illo dicta. Non molestiae in temporibus ut qui. Provident doloribus aspernatur non.',1,1,'1987-03-07 01:43:47','2006-06-13 04:29:39'),(144,44,44,'Excepturi accusamus quos cum fugit et laboriosam. Perferendis est dolores et fuga quod est nemo.',0,0,'1976-11-15 02:25:56','2007-03-03 07:54:23'),(145,45,45,'Cumque qui suscipit aut ipsam occaecati rem. Itaque consequatur ad molestiae. Maxime minima sapiente a blanditiis. Eos numquam qui dolores porro non voluptatum dicta voluptatem.',1,1,'1981-09-14 17:49:51','1997-02-10 18:05:58'),(146,46,46,'Libero et est quia qui molestiae. Dicta consequuntur id omnis culpa ut quae voluptatibus doloremque. Maxime ea qui sit rem ad deleniti. Dolor illum animi deserunt est omnis id odio sit.',0,1,'2017-08-16 12:35:46','1971-07-05 09:03:24'),(147,47,47,'Harum nihil ex eveniet aut similique et. Laudantium illum qui alias nostrum illum necessitatibus. Recusandae inventore temporibus est et voluptatem. Officiis sed nesciunt et.',0,1,'1998-07-04 00:39:56','1995-03-26 07:51:01'),(148,48,48,'Molestias qui sapiente necessitatibus cum voluptas voluptatem autem dolores. Eveniet corrupti consequatur ut. Nulla aut praesentium quia aut. Beatae saepe quia ut officia rem cum necessitatibus vitae.',1,1,'1973-02-14 06:40:17','1981-08-06 13:07:23'),(149,49,49,'Suscipit rerum quia asperiores sed. Fugit qui in est ex excepturi excepturi. Ipsum repellat velit aut voluptas et. Odit id pariatur hic.',1,0,'1979-01-21 06:12:22','1983-12-13 13:45:28'),(150,50,50,'Minus doloremque possimus rerum et aut. Nisi autem tenetur qui architecto nobis id. Itaque delectus sed temporibus dolores.',0,0,'2005-05-14 14:36:23','2020-06-18 23:47:50'),(151,51,51,'Aut perspiciatis doloremque dolor a quia vitae. Laudantium et voluptatum error recusandae. Sequi quia fuga perspiciatis at amet. A autem in rerum aliquid laudantium.',1,0,'1984-12-31 21:31:41','1999-04-05 14:18:45'),(152,52,52,'Accusamus temporibus quam accusamus tenetur doloremque. Voluptatibus similique est ipsa et est expedita expedita. Non at qui rerum in.',0,1,'1974-05-08 23:11:35','2004-02-03 20:58:56'),(153,53,53,'Rerum beatae quidem beatae dolore. Ea eum et minus et distinctio illo debitis. Ipsam minus mollitia nesciunt consectetur libero aut. In esse rerum nisi molestias. Placeat odio ut magnam maxime excepturi ut.',1,1,'1985-12-13 09:49:03','2004-07-31 07:37:34'),(154,54,54,'Quia distinctio qui hic enim iste. Aperiam earum itaque in id. Esse beatae quidem quae quod ex. Sint nam rerum aliquid maiores commodi.',0,0,'2013-09-14 05:52:59','1993-02-12 15:51:17'),(155,55,55,'Laborum vero voluptate quam commodi. Eum vel eius fugiat. Assumenda sed error fuga itaque est.',0,1,'1992-01-24 20:32:26','2015-12-17 08:04:41'),(156,56,56,'Accusantium ipsam debitis consequuntur non exercitationem placeat. Blanditiis et porro est dolor qui quisquam. Nam neque minima occaecati tenetur aliquam provident saepe. Et ea temporibus nihil velit quod expedita beatae omnis.',0,1,'1972-03-27 16:17:58','1976-01-17 05:01:01'),(157,57,57,'Non necessitatibus officia quibusdam quisquam placeat ullam iusto. Voluptas est cumque incidunt magnam. Ea voluptate et asperiores possimus. Expedita molestiae possimus sint ea.',0,1,'1997-07-13 11:03:56','2015-10-26 12:33:35'),(158,58,58,'Laboriosam rerum minima sed omnis dolor corrupti. Labore ipsum ut assumenda ut natus corrupti perferendis quasi. Quas vitae dolor id nemo rerum odio nam.',0,1,'1988-10-10 16:53:18','1982-12-29 04:06:40'),(159,59,59,'Enim enim perferendis nam et voluptatem a dolor. Voluptate nostrum temporibus quos possimus quasi. Porro ipsum ducimus ex aliquam maxime aut.',0,1,'1985-10-17 16:41:59','1999-01-22 08:13:48'),(160,60,60,'Ipsum soluta sunt minus ea veritatis maxime amet sint. Dignissimos voluptatem omnis laborum quaerat. Perspiciatis omnis et laborum officiis aliquid libero. Qui voluptatem facere praesentium.',1,0,'1990-12-12 23:21:59','2002-09-05 07:41:25'),(161,61,61,'Exercitationem sapiente error placeat maiores harum ipsam aspernatur. Delectus possimus molestiae consequuntur excepturi qui. Voluptatem facilis qui voluptatem impedit maiores quia. Dolores voluptatem dolorem architecto labore ullam.',0,1,'1983-09-20 15:39:45','1972-06-22 18:19:50'),(162,62,62,'Sed quos culpa sed non. Unde porro omnis voluptatibus porro qui. Est autem soluta totam et quia magni temporibus.',1,0,'1983-12-20 03:06:00','1998-08-07 02:16:02'),(163,63,63,'Occaecati porro eos et velit repellendus. Neque repellat cumque et porro totam vero. Ut non occaecati eaque ut perferendis fuga aut. Aut enim aliquid ut praesentium assumenda quisquam sunt delectus.',1,1,'1973-05-02 11:24:19','2004-03-03 08:33:03'),(164,64,64,'Esse ea est quis veritatis soluta magni at. Consequatur maxime deleniti sed. Id cumque veritatis autem dolorum sit quisquam. Culpa ea odit atque praesentium voluptates totam.',0,0,'2000-03-19 19:41:09','1988-04-18 07:39:31'),(165,65,65,'Dolore exercitationem qui atque eveniet. Explicabo voluptatem id maiores iure omnis. Laudantium cupiditate occaecati saepe eum minima aspernatur. Velit sunt aut veritatis et quaerat dolore et.',0,1,'1989-07-13 01:39:24','1990-09-28 09:54:36'),(166,66,66,'Assumenda consequatur temporibus quia quis. Ut excepturi voluptatibus laudantium exercitationem dicta hic incidunt. Fuga explicabo nulla velit qui nulla molestiae.',1,0,'2000-07-21 03:35:52','1975-12-24 09:18:41'),(167,67,67,'Ut ducimus eos explicabo nobis necessitatibus hic. Rem vero at voluptas aut et et ut.',1,1,'1984-11-26 01:43:18','1998-02-10 09:39:01'),(168,68,68,'Perspiciatis repellat consequatur harum sed architecto et. Error rerum et consectetur ut. Placeat optio inventore voluptates eos. Suscipit et voluptatem et. Sed voluptate est sit non voluptatem.',1,1,'2012-02-27 04:32:07','1977-01-15 22:01:46'),(169,69,69,'Ducimus unde corrupti sed dolore. Et ut quod commodi dolor. Explicabo facilis odit dolorem porro voluptatum. Et optio et placeat et eaque aut.',1,1,'2012-08-06 13:08:17','1982-03-20 08:10:09'),(170,70,70,'Atque et nulla nulla quia. Accusamus quia sint ea sed omnis suscipit. Sit aut quibusdam aliquid omnis vitae quia.',1,1,'2011-01-04 16:51:37','1975-09-19 16:43:53'),(171,71,71,'Molestiae qui aliquid qui. Non dolor voluptas eum dolor animi ea enim. Omnis ut natus aut reprehenderit minus. Praesentium et cupiditate aut aperiam natus quam. Totam beatae doloribus distinctio repellendus qui.',0,1,'2015-01-01 13:44:45','1974-04-05 11:32:48'),(172,72,72,'Quos dolores eveniet doloribus voluptatem qui magnam. Culpa eveniet omnis et ea est eum. Sunt vero aut sed nobis hic.',1,0,'1996-06-22 16:44:33','1996-10-26 15:58:24'),(173,73,73,'Velit dignissimos sit tempore aliquid non. Est dolorum repellendus officia sequi. Iste nulla incidunt illum et impedit. Saepe voluptas enim et perferendis laborum aliquam quidem.',0,0,'1993-10-15 22:25:02','1988-09-08 21:21:34'),(174,74,74,'Repellat quidem adipisci deserunt sit qui aliquam velit. Voluptates aut iure possimus corrupti repudiandae eligendi quaerat vero. Magnam quam aut maxime. Sapiente aut nihil quia officiis veritatis. In sint velit hic quidem.',0,0,'2003-03-20 20:57:49','1986-03-27 15:48:49'),(175,75,75,'Itaque tempora fugiat qui aperiam. Asperiores commodi fugit laudantium ipsam quidem assumenda. Quod eius consequatur in debitis nihil ut doloribus.',1,0,'1981-04-27 02:14:10','1981-07-02 21:45:24'),(176,76,76,'Autem cum qui tempora officia non illum corporis. Ex sequi vero modi quidem. Quia deleniti sit aut quo asperiores quis. Quaerat omnis explicabo fuga.',0,1,'1973-01-27 02:10:13','1983-12-23 21:08:59'),(177,77,77,'Saepe consectetur sit sint facere. Eum commodi inventore omnis aliquam ut non. Sint aliquid labore cum veritatis iste voluptatem.',0,0,'1973-08-17 17:39:26','2014-08-01 18:29:16'),(178,78,78,'Placeat consequatur eaque ipsam quod dolores iste tenetur. Molestiae sapiente non ipsa blanditiis dolores eos. Expedita laudantium saepe delectus eum aut suscipit. Aliquid aspernatur magni aut et.',0,1,'1973-07-31 23:57:51','2010-03-27 20:00:25'),(179,79,79,'Omnis corrupti sed porro quis. Est placeat quae temporibus iure tempora aliquam consequatur. Excepturi non sed et sed nemo quisquam.',1,0,'2017-11-10 03:36:56','1980-08-14 13:20:58'),(180,80,80,'Esse porro occaecati delectus. Repudiandae ut est molestiae atque. Beatae molestiae quis sunt quisquam consequatur eaque cumque. Necessitatibus aperiam beatae velit quaerat beatae nesciunt.',0,0,'2013-01-17 11:20:27','1998-07-09 15:41:49'),(181,81,81,'Eveniet repudiandae et quaerat voluptas ipsam et qui blanditiis. Iusto repellat soluta eaque occaecati velit cum animi totam. Delectus nam et dolorem illum saepe maiores aut.',1,0,'2004-08-23 17:16:41','2013-05-09 22:58:48'),(182,82,82,'Ut qui et est rerum aliquid nulla. Et deserunt in voluptas a facere sint. Omnis explicabo in et.',0,0,'1974-03-28 00:51:03','2013-04-11 03:30:12'),(183,83,83,'Excepturi deserunt laborum labore accusamus voluptas. Repellendus facere consequatur officia et. Iure architecto placeat ipsa quibusdam et aut voluptas.',0,0,'2018-03-22 18:49:46','2006-03-09 21:38:36'),(184,84,84,'Sunt corporis autem ullam voluptate omnis. Aliquam sunt necessitatibus distinctio pariatur accusantium est alias. Blanditiis id eum saepe fugiat. Consectetur nostrum dolor iusto voluptates suscipit ad sed.',1,1,'2003-11-09 06:36:12','1970-05-30 16:47:24'),(185,85,85,'Optio vel sunt vitae iusto quaerat quibusdam. Natus nihil ut cumque id quo ab. Earum dolorem numquam dolore. Natus officiis qui quis eos. Rerum labore ut corrupti.',1,0,'1989-11-05 13:14:11','1986-01-29 06:27:42'),(186,86,86,'Accusamus consequuntur dolor necessitatibus illo fugit laborum harum. Exercitationem et eveniet labore quos accusamus accusamus possimus exercitationem. Et vel quos magni eligendi itaque ipsam voluptatibus. Pariatur quis nesciunt animi dignissimos iusto sapiente.',1,1,'2012-04-06 01:19:17','1997-01-25 14:46:42'),(187,87,87,'Explicabo excepturi commodi et earum et. Enim tempore ullam nemo repellat. Architecto illo sequi quidem sit laudantium et. Corrupti rerum minus sed sapiente dolorem eius necessitatibus.',1,1,'1971-03-19 21:19:00','1989-01-28 17:33:03'),(188,88,88,'Dolor porro asperiores qui id. Voluptatem aut fugiat doloremque voluptas facere ut culpa. Ab qui et reprehenderit impedit tempora. Et id ipsum laudantium nemo ea consequuntur voluptatem.',0,0,'2016-11-15 10:05:04','1981-11-21 21:56:49'),(189,89,89,'Sequi iure cum quo impedit maiores fuga nisi. Vitae repellat magni mollitia dolor dolore cum. Harum officia corrupti sed.',1,0,'1978-07-22 21:59:42','1971-07-03 12:47:30'),(190,90,90,'Doloremque quod quidem qui nam dolores est. Molestiae minus eos facilis in aut aut doloribus.',0,0,'1985-05-15 16:10:30','1991-04-26 08:10:06'),(191,91,91,'Et sit quia eveniet rerum neque. Ut illo iure illo qui. Veritatis adipisci est iusto odit aliquam distinctio vitae. Et repellendus ipsam soluta aperiam et quam sint.',0,1,'1980-04-30 13:24:59','1983-12-17 11:10:34'),(192,92,92,'Occaecati quia consectetur tempore. Qui neque minima velit architecto cumque et quasi perferendis. Rerum illum minima et maxime non inventore asperiores. Quibusdam repellendus sunt impedit velit temporibus.',0,0,'1998-08-17 09:22:16','1999-06-08 14:30:40'),(193,93,93,'Fugiat et aliquam est et sed. Nam commodi rerum facilis corrupti consequuntur commodi. Soluta eos et tempore molestias distinctio non.',0,1,'1978-04-22 09:15:07','1996-11-03 15:45:45'),(194,94,94,'Minima est rerum neque blanditiis sunt impedit. Voluptatem nemo cupiditate corrupti consequatur incidunt. Inventore atque amet sapiente aut impedit ducimus possimus ducimus. Velit voluptatibus quibusdam magni quisquam.',0,1,'1983-06-06 04:36:09','1971-04-08 11:31:51'),(195,95,95,'Veritatis dolorum veniam ab rem ex aut. Et et aperiam omnis velit rem deleniti. Est eligendi numquam omnis aut.',0,0,'2000-06-28 16:43:42','1975-09-02 17:39:22'),(196,96,96,'Doloremque exercitationem ipsum commodi quisquam saepe. Et quibusdam eum ex minima repellendus. Optio corrupti eum nemo possimus reiciendis.',0,1,'1973-12-26 03:01:54','2012-08-09 23:53:15'),(197,97,97,'Ratione non et doloremque nisi non aut ea similique. Aut a et accusantium eum aspernatur. Sed consequatur beatae voluptates quo.',0,0,'2006-08-20 18:56:05','1982-09-20 18:23:39'),(198,98,98,'Atque doloribus perferendis qui libero molestiae. Voluptatibus ab qui animi dolores labore fuga animi rerum. Ea ipsum officia esse non sint autem rerum in.',0,1,'1980-06-14 07:31:25','1984-05-28 01:16:38'),(199,99,99,'Sit maxime dolores perspiciatis voluptas. Qui placeat reprehenderit voluptates dicta. Molestiae fugiat et pariatur neque pariatur.',0,1,'1998-09-07 15:54:16','1990-10-12 15:40:33'),(200,100,100,'Est ex doloribus sapiente est. Ut deserunt iure nostrum maxime. Magnam ut nihil tempore ut. Sequi aperiam quod eius et architecto et dicta.',0,1,'2013-10-10 12:43:45','1971-03-25 12:30:41'),(201,1,1,'Est eveniet accusantium aperiam. Saepe dolorem commodi adipisci libero quisquam rem voluptates. Itaque veniam aut dolor modi vel quisquam.',0,1,'2008-06-18 07:52:35','2000-07-20 17:42:07'),(202,2,2,'Est ut quia alias architecto. Nam et rerum quod eos. Asperiores est sint laborum facere vel voluptatum consequuntur. Id ad molestias id hic.',0,0,'1982-08-08 06:36:03','1996-10-06 12:31:37'),(203,3,3,'Nesciunt tempore enim nobis explicabo qui et. Atque earum minus blanditiis qui. Repellendus rerum consectetur numquam esse.',0,1,'1976-09-28 03:56:41','1991-05-06 15:07:47'),(204,4,4,'Voluptas minima qui et quo corrupti enim. Recusandae quod non maxime reprehenderit nemo. Velit dolor ut optio aliquid quo distinctio quisquam. Consequatur magnam dolor occaecati.',0,0,'1985-07-23 23:31:15','2013-03-04 03:08:05'),(205,5,5,'Autem qui quisquam est dolor voluptatem id vero. Et adipisci et facilis pariatur. Et enim laborum dolore a. Eos vero tempora reprehenderit eum velit quod consequatur.',0,1,'1992-02-09 11:51:16','2011-11-13 08:24:49'),(206,6,6,'Occaecati natus ab aspernatur voluptatem. Qui quisquam illum soluta assumenda. Alias velit consectetur sit dolorem labore.',1,0,'1982-11-16 10:40:32','1993-12-17 07:10:30'),(207,7,7,'Fugiat dolorum totam provident mollitia numquam sunt. Molestiae tenetur qui dolorem eum. Itaque commodi ipsam atque sapiente eius. Quia sint laboriosam quas dicta temporibus dolorum.',0,0,'1975-10-29 07:28:03','2001-09-07 02:27:51'),(208,8,8,'Et hic vitae quasi molestias vero et voluptate. Facere iusto ratione tenetur dolor.',1,0,'1991-01-31 14:09:53','1980-05-07 10:40:23'),(209,9,9,'In velit voluptatem quos ducimus iusto quibusdam amet. Et dolorum nostrum sint ducimus nihil quisquam. Sunt tenetur amet et nam repellendus sed ea. Rem minus rerum ducimus sed. Eaque et quis autem exercitationem nihil.',0,0,'1995-07-08 00:57:41','2009-06-08 08:25:06'),(210,10,10,'Culpa rerum voluptatem optio voluptatibus ut et. Ipsa eius nostrum nesciunt dolor. Asperiores non dolorem deserunt nihil. Et praesentium voluptatem molestiae beatae perferendis.',1,0,'2015-08-22 17:02:19','2004-05-09 05:31:54'),(211,11,11,'Eos voluptas molestiae quis voluptas voluptas quis aut. Sed culpa impedit commodi incidunt ullam voluptatem neque. Nemo fuga in velit eos cupiditate libero modi odit.',0,0,'2018-06-17 07:52:48','1991-05-08 20:16:54'),(212,12,12,'Et rerum laboriosam minima animi qui non dolor voluptate. Reprehenderit repellendus ea sapiente placeat non rerum sint. Aut minus voluptas quos est explicabo eos et veniam.',1,1,'1973-01-07 19:08:34','1980-12-27 15:59:39'),(213,13,13,'Laboriosam quisquam necessitatibus porro tempora. Ipsa aut occaecati nobis et mollitia placeat. Beatae laborum et dolorem. Vel sit non unde est.',0,1,'2011-12-16 13:30:36','1992-11-28 05:27:36'),(214,14,14,'Sed vel dolores quisquam voluptas. Aliquid autem quas et eos. Voluptatem et id iure atque ex possimus. Eligendi harum et exercitationem est sunt aperiam a. Earum enim aperiam numquam nostrum.',1,1,'1992-02-02 02:00:26','2018-03-26 03:21:53'),(215,15,15,'Omnis eligendi ratione sapiente. Consectetur explicabo aliquam recusandae consectetur facere perspiciatis. Ut aut sed ad nostrum omnis harum autem. Placeat possimus magnam sit neque atque. Laboriosam sed ea porro omnis.',0,0,'1978-10-30 22:22:41','1972-04-09 05:04:55'),(216,16,16,'Consequuntur facilis sint hic enim veniam. Qui ut consequatur delectus sit reiciendis repellendus. Officia aut saepe non et. Ea dolor et quam.',1,1,'1987-10-06 17:41:37','1987-08-08 06:54:00'),(217,17,17,'Aliquam error nobis et aut ducimus explicabo. Soluta et distinctio enim omnis est excepturi adipisci. Enim quia aut labore explicabo.',1,0,'2017-09-16 09:27:39','1973-10-24 19:44:41'),(218,18,18,'Et possimus unde quaerat qui similique molestiae unde. Pariatur maxime eos inventore occaecati perspiciatis accusamus. Laudantium sint sapiente excepturi et. Rerum dignissimos minus et tempora.',1,1,'1993-05-01 00:02:21','2018-03-29 18:27:34'),(219,19,19,'Quis asperiores voluptatum ad tempora explicabo. Vitae perspiciatis saepe quidem laborum voluptatum fugiat voluptatem. Ab dolores autem qui impedit voluptates.',1,1,'1998-10-02 18:35:54','1998-07-13 06:33:53'),(220,20,20,'Et ratione voluptates maiores et. Neque maxime fugiat ad consequatur et et ratione necessitatibus. Fuga qui totam aspernatur.',1,1,'2000-08-23 22:57:32','2000-10-25 23:22:45'),(221,21,21,'Quisquam repudiandae tempora odit ullam nisi. Consequatur necessitatibus cumque iure. Voluptatem nesciunt aspernatur et deleniti aliquam.',0,1,'2010-10-21 13:53:05','1980-04-12 06:46:15'),(222,22,22,'Illo qui accusamus atque eos quidem velit. Id ducimus rerum voluptatibus aspernatur quod. Pariatur quis non sed quod aliquid officiis sit. Natus et quo velit ipsum et.',0,0,'1971-09-10 07:20:18','1994-09-27 04:15:35'),(223,23,23,'Architecto fugiat dicta aut in repudiandae. Ducimus eaque est nam. Voluptas vero dolorum iste dolorum. Sequi quo nulla porro velit laborum similique earum.',0,1,'2018-03-01 08:32:09','1975-05-13 17:40:35'),(224,24,24,'Quis est natus corrupti doloribus. Autem exercitationem tempore dolores iusto. Omnis saepe sed quo ipsum.',1,1,'1993-05-02 05:44:02','1980-08-03 14:28:06'),(225,25,25,'Exercitationem voluptatem reprehenderit veniam debitis animi. Est aut et itaque fuga cupiditate.',0,1,'1979-06-04 11:10:11','2014-04-13 16:50:33'),(226,26,26,'Hic dolores consequatur reiciendis deserunt non. Sint voluptatem maxime qui provident eos. Consequuntur vel voluptatem aspernatur qui animi deserunt et. Sunt assumenda sit laudantium dicta.',1,0,'1999-01-14 00:36:36','1979-03-29 15:58:51'),(227,27,27,'Aut quibusdam ex totam nisi cum nisi corporis. Incidunt ducimus dolorem aliquid id numquam nihil. Corrupti dolorum nulla aliquid nihil eaque rem sit. Et vel eaque quasi enim omnis maiores.',1,1,'1998-05-26 20:23:29','1986-02-21 19:29:14'),(228,28,28,'Ut sapiente doloribus nobis ut. Corrupti sunt non quia et dolore et. Magni fuga qui nihil eaque ipsam.',0,0,'2003-08-17 01:19:29','1985-01-10 06:36:22'),(229,29,29,'Ipsam in a nobis. Porro dolores consequatur quos beatae. Facilis mollitia quaerat fugit ducimus sint doloribus.',1,1,'1987-12-25 01:29:54','2016-07-17 15:49:30'),(230,30,30,'Sit placeat et numquam expedita iste totam sunt. Voluptatem voluptate perferendis nostrum.',0,0,'1980-08-10 10:28:04','2002-11-11 07:52:42'),(231,31,31,'Quasi quod omnis magnam rerum quia sit. Ut ad officiis minus.',0,1,'1976-08-23 04:40:47','1993-02-22 03:44:11'),(232,32,32,'Dolor rerum facere eveniet est dicta. Doloribus maxime vel veritatis deleniti omnis quae. Aut quae sed eaque perspiciatis aut est a ea. Quis dolores provident molestiae dolorem ipsum velit qui necessitatibus.',1,1,'2002-12-28 06:34:31','2018-01-13 09:45:35'),(233,33,33,'Aut eos nulla aut. Repudiandae est enim corporis ipsam. Sint quibusdam vero veritatis expedita possimus. Aperiam in rerum animi quod quis praesentium. Minima deserunt rem minima dignissimos nihil.',1,0,'2017-05-23 16:34:17','2018-12-25 08:45:44'),(234,34,34,'Ut voluptas architecto id et pariatur. Et nihil laboriosam quas totam. Delectus esse est rem ea nisi.',0,1,'1978-11-22 13:38:58','2009-07-18 05:20:04'),(235,35,35,'Quia sed et consequatur a laborum enim voluptatem. Mollitia incidunt numquam animi voluptas debitis dolorum et. Est suscipit sint itaque ratione accusantium. Iure et beatae odit.',0,1,'2002-09-18 23:38:34','1972-05-08 16:39:51'),(236,36,36,'Dolorum quis necessitatibus nobis ea neque sit. Iusto delectus possimus voluptas perferendis ex nisi dolores. Similique nisi aliquid est aut necessitatibus ducimus. Id molestiae laborum commodi et maiores amet. Velit porro debitis rerum repellendus et et.',0,1,'2009-05-11 10:27:02','2000-10-13 20:05:13'),(237,37,37,'Est architecto et accusantium quia inventore dolorum beatae quibusdam. Sit voluptatem velit necessitatibus dicta. Et nostrum hic earum unde non. Expedita necessitatibus velit est quisquam eos deserunt.',0,0,'1994-11-25 05:35:54','2006-01-31 09:18:35'),(238,38,38,'Ut praesentium debitis rerum eveniet voluptatem. Laborum ad minus et harum quod quas nihil. Aut sit corporis labore libero tempora ea impedit.',1,1,'2017-11-27 14:16:00','1983-11-25 11:57:02'),(239,39,39,'Quis quia sit inventore. Fugiat est placeat perspiciatis corporis. Dolorem corporis accusantium dolore omnis nam. Illum qui et dolores inventore itaque totam.',1,1,'1990-04-03 12:33:33','2001-06-21 23:49:09'),(240,40,40,'Error repellat consequatur aut dolorum facere. Eum perferendis voluptate magnam error et. Error dolores autem asperiores et.',1,1,'1999-10-15 02:43:16','1993-05-30 01:46:45'),(241,41,41,'Quidem quos ratione voluptatem vitae aliquid et iure error. Rem ex sed deleniti assumenda illo in aperiam. Voluptas officiis eos impedit.',0,1,'1981-12-06 13:03:18','1999-07-16 00:40:43'),(242,42,42,'Officia consequuntur ut eum cum quia praesentium quae cupiditate. Nesciunt esse saepe consectetur voluptatem.',0,1,'1982-10-11 12:46:02','2005-09-19 15:47:24'),(243,43,43,'A modi natus est vero sint dolore debitis. Velit odit sequi consequatur ut molestias. Non sequi voluptatem labore omnis enim autem assumenda. Autem cum et in veritatis sapiente enim.',1,0,'2013-11-17 17:54:33','2002-10-02 23:12:14'),(244,44,44,'Et quia dolores esse aspernatur voluptatum veritatis dignissimos. Ut quis praesentium illo deleniti aut amet voluptatem asperiores. Minima amet officiis aut qui.',1,0,'1992-12-25 14:57:34','2003-04-06 20:34:31'),(245,45,45,'Assumenda enim rem mollitia exercitationem soluta. Asperiores dignissimos magnam nulla exercitationem quae eum. Nulla quo libero in.',1,1,'1998-07-09 05:29:53','1998-08-18 09:04:35'),(246,46,46,'Quis ea eos molestiae minima quaerat quidem. Est veritatis ut qui debitis officiis libero rerum. Odit quia voluptate ut hic eum dolore corrupti. Maxime est omnis consequatur culpa possimus sed et.',0,1,'2016-12-30 04:38:48','2015-07-08 05:25:41'),(247,47,47,'Dolores laudantium et et eveniet illo tempora voluptatem quae. Dolorem et commodi odio facere delectus aliquid totam. Qui odio explicabo numquam veritatis asperiores ea omnis. Et dolores quas fugiat molestiae laborum debitis adipisci.',0,1,'1988-10-24 04:11:34','1985-02-26 03:42:23'),(248,48,48,'Et pariatur fugiat natus dignissimos asperiores repellendus. Officia vitae incidunt voluptatem et quidem quia. Voluptatem laborum architecto perferendis nam. Sint aperiam sunt porro ab nesciunt fuga et officia.',0,0,'2016-02-07 00:58:03','1971-06-04 06:56:32'),(249,49,49,'Deleniti illo alias quam dolor quidem eos. Sapiente et sunt animi ratione pariatur quia iste. Labore reprehenderit at architecto est quia molestiae autem.',1,0,'2010-09-26 15:23:42','1995-09-22 02:48:48'),(250,50,50,'Quo assumenda ad temporibus animi alias consequuntur quas ullam. Enim consectetur cum sunt iusto. Repudiandae possimus nihil ab nostrum exercitationem consectetur et.',0,1,'2014-02-28 06:43:52','1998-02-04 08:00:10'),(251,51,51,'Et quae et enim ut mollitia. Qui quae reiciendis molestiae aut.',1,1,'2006-11-21 18:01:03','1988-06-03 17:29:30'),(252,52,52,'Aut omnis porro maxime ut quod error. Ducimus quo omnis aut non vel in iusto.',0,0,'1971-01-20 11:40:45','1973-10-30 20:07:57'),(253,53,53,'Distinctio tempora enim reiciendis quisquam eum dolorem impedit. Et occaecati voluptatum soluta minus. Eum sed aliquid ratione quas.',0,0,'1994-04-14 23:39:44','2013-07-09 02:53:04'),(254,54,54,'Odit est itaque beatae nisi quis et voluptatem. Qui corrupti doloremque magnam ullam eos aut. Blanditiis molestiae inventore facilis qui doloribus reiciendis possimus.',0,0,'1989-07-13 07:33:30','1995-11-08 18:13:56'),(255,55,55,'Consequatur saepe laborum nisi ut. Quaerat sequi repellat ut voluptas voluptate. Quaerat nemo sequi id ut quaerat. Dolor rem officia recusandae magni nisi et et maiores.',0,0,'2003-03-20 08:42:26','2013-05-23 12:42:26'),(256,56,56,'Magnam cupiditate voluptate excepturi accusantium soluta. Dolorem nihil quis repellendus sed. Blanditiis quisquam facere nihil repellendus earum esse saepe.',1,1,'2000-09-04 19:36:20','2018-11-16 06:26:49'),(257,57,57,'Optio doloremque odit quaerat aut modi dignissimos provident. Dolores perspiciatis occaecati repudiandae eum. Voluptatem quis facilis fugiat atque ea ipsum est et. Aut sequi quae inventore occaecati neque.',1,0,'1982-03-30 03:00:16','2000-11-30 23:18:53'),(258,58,58,'Culpa omnis architecto aliquam sapiente nesciunt. Molestiae hic rerum natus cum id ullam ullam numquam. Voluptatem eum eius fuga et. Unde id quia qui cumque reprehenderit.',1,1,'1984-07-04 10:55:57','2017-09-16 12:03:23'),(259,59,59,'Vel repellat ut tempora dicta. Veniam accusamus dolor a accusamus. Incidunt est doloremque illum accusamus ut nam. Reprehenderit repudiandae aut excepturi.',1,1,'2016-05-28 15:15:15','1976-10-25 10:32:36'),(260,60,60,'Dolore ut commodi perferendis consequatur unde quisquam beatae autem. Est autem aut eum quas culpa error aut dicta. Alias repellendus voluptatem amet nihil.',0,1,'1993-12-22 09:34:49','1989-02-28 23:09:28'),(261,61,61,'Earum aperiam officia et ea dolorum rerum dolorem. Ipsam rerum qui mollitia quaerat eaque maiores explicabo delectus. Et necessitatibus fuga natus pariatur est cum qui. Aspernatur cum voluptates totam iure. Enim culpa necessitatibus sed et fugiat maxime.',0,1,'1970-01-23 00:42:26','2006-08-19 01:50:13'),(262,62,62,'Autem non omnis eos. Error perferendis temporibus possimus et. Sed dolores odio natus tempore. Quisquam architecto harum eius voluptatem magnam quis accusamus.',0,0,'1994-07-06 00:09:39','1992-07-30 01:51:57'),(263,63,63,'Sit fugit et temporibus dolorum laudantium asperiores. Quaerat earum nostrum eum sint et autem qui. Qui maxime eligendi adipisci odit saepe quod maxime. Tenetur eum veniam dolorem et nemo quasi.',0,1,'2000-10-14 08:32:19','1992-02-12 20:07:27'),(264,64,64,'Distinctio rerum et voluptatem cupiditate quia deleniti. Odio enim qui adipisci quia. Iste aspernatur aliquid perspiciatis at minima possimus qui. Eos dignissimos eos illum dolores est repellendus.',0,1,'2014-06-27 08:13:17','1979-01-23 08:05:10'),(265,65,65,'Aut in fugiat labore quia et. Voluptas accusamus autem illum rerum ea maiores. Est non autem non reiciendis.',0,1,'1994-02-10 10:50:04','1979-02-21 09:59:15'),(266,66,66,'Cumque est dolores labore eum velit non dicta. Minima expedita et fuga ut amet nemo illo. Sequi corrupti quis ipsam quibusdam nam enim odit.',0,1,'1983-12-13 06:40:14','1986-07-13 08:14:04'),(267,67,67,'Qui omnis omnis aut esse blanditiis. Iusto officiis iure sed minus dicta. Ipsa et eaque iusto esse ut. Molestias illum perspiciatis aut et voluptate.',1,0,'1979-05-14 01:31:39','1994-04-15 08:26:09'),(268,68,68,'Officia consequuntur aut natus et natus. Repudiandae et tempora quis consequatur. Culpa quaerat in ipsam magnam.',0,1,'1973-03-04 12:03:02','2006-05-18 14:07:07'),(269,69,69,'Aut quod sed dolore et quia sit laboriosam. Id quia et inventore ex reprehenderit. Natus adipisci optio quis debitis quas corporis. Perferendis suscipit et nisi non. Qui aut ad accusantium eius sunt porro.',0,0,'1987-07-17 07:33:52','2019-12-16 16:55:03'),(270,70,70,'Quas in cupiditate error consequatur non. Ut odio ad voluptatem magni quaerat quae aperiam. Est voluptatem non ab dolor ea dolor.',1,1,'2015-04-19 16:34:16','1987-04-27 20:13:12'),(271,71,71,'Inventore dolor nesciunt sit eos sit expedita. Asperiores ea laudantium dolores. Nihil quia est qui exercitationem incidunt eos minus nobis.',0,1,'1988-04-28 12:09:26','1989-03-27 04:40:40'),(272,72,72,'Odio libero sunt ipsam totam. Aut sapiente non aut soluta blanditiis.',0,1,'2004-04-15 05:24:56','1980-03-08 04:39:06'),(273,73,73,'Corrupti officia rerum laudantium consequuntur sint facilis. Sed laboriosam labore aspernatur sapiente. Et autem dolor ullam ea explicabo repellat. Vel esse quia est vel soluta.',1,1,'1984-05-17 23:41:34','2002-03-28 23:53:14'),(274,74,74,'Sit sed officiis perspiciatis et dolores quia. Dicta provident id sint molestiae. Amet minus recusandae reiciendis quaerat eius quam omnis.',0,1,'1984-05-25 00:49:24','1990-09-29 00:43:47'),(275,75,75,'Alias voluptates vitae mollitia maiores temporibus odio. Harum et necessitatibus ullam ratione suscipit. Repellendus expedita est possimus eligendi ea cupiditate. Impedit laudantium quia sunt delectus.',0,0,'2018-01-03 02:43:38','1998-10-29 06:45:25'),(276,76,76,'Quisquam debitis itaque optio illo accusantium. Aut cumque optio suscipit voluptatibus velit. Nobis quis sint optio possimus eveniet quia illum laborum. Doloremque perspiciatis omnis officiis praesentium.',0,1,'1996-02-08 11:49:10','1973-07-15 04:30:42'),(277,77,77,'Saepe nihil eaque est et ut laborum quia totam. Quas nihil ut aliquid corporis ratione dolorum. Nobis possimus architecto consequatur consequuntur non.',1,0,'2012-02-07 02:26:47','1996-06-30 18:14:05'),(278,78,78,'Placeat minus consequatur distinctio et neque et. Deleniti similique sed error distinctio aut. Qui suscipit inventore inventore voluptas. Voluptatum et ab eveniet placeat ut.',0,1,'1985-11-01 20:04:23','1996-11-02 10:39:02'),(279,79,79,'Fugiat et et dolor amet modi. Neque rerum tempore quia iste. Rerum natus voluptatem eum quibusdam.',0,1,'1996-01-28 09:59:49','2003-01-30 20:16:42'),(280,80,80,'Ratione nihil iusto quae rerum et. Excepturi aut sapiente voluptatem. Est odio quia sequi deserunt. Est minus magnam qui voluptatem cum.',0,1,'1973-12-14 19:21:56','2018-06-09 10:57:24'),(281,81,81,'Qui quo et officia aliquid impedit est eos qui. Quaerat nihil sed quasi. Porro quo qui tenetur laudantium sunt sint.',1,1,'2009-06-11 20:33:37','1995-06-05 08:36:18'),(282,82,82,'Voluptatem ut vero esse ut dolorum et ipsa ut. Harum repellendus sapiente mollitia dolorem distinctio commodi. Sed molestiae nihil numquam eum. Nemo nemo officiis sit consequatur laudantium. Temporibus ex animi iure reiciendis ut.',0,1,'2016-03-30 17:56:11','2010-05-04 11:55:00'),(283,83,83,'Magni dicta sit et alias doloremque ut est nihil. Fugiat sit provident et omnis repellendus possimus.',1,0,'2012-08-15 11:22:42','1992-08-12 05:09:44'),(284,84,84,'Illo enim saepe perspiciatis odit. Quo qui quia et et. Nisi vel qui voluptate ipsam sunt harum optio. Quis ratione velit recusandae atque aliquid in. Facere vero rerum quia distinctio sed eligendi aut.',1,0,'2014-07-21 12:37:29','2000-07-04 16:28:33'),(285,85,85,'Quis in cupiditate aut doloribus qui quibusdam. Natus quia repellat velit amet. A quidem veniam et accusantium non.',1,1,'2008-06-28 02:12:13','2019-11-24 18:07:37'),(286,86,86,'Beatae animi autem rem aperiam. Dolor suscipit et iusto consequatur earum quod id. Labore qui aliquam magnam nostrum voluptatum consectetur. Aut velit quo dolore eos est molestiae. Nihil consectetur qui sint minima qui doloremque iusto.',1,1,'2000-02-03 04:09:47','1980-05-13 06:49:53'),(287,87,87,'Ullam quibusdam aut maxime provident. Et animi et quidem tempore provident. Sit dolorum sint aut et sint. Ullam est facere sit occaecati.',1,0,'2014-04-30 02:22:37','1987-04-04 23:12:41'),(288,88,88,'Voluptatem harum nisi et minima quos deleniti repellendus. Omnis officiis molestiae distinctio nisi sed culpa est. Nihil debitis nobis ex non et.',1,1,'1982-07-13 01:50:16','1988-07-14 19:49:29'),(289,89,89,'Eum praesentium vitae natus corrupti modi dolore et. Eveniet facilis velit rerum fugit eum voluptatem voluptatem. Est molestiae sint accusantium. Eos veritatis distinctio dolor qui labore provident ut.',1,0,'1989-05-26 10:15:03','2010-06-26 10:59:30'),(290,90,90,'Tempore qui quia nisi molestiae rerum laborum voluptatem cumque. Est ut qui est facilis accusantium facilis dolor. Et qui ducimus nihil consequuntur quibusdam et facilis. Placeat maiores dolor perferendis sit necessitatibus.',0,0,'1970-04-13 18:15:28','2001-08-13 02:08:23'),(291,91,91,'Quia quas enim eligendi hic. Sit id placeat ut praesentium est eligendi minima dignissimos. Quia aut fugiat sit voluptas commodi eum et quo. Voluptates et et sit possimus.',0,0,'1998-07-10 19:14:14','1993-02-03 04:18:52'),(292,92,92,'Accusantium eaque et optio eaque est. Qui qui est ducimus enim quam. Omnis sed error saepe consequatur delectus maiores.',1,1,'1970-09-23 06:48:27','1997-09-06 11:40:54'),(293,93,93,'Totam voluptatem magnam quidem. Ad debitis animi quaerat molestiae ea. Necessitatibus ipsa ut ullam blanditiis. Voluptas facilis vel vel itaque assumenda.',0,1,'2011-07-21 02:13:26','1984-10-13 08:41:24'),(294,94,94,'Voluptatem et est autem aliquam ipsa. Qui voluptatem laborum magni eum est at. Quis quo aut nesciunt. Velit nihil consectetur sequi nam.',1,0,'1971-09-17 00:34:03','2012-06-22 09:46:03'),(295,95,95,'Fugit quaerat atque voluptas nostrum commodi dolor cupiditate. Iure dolore aut rerum fugit natus quasi distinctio. Autem qui aliquid doloremque explicabo quis ut sit.',0,0,'1982-09-12 20:31:40','2016-08-28 05:26:37'),(296,96,96,'Quas rem vitae sunt nemo. Et explicabo mollitia eaque at natus. Ipsa sed est neque et. Totam rerum assumenda est esse et rerum.',1,0,'1976-01-24 09:10:05','2003-07-12 08:12:35'),(297,97,97,'Eos adipisci corporis libero quia nostrum. Qui quisquam aut et et. Et maxime id sunt. Eum omnis inventore commodi animi.',0,0,'2010-05-29 23:52:52','1988-04-12 15:57:49'),(298,98,98,'Nihil magnam et corporis quia quas omnis velit. Corporis aut ipsum autem odio delectus. Cupiditate at aut sapiente nostrum officiis. Est qui laudantium eos consectetur provident.',0,1,'1972-02-17 01:47:30','1977-08-26 08:51:07'),(299,99,99,'Dolorum natus et sed sunt inventore. Voluptatem asperiores laborum odit numquam quo non eligendi. Tempora at accusamus non ad atque non.',1,1,'1992-04-08 21:30:40','1996-03-24 23:58:10'),(300,100,100,'Cumque officiis facilis velit qui quidem. Magnam assumenda consequatur reprehenderit sed officiis ipsum unde. Et et adipisci modi omnis neque ut.',1,1,'2012-05-16 11:13:26','2003-10-07 05:00:21'),(301,1,1,'Sunt voluptatem deserunt facere nemo. Blanditiis recusandae molestiae cum in ab qui sed dolores. Fugiat consequuntur enim dolores a.',0,1,'2009-08-08 12:29:13','1998-12-31 15:18:06'),(302,2,2,'Asperiores fuga dolorum placeat sapiente. Dolor porro dolorum illo magnam in. Enim et dolorem vero.',0,1,'1996-06-30 17:08:19','2008-04-20 19:28:11'),(303,3,3,'Magnam facilis qui nesciunt amet accusamus. Et libero sint placeat ipsam placeat voluptatum et. Iusto voluptas at rerum nam suscipit. Rem ut illum rerum provident maxime quo illum. Rerum voluptas debitis possimus ipsam voluptatum enim.',1,0,'1998-11-24 12:31:48','1979-03-20 09:01:22'),(304,4,4,'Facere doloribus beatae asperiores. Illo voluptatem est sequi doloremque sed et. Ut ut incidunt repellendus animi rerum illum. Minus quae reprehenderit debitis odit beatae.',1,0,'1987-10-25 12:39:42','1987-11-14 11:34:19'),(305,5,5,'Architecto est eius voluptatem nesciunt tempore porro. Vel quidem culpa perferendis aspernatur ut. Vero nulla vel architecto laudantium sint est. Aspernatur explicabo qui rerum repellat et excepturi voluptate fuga.',1,1,'1971-06-13 15:46:02','1976-03-30 18:04:07'),(306,6,6,'Nobis iste corporis non nemo itaque reiciendis. Molestias est accusamus voluptate doloribus dolores. Amet et error consequatur adipisci ducimus tempore ullam.',0,1,'1996-08-20 11:31:34','1986-10-20 13:43:20'),(307,7,7,'Eum ad doloribus exercitationem deserunt et facere. Autem quos placeat qui neque aut. Rerum dicta numquam blanditiis dolores sunt ut esse deserunt. Ut quis necessitatibus voluptate non similique.',0,0,'2011-06-16 03:05:35','1991-04-05 11:05:58'),(308,8,8,'Qui et labore sit et laudantium. Maiores voluptatibus pariatur assumenda et consequuntur. Explicabo porro accusantium atque placeat explicabo minima.',1,1,'1976-08-28 15:00:58','2008-11-28 01:44:18'),(309,9,9,'Aut similique et laborum est ex. Eveniet ut eaque mollitia vel aut dolorem. Saepe nisi voluptatem libero. Quas commodi eos voluptatem eveniet molestiae quae.',1,1,'2016-09-10 13:43:18','1999-07-10 18:10:00'),(310,10,10,'Non tenetur officiis voluptatibus nam enim iusto. Itaque excepturi voluptas iure quibusdam est quas. Delectus aut consequuntur dolore et dolore velit eligendi.',0,1,'2012-04-16 22:28:40','1974-03-25 01:57:39'),(311,11,11,'Eum ut voluptas vitae perferendis dicta. Consequatur nesciunt aut pariatur autem qui ipsa et. Ad rerum praesentium ipsa alias. Dolor debitis dolores aspernatur qui veniam optio.',1,1,'2008-06-02 07:55:53','1996-01-25 17:59:24'),(312,12,12,'Quisquam expedita repellat nihil reprehenderit ut hic. Est velit ut est hic repellendus aperiam accusamus nam. Ea quia sed quis. Perspiciatis est quasi accusantium.',0,1,'2005-11-03 10:00:04','1975-06-01 21:59:45'),(313,13,13,'Qui veritatis veniam officia. Fuga aut enim et earum. Ab asperiores voluptate odio perferendis. Labore quis voluptatem nulla.',1,1,'2005-11-17 21:39:06','2006-06-04 22:04:22'),(314,14,14,'Sint sunt omnis quod modi explicabo. Occaecati laudantium fuga eum explicabo pariatur eos. Voluptatem animi hic consequatur consequatur quo.',0,1,'1976-05-29 13:54:05','2004-08-18 02:42:51'),(315,15,15,'Ab recusandae quia libero iste adipisci fuga autem nostrum. Quas quae corrupti suscipit deserunt id facilis. Accusantium enim molestiae et. Qui voluptatem aperiam dignissimos non.',0,0,'1989-12-31 13:13:30','2011-02-18 00:45:05'),(316,16,16,'Accusamus est impedit vel occaecati alias dolorem culpa. Ullam cumque doloremque aut maxime voluptatem ipsam. Alias eveniet aut modi earum consequatur. Eligendi earum ipsum tempore soluta et.',0,0,'2012-07-19 05:44:39','2007-02-24 05:23:51'),(317,17,17,'Aliquid vero fugit iste ducimus culpa. Eveniet beatae est consequatur et. Quae sunt ut dicta omnis. Quas enim maxime tempora asperiores est. Vero excepturi vel fugit.',1,0,'1987-04-03 05:03:06','1979-07-26 04:58:46'),(318,18,18,'Et iste consequatur quae provident et possimus ex. Qui ipsam hic minima aut voluptas. Itaque neque error ea. Voluptatum aspernatur velit nihil.',0,0,'2012-06-09 00:54:28','1992-07-30 03:56:03'),(319,19,19,'Praesentium sapiente vel est a. Qui quia rerum quia eum dolorum quibusdam. Quis corrupti repellendus quae corrupti ducimus exercitationem minus consequuntur.',0,0,'2012-07-16 18:01:28','2019-04-05 01:49:02'),(320,20,20,'Expedita delectus facilis dolorem et velit. Cumque similique autem doloribus culpa iste. Quis dolor facilis tenetur et expedita ea.',1,0,'1997-08-19 19:20:31','1980-03-05 20:10:24'),(321,21,21,'Dolore laudantium ut omnis ex. Tempore voluptatibus soluta dolor ratione consequuntur est. Perferendis ut aliquam non. Maiores dolore sit aliquid similique.',1,1,'1992-11-18 00:09:44','1975-02-03 02:07:59'),(322,22,22,'Adipisci sunt dolorem quidem voluptates. Aut fuga sed eligendi commodi. Qui cumque sit nobis tempore eligendi neque adipisci cum.',0,1,'1999-11-09 12:24:24','2010-07-14 21:54:37'),(323,23,23,'Amet laborum consequuntur adipisci voluptatibus et. Qui vel accusantium et quibusdam veritatis quod.',0,0,'1999-02-15 22:50:01','1990-11-19 06:39:12'),(324,24,24,'Aut quam eligendi et est qui molestiae ab. Labore dolorem enim sunt est. Eligendi iure et enim.',1,0,'1985-09-28 01:24:46','1979-03-18 21:29:45'),(325,25,25,'Dignissimos aliquid itaque ducimus reprehenderit cum. Dolores alias minima non recusandae. Sed eius vel molestiae voluptatibus suscipit eos quaerat.',0,1,'2007-06-28 11:38:36','2000-01-29 13:49:59'),(326,26,26,'Ut iure qui nostrum quia aperiam. Ab aut qui est voluptas qui. Aspernatur omnis aut ut vitae alias qui. Voluptatem deleniti deserunt eum voluptatibus.',0,1,'2006-08-12 17:43:06','1985-03-01 11:24:08'),(327,27,27,'Qui quis earum eum ipsam explicabo. Eos itaque molestias dolorem nam ipsam distinctio architecto.',1,1,'1977-08-09 14:51:06','1996-01-22 09:01:56'),(328,28,28,'Exercitationem optio ut aut labore blanditiis a nisi. Voluptas consequatur voluptatem et numquam omnis sed velit. Dolores perspiciatis neque distinctio rem tempora sit. Error fugit veritatis rerum aut.',1,1,'1977-03-23 19:43:28','1981-11-26 04:08:30'),(329,29,29,'Magni quod ducimus magnam ratione maiores culpa. Quos non minus cum et non. In iste odit odit.',1,0,'1977-03-02 19:06:03','1972-08-05 16:01:46'),(330,30,30,'Provident repellendus placeat rerum quas. Suscipit laboriosam aliquam aspernatur adipisci porro. Nobis exercitationem unde voluptatem autem. Ea consequatur qui blanditiis.',1,0,'1990-08-28 23:34:21','1990-11-10 05:21:13'),(331,31,31,'Quibusdam rem delectus illo. Eos consequuntur non aut molestias et omnis. Qui iure esse aperiam ullam.',0,1,'1970-11-05 07:22:06','2006-10-04 03:24:09'),(332,32,32,'Consequatur deserunt provident iste neque. Dolorum voluptatem veritatis voluptas totam quam. Et eum dolorum rerum sint consectetur natus. Nulla impedit cum qui quidem nam earum.',0,0,'1987-12-28 22:17:35','1982-09-07 11:54:10'),(333,33,33,'Non aut et cupiditate aut quia. Repudiandae non nam ut in ea. Sit facere quo consequatur temporibus.',1,1,'2015-01-10 20:27:51','1995-04-27 03:41:39'),(334,34,34,'Neque non et ut in omnis. Perferendis atque consequatur quis. Vel iure aliquam expedita quisquam tenetur neque officia odio.',0,1,'2013-09-13 12:35:06','1982-11-29 10:57:44'),(335,35,35,'Illum asperiores et eveniet sapiente rerum in. Autem voluptate autem laudantium earum ullam enim possimus. Blanditiis fugit alias sint tempore.',1,0,'1999-06-03 13:19:19','2016-01-20 12:42:34'),(336,36,36,'Dolorem qui saepe aut et aspernatur. Id officia ratione nihil.',0,0,'2018-04-02 15:51:27','2012-12-22 02:14:35'),(337,37,37,'Fuga tempore cupiditate quia quis porro dolorem. Voluptas voluptas quia omnis vel. Asperiores ut adipisci nemo facilis temporibus libero et sit. Consequatur laudantium reiciendis aut suscipit assumenda culpa distinctio.',1,0,'2009-02-27 14:48:26','1972-01-10 16:32:11'),(338,38,38,'Assumenda fugiat quo cumque. Odit voluptas sint est a. Necessitatibus sunt atque quibusdam dolorum facilis qui tempora. Temporibus neque quis eligendi adipisci est voluptates voluptatem. Hic quos sint ut quas.',1,1,'2017-07-17 21:16:57','1979-03-07 13:28:32'),(339,39,39,'Nesciunt aliquid iusto aspernatur impedit similique dolor commodi. Omnis maxime mollitia reiciendis et. Veritatis omnis et voluptate officiis autem nostrum.',0,1,'1988-05-28 20:15:57','2004-05-12 15:58:12'),(340,40,40,'Maiores in labore quis libero qui. Veritatis illo quasi accusantium velit voluptatem. Veniam molestiae est repudiandae adipisci. Dolor vero et quod.',1,0,'2010-04-15 01:48:40','2005-02-01 10:02:42'),(341,41,41,'Consectetur asperiores quo cumque facilis. Inventore dolorum explicabo et animi quia ea. Alias at quas ut mollitia. Ad et aspernatur dolorem vel alias deserunt est tempore.',1,1,'2000-05-17 07:53:58','1989-01-26 13:42:51'),(342,42,42,'Iure tempore cupiditate provident nobis. Exercitationem voluptatem officiis optio a ducimus culpa modi. Assumenda voluptas maiores porro facilis. Accusamus accusamus pariatur vitae minima totam magnam dolor.',0,0,'1991-07-17 00:34:46','1994-07-27 19:18:56'),(343,43,43,'Quo debitis excepturi deserunt. Aut deserunt neque adipisci quidem recusandae sunt et. Et sed facilis asperiores dolorum saepe tenetur. Dolor qui deleniti consequatur rerum labore sapiente laborum.',0,0,'1993-11-16 17:24:10','1991-02-08 12:08:27'),(344,44,44,'Laboriosam ea quis praesentium et corporis enim et. Asperiores voluptas doloribus voluptatem architecto doloribus deleniti qui. Tempore est rerum voluptatem quam.',1,0,'1997-06-29 13:17:03','1974-03-03 23:11:43'),(345,45,45,'Ducimus et doloribus sint maxime odit. Quos quaerat beatae aut iure autem corporis officiis.',0,1,'2008-10-11 07:30:13','2018-03-11 10:34:28'),(346,46,46,'Aut et nemo quo facere ab sit nulla. Explicabo sit dicta nam est iste vero non. Velit ipsum similique voluptas numquam repellendus dolorem quia odio.',1,0,'2004-06-22 17:02:09','1972-03-14 10:17:31'),(347,47,47,'Quia nostrum aut aut modi recusandae autem. Illum et reiciendis dolorem expedita autem quaerat. Fugiat sunt sint dolorem.',1,1,'2017-11-07 10:10:37','2015-05-20 00:08:38'),(348,48,48,'Minima culpa sit occaecati facilis nihil. Voluptatem veniam temporibus nemo occaecati. Dolores quibusdam voluptatem voluptatem nobis. Incidunt quas dolorem beatae numquam qui.',0,0,'1989-11-22 01:38:15','1995-02-26 23:10:45'),(349,49,49,'Animi impedit aperiam harum voluptas quaerat sint ipsam et. Quam soluta beatae et non reiciendis distinctio. Est dolor est est et expedita.',0,0,'2008-05-22 08:14:07','2011-05-08 10:50:43'),(350,50,50,'Delectus sit odio porro facilis nemo. Rerum qui fuga reprehenderit autem in impedit. Voluptatibus ea ut aspernatur ut non harum consequatur nostrum.',0,0,'1980-01-02 21:51:59','2011-07-29 01:04:11'),(351,51,51,'Rerum et quam alias quidem. Laboriosam at et rerum fugit unde.',1,0,'1993-12-13 08:35:29','1980-02-28 01:08:51'),(352,52,52,'Sunt hic ducimus eum. Maxime quaerat quis dicta eum quia qui. Sunt natus est soluta magni incidunt quaerat delectus. Aspernatur ipsam sint soluta ea enim eos.',0,1,'2000-02-14 02:06:19','2002-11-17 21:15:12'),(353,53,53,'Laborum quisquam eius omnis harum similique cum ratione est. At sint amet totam nisi dolor veritatis.',0,1,'2002-06-04 10:11:03','2018-12-15 04:12:29'),(354,54,54,'Omnis id eligendi adipisci. Ex rerum dignissimos sunt. In esse dolor minus facilis consectetur. Officia a ab suscipit optio.',0,1,'2013-10-13 01:29:34','1984-08-02 03:43:06'),(355,55,55,'Voluptatem delectus inventore nobis distinctio. Sunt voluptatibus rem provident temporibus exercitationem quis. Necessitatibus incidunt nihil corrupti et deserunt. Dolores vero est ipsum neque.',0,1,'1996-12-19 17:59:59','2005-01-23 00:45:21'),(356,56,56,'Cupiditate doloremque et similique cumque. Officiis magni consequatur veniam voluptatem inventore autem. Perferendis distinctio et qui ea ut in. Laudantium sunt vitae non ullam.',0,1,'1992-12-01 06:00:59','2006-06-15 15:13:57'),(357,57,57,'Aut consequatur ratione fugit recusandae quas et necessitatibus nisi. Ratione in excepturi molestiae minus. Et quis est officia. Dolores praesentium doloremque ut.',0,1,'1991-01-16 14:52:28','1991-09-13 22:51:54'),(358,58,58,'Molestiae sit consectetur accusamus consequatur et. Harum iusto beatae eveniet molestiae.',0,1,'1980-05-29 11:36:20','2007-11-10 21:36:25'),(359,59,59,'Esse at amet et cum optio occaecati sit qui. Aut nobis ipsa ratione cum aut. Ut molestiae eos sint non. Qui non consequatur perferendis aut.',1,0,'1987-10-01 19:35:33','1978-08-20 21:00:08'),(360,60,60,'Quos ipsam consequatur aut. Impedit illo sed consequatur tenetur. Officiis distinctio est quos eos.',1,1,'1986-01-19 08:37:06','1985-02-23 09:39:23'),(361,61,61,'Eligendi illum velit nobis hic eos. Molestias vel enim corporis dolores. Aliquam qui sit fugit rerum.',0,1,'1999-10-15 10:13:09','2018-08-14 01:27:08'),(362,62,62,'Quaerat ut sit quo qui quo consequatur. Tempora iste voluptates veritatis quis expedita soluta reiciendis.',1,1,'1971-10-11 04:01:07','1988-04-01 18:18:53'),(363,63,63,'Rerum eaque rerum sunt. Earum dolore adipisci quia nulla consequatur et quia. Cum enim earum veritatis molestias deleniti voluptates. Assumenda quis placeat et quis vel.',0,1,'2000-10-28 00:30:45','1994-07-30 19:48:42'),(364,64,64,'Praesentium accusantium eum ipsum assumenda est omnis. Optio molestiae sunt fuga neque soluta quae pariatur ut. Ut illo aut amet est eius quod. Harum asperiores maiores optio et qui possimus molestiae.',0,0,'1990-05-02 14:34:18','2001-03-17 03:55:06'),(365,65,65,'Enim nulla expedita vero debitis eaque dolore delectus maxime. Molestiae ut impedit necessitatibus dicta ab. Voluptatem ut voluptas tenetur eligendi. Pariatur aut id sapiente voluptatem quaerat perspiciatis voluptatem eligendi.',1,1,'2019-03-24 15:31:16','2019-08-03 19:46:51'),(366,66,66,'Omnis ea laudantium ex expedita. Facere asperiores laborum eius commodi incidunt corrupti voluptate. Nostrum non rerum eum eveniet. Necessitatibus modi sequi ut consequuntur corrupti blanditiis aut est.',0,0,'1994-10-27 07:16:07','1975-06-14 14:23:11'),(367,67,67,'Dolorem est ex accusantium omnis praesentium maxime. Omnis iste totam omnis quis mollitia. Autem saepe qui aliquam autem nemo non assumenda sequi. Nemo qui labore aut in enim.',0,0,'1991-07-07 05:36:17','1993-05-22 08:00:13'),(368,68,68,'Qui ipsa in neque eos unde in sunt temporibus. Quibusdam autem praesentium nesciunt voluptas. Explicabo eum amet delectus. Harum dolor blanditiis sapiente temporibus exercitationem.',1,1,'1976-08-03 01:52:32','2012-08-28 10:16:31'),(369,69,69,'Officiis vel ut nihil in aut. Est cupiditate autem et molestiae dolor. Hic accusantium dignissimos quae velit fugit exercitationem aperiam. Aliquam officia consequuntur odit autem tenetur quam maxime.',0,1,'1996-12-29 03:43:37','1977-06-19 07:03:37'),(370,70,70,'Ab expedita commodi laboriosam est. Ab fugiat necessitatibus temporibus eum qui quod qui molestiae. Quis quibusdam quo voluptatem maiores.',1,1,'2005-03-28 14:39:30','1974-06-03 19:27:31'),(371,71,71,'Sint suscipit quis sit. Possimus animi non necessitatibus architecto provident iure et. Et laboriosam dolore dolorum et autem consequatur. Cum ratione ducimus qui. Non recusandae rerum suscipit ipsa itaque et sapiente.',0,0,'1991-07-23 13:22:03','2003-06-28 05:01:06'),(372,72,72,'Tempore sit labore doloribus dignissimos id aut. Facere eaque optio est et sunt autem. Sit dolorem aut neque inventore perspiciatis repellat. Necessitatibus quia nobis aut.',0,0,'1997-02-27 13:12:15','1979-04-24 00:59:57'),(373,73,73,'Nam quo mollitia ut veritatis assumenda voluptas enim ad. Optio laudantium similique fuga occaecati accusamus officiis. Id dignissimos ut dolorem dolorem error et. Qui doloremque tenetur unde consequuntur.',0,1,'1977-08-10 03:29:14','2006-11-28 16:46:27'),(374,74,74,'Doloremque et necessitatibus quis. Ut sint magni qui quae nihil. Consequatur laboriosam nisi quia nesciunt voluptatibus. Vel et aut illum dolor.',0,0,'2012-03-27 07:19:01','2018-06-03 22:37:47'),(375,75,75,'Voluptatem illo nulla doloribus omnis eum culpa itaque. Cum velit rerum ipsum praesentium exercitationem ducimus dolorem. Soluta aut qui iure. Voluptatem non molestias et voluptatem ut. Exercitationem velit quaerat voluptas quas.',0,1,'1976-12-31 19:18:52','2000-07-29 06:24:41'),(376,76,76,'Minus labore aut quo ab. Quidem sapiente ut dolores cumque. Animi ut aspernatur ut deleniti laborum nihil quae.',1,1,'2016-03-14 17:31:59','2016-01-06 21:51:24'),(377,77,77,'Omnis ut reiciendis ut magni minus. Aut excepturi dignissimos assumenda natus. Voluptas voluptas totam aliquam laboriosam placeat laudantium maxime. Assumenda nihil quaerat itaque. Quo distinctio veniam maiores et ut voluptatum.',0,1,'1981-12-24 08:10:58','2012-05-10 12:18:35'),(378,78,78,'Atque rem aut nihil ratione nemo laborum aspernatur. Vitae non consequatur pariatur. Molestiae eius quis numquam magni earum velit.',0,1,'1973-01-27 05:22:56','2002-11-11 19:52:48'),(379,79,79,'Ducimus molestiae quam minus voluptatem modi autem temporibus. Tempore odio nihil est accusantium atque. Ullam a non et non porro autem inventore.',1,0,'1993-01-01 10:13:31','1988-11-16 21:22:39'),(380,80,80,'Commodi excepturi autem quisquam et. Non deserunt facere voluptatem dicta et labore.',1,0,'1998-12-15 14:10:58','1979-10-11 04:30:44'),(381,81,81,'Est ea non sint aut corporis saepe fugit quae. Laborum dolor repudiandae libero consequatur. Suscipit atque est molestiae et aspernatur et.',1,1,'1972-02-16 11:02:08','1993-08-06 12:17:18'),(382,82,82,'Sunt hic labore nisi quaerat fuga architecto quia quos. Aut qui odit sit. Iure delectus et occaecati in et molestiae sequi. Nisi quibusdam earum omnis autem.',0,0,'1977-08-03 16:32:35','2003-08-21 09:05:55'),(383,83,83,'Modi nemo officiis aperiam rerum est cupiditate. Eveniet omnis quos quo et nemo perferendis. Sunt assumenda ducimus consectetur magni earum et voluptas est.',1,0,'2019-09-27 15:38:31','1970-06-05 07:20:07'),(384,84,84,'Quas doloremque quae magni aut temporibus exercitationem. Nesciunt suscipit nostrum labore necessitatibus itaque.',1,0,'1973-11-28 10:38:45','1996-05-15 09:04:54'),(385,85,85,'In quam ut molestiae minus. Placeat ea magnam ipsa.',1,1,'1979-11-26 00:51:23','1979-11-11 09:10:14'),(386,86,86,'Ab provident ut quae voluptate sequi. Totam aliquam placeat odio corrupti voluptas. Atque voluptatem inventore id voluptatem ex. Doloremque id quas et architecto quo et aliquid.',0,1,'1978-10-05 17:38:11','1981-12-08 12:02:14'),(387,87,87,'Voluptas qui aperiam ducimus voluptate maiores vitae. Amet laudantium quasi pariatur soluta enim blanditiis quod.',0,1,'2011-06-09 23:55:29','1984-01-28 18:55:31'),(388,88,88,'Earum quod ut adipisci est. Nihil beatae cum architecto inventore perspiciatis est est.',1,0,'1998-07-08 22:08:20','1986-10-05 09:48:42'),(389,89,89,'Dicta nostrum eos qui veniam. Sed maxime harum vel est. Consectetur animi in cumque maxime facere veritatis. Ut perspiciatis praesentium blanditiis delectus minus rerum.',0,1,'1984-07-04 22:46:25','2017-07-23 08:41:10'),(390,90,90,'Et ducimus facere in quod et perferendis laboriosam enim. Qui officia est earum nesciunt omnis incidunt qui. Et quasi officia suscipit.',1,1,'2001-10-23 09:48:58','1984-10-24 15:59:27'),(391,91,91,'Officiis ipsum in fugit quo laudantium ratione dolores. Consectetur beatae voluptas debitis. Iure recusandae officia modi sed eum. Consequatur animi eum similique laboriosam distinctio perspiciatis iure.',0,1,'2000-02-28 19:31:32','1980-01-19 17:41:06'),(392,92,92,'Illo sed modi occaecati ad aspernatur ea corporis. Ut sapiente quas blanditiis quae aspernatur. Fuga optio ratione numquam qui. Repudiandae voluptates dolorem quas natus rem quo.',1,1,'1994-09-13 08:53:21','2006-08-15 02:02:05'),(393,93,93,'Ea odio culpa libero quisquam. A velit commodi veritatis quo doloremque enim aliquam. Vel hic labore vitae magni rerum eius.',1,1,'1996-03-26 14:39:55','1982-04-14 07:38:17'),(394,94,94,'Est aut labore saepe officiis. Quia aut delectus et veritatis. Molestiae et labore corporis ipsam dolorem asperiores exercitationem.',0,1,'2005-05-23 02:34:51','2015-06-07 13:28:28'),(395,95,95,'Sequi voluptas veritatis in expedita sed. Ex tempora alias sint sint.',1,0,'2007-07-04 18:56:08','2002-06-06 05:15:18'),(396,96,96,'Fugit sapiente cumque voluptatem eos. Rerum ipsum qui et a fuga et. Quia aspernatur debitis quidem aperiam illo. Praesentium itaque minima velit.',0,0,'1970-03-15 08:03:32','1979-10-19 00:35:59'),(397,97,97,'Nesciunt similique magnam consequatur tempore sit quis natus. Et illo libero suscipit sit nihil. Et officia dolorum commodi eligendi. Molestias dolore recusandae eveniet optio. Itaque aliquid ad asperiores impedit molestias qui.',1,0,'2001-10-31 13:04:20','1984-01-04 17:41:22'),(398,98,98,'Reprehenderit corporis et dolorem culpa mollitia sequi ad dolorem. Earum cum vel sed quia omnis nisi enim. Similique ut deserunt consequuntur excepturi voluptatem enim.',0,1,'2013-06-14 22:39:09','1993-10-05 19:46:03'),(399,99,99,'Accusantium nihil quo qui magni et. Odio illum perferendis magnam. Velit qui explicabo illum sequi. Voluptatem distinctio repudiandae magnam quis aut.',0,1,'1988-11-17 08:39:02','1984-03-06 13:51:27'),(400,100,100,'Et ipsam cupiditate ut. Qui vero dolorem et quisquam. Eaque quam rerum omnis rerum incidunt. Et facilis distinctio impedit et nam.',0,0,'1991-11-16 08:51:52','2018-08-25 14:55:30'),(401,1,1,'Atque error dignissimos eos eveniet esse sapiente. Necessitatibus sed nihil eligendi unde numquam aliquid repudiandae. Et distinctio dolores et id.',1,0,'1984-02-02 05:34:35','2008-07-25 18:46:49'),(402,2,2,'Qui ut voluptatem placeat deleniti. Architecto deleniti itaque in doloremque laudantium omnis. Ut molestiae et et est. Quia et exercitationem in quisquam animi doloribus.',0,1,'2008-07-09 18:59:06','1975-09-28 09:17:55'),(403,3,3,'Dolores omnis aperiam magni nulla. Deleniti iusto debitis repellendus odit voluptatum ab deleniti eos.',1,1,'2018-03-11 06:09:04','1971-05-22 03:34:50'),(404,4,4,'Assumenda corporis neque quia est reiciendis. Voluptatibus id at eaque eos qui id id. Adipisci incidunt praesentium dolor ut neque in.',0,1,'1971-12-07 18:16:56','1983-09-17 14:20:03'),(405,5,5,'Quasi aut eveniet quis consequatur sed minus. Omnis repellendus repudiandae beatae ut necessitatibus consequatur dolor. Aliquam mollitia neque aut mollitia aliquid. Optio quaerat ducimus rerum ullam repellat.',1,0,'1984-03-31 16:29:44','1999-08-09 23:04:33'),(406,6,6,'Et sapiente velit quia perferendis enim deserunt recusandae. Ut quo aut numquam dicta at repellat. Unde voluptas voluptate rem eaque est quod veniam.',0,1,'1996-10-02 09:49:06','1989-11-09 08:35:52'),(407,7,7,'Dolore nulla non mollitia explicabo occaecati. Doloremque cumque aut iste ullam. Et eligendi magnam facere. Quasi ut voluptatibus atque necessitatibus eius porro et non.',1,1,'2006-11-02 16:08:55','1988-12-13 04:53:05'),(408,8,8,'Nam sunt magnam distinctio est libero illo perferendis quis. Ducimus cumque est iusto dolorem in accusantium omnis. Rem sit dolor aliquam pariatur.',1,0,'1987-09-07 02:01:47','1988-04-08 03:00:32'),(409,9,9,'Debitis eos voluptatem in consectetur eum ipsum. Non blanditiis minima possimus magni esse voluptatibus quia. Ut et id iusto magni sint molestiae cumque. Dicta quas sint occaecati.',1,1,'1971-06-26 09:26:37','1988-08-05 21:51:32'),(410,10,10,'Iure et magnam quia repellat nihil perferendis sint. Non voluptas voluptates et tempora assumenda sit voluptatem quam. Molestias numquam ea ab accusamus fugiat dignissimos optio quo.',1,0,'2018-05-09 19:00:17','2017-05-06 12:52:28'),(411,11,11,'Quia voluptate consequuntur et. Aut ut dolores est qui facere et. Soluta sint quasi recusandae quia voluptatum id. Explicabo alias labore labore quia ad dolorum.',1,1,'2015-11-04 01:16:44','1970-01-05 08:29:03'),(412,12,12,'Voluptatem culpa et rerum est. Rem magnam et suscipit cumque atque debitis asperiores. Repudiandae facere saepe consequuntur aut similique.',0,0,'2019-01-22 06:09:41','2002-11-13 01:29:30'),(413,13,13,'Voluptatem autem et consectetur quia vitae odio quisquam eius. Fugiat voluptate cum et ipsam a. Ab laborum quae sed. Nihil consequatur ducimus nulla saepe mollitia iure explicabo.',0,1,'2006-05-12 18:04:03','2008-12-27 00:28:12'),(414,14,14,'Voluptas tempora occaecati autem aspernatur repellendus quia quo. Tempore et tenetur praesentium asperiores. Amet hic laborum doloribus dolor. Suscipit accusantium rem et quae.',0,1,'1997-10-27 18:58:33','2016-02-14 19:13:37'),(415,15,15,'Velit cumque saepe consequuntur alias neque nisi. Dicta aut iste ut et sint ab asperiores. Explicabo vel hic facere.',1,1,'1997-10-21 10:10:26','1999-12-22 06:13:02'),(416,16,16,'Cumque officia at dolorem a eum quisquam omnis. Voluptas cumque pariatur corporis maiores saepe perferendis quo eos. Aperiam suscipit voluptatibus quis autem laboriosam. Incidunt amet eum excepturi illum odio qui labore. Optio non fugiat voluptates omnis iusto quis in.',1,1,'2006-09-12 02:11:34','2002-06-10 11:42:57'),(417,17,17,'Quia aut explicabo aut. Deleniti earum nisi sed enim in. Dolor eos quis laboriosam earum vitae ut eum. Quibusdam unde eligendi sit quam dolores ut voluptatem. At dolor quasi eaque.',0,1,'1996-12-21 06:15:18','1994-10-11 15:11:03'),(418,18,18,'Et perspiciatis molestiae possimus. Corrupti qui iusto odit et sint nemo. Ut eum mollitia eaque porro omnis veniam sequi.',0,0,'1979-01-07 07:43:45','1976-07-08 08:40:22'),(419,19,19,'Magnam vel sed suscipit ut tempore repellat saepe earum. Veniam distinctio qui ad ut et aperiam nostrum. Possimus veniam aliquam magnam asperiores porro.',1,1,'2004-03-04 20:25:49','2017-08-24 14:53:42'),(420,20,20,'Molestias nihil quae aliquid. Unde placeat sed impedit veritatis officia numquam ab. Officiis quae qui modi esse architecto quibusdam vero. Voluptatum eaque velit illum harum veniam at. Sunt maiores est dolores porro consequatur at dolor.',0,1,'2019-12-11 08:06:31','1973-04-28 13:30:21'),(421,21,21,'Quidem aspernatur earum dolorum adipisci fugit autem. Quas sapiente quae sequi iusto rerum delectus maxime. Omnis error consequatur aut. Ullam consequatur in quo.',0,0,'1972-08-03 21:19:54','2017-09-20 19:09:08'),(422,22,22,'Cum qui et debitis fugiat sed. Tempore assumenda eius laborum minus. Sed quam minima beatae repudiandae.',0,1,'1977-06-17 11:18:34','1994-12-18 12:13:33'),(423,23,23,'Eius eum fugit ipsa praesentium illo et. Fugit ea eaque in in quis. Libero ad fuga et molestiae voluptates voluptates ut sapiente. Est deserunt quos amet voluptatem qui.',1,0,'1992-03-21 10:47:37','2009-06-02 04:04:16'),(424,24,24,'Sit commodi et et aut. Architecto ut rerum qui iure et. Provident adipisci incidunt sunt et eaque iusto sunt. Tempore dicta et ut magni ut ut blanditiis.',1,1,'2017-06-26 20:00:01','1974-11-27 21:00:13'),(425,25,25,'Iusto ducimus consequatur ipsam voluptas laboriosam molestiae architecto. Consectetur qui doloremque magnam. Ab veritatis corporis doloremque et consequatur necessitatibus voluptate ipsam.',0,0,'1975-08-20 16:53:11','1995-07-28 20:56:47'),(426,26,26,'Dolores dicta fugiat quod veniam recusandae incidunt. Eos ut debitis molestiae occaecati qui repellat at. Officiis dolor dolores doloremque ab consectetur quia.',1,1,'1978-07-13 03:58:10','2000-07-16 13:01:25'),(427,27,27,'Quam fugiat unde cumque harum. Fugiat omnis rerum saepe tempora eius. Eligendi quia enim velit ullam veniam. Eveniet dolore voluptas quo sed.',0,0,'1970-12-24 20:44:11','1980-01-14 06:38:54'),(428,28,28,'Dolorem blanditiis quia animi nihil cum. Quia nobis inventore pariatur autem aut adipisci debitis. Consequatur sequi doloribus dolorum est. Ut quos voluptas occaecati possimus sunt.',0,1,'1985-08-28 16:03:06','1981-01-29 06:43:50'),(429,29,29,'Ea rerum expedita porro vel dolor qui. Hic molestiae labore quod id doloremque et. Atque blanditiis amet a vitae soluta dolor id.',1,0,'2004-03-23 03:32:59','2008-06-11 19:41:33'),(430,30,30,'Aut dolorum est nihil et occaecati deleniti repellat. Odio et sint omnis ab quia. Fugiat ipsa non exercitationem et harum dolores voluptatem.',0,1,'2009-07-20 05:22:09','1999-03-30 07:07:05'),(431,31,31,'Officiis aliquid quo consequatur quasi. Est odio quis quis id enim porro. Consequatur laboriosam fuga mollitia dolorum sit.',0,1,'1993-03-20 18:00:34','2011-11-14 03:44:53'),(432,32,32,'Ipsam doloremque aut nulla delectus cumque. Dolore ea vel nobis consequuntur maxime odio id. Alias dolore et rerum possimus doloremque id. Sit ad odit ea temporibus sint voluptatum.',1,1,'1993-07-23 15:44:01','1993-05-11 15:00:16'),(433,33,33,'Quia quia architecto animi quisquam. Sint dignissimos maxime asperiores eveniet voluptas. Quia qui illo vitae aut omnis et.',1,0,'1980-06-23 16:02:21','1979-04-11 07:52:37'),(434,34,34,'Non officia aliquid omnis corrupti molestiae. Soluta voluptatem et perspiciatis corporis facilis. Dolores nemo iusto enim hic magni blanditiis non.',1,0,'1994-01-13 22:42:21','2015-04-15 14:01:32'),(435,35,35,'Sed sed quae sit vel sint molestiae. Consequatur quibusdam fuga animi qui commodi molestiae quidem consequatur. Aut non enim porro qui qui recusandae.',0,1,'1975-06-05 15:29:03','2005-04-26 19:02:09'),(436,36,36,'Amet laboriosam velit occaecati nemo. Ad iste provident deleniti eum pariatur fugit voluptas.',1,1,'1980-04-06 22:19:23','1980-02-08 18:36:31'),(437,37,37,'Magni aut esse aut velit dolorem iusto. Recusandae odit nobis itaque. Voluptas sit tempora reprehenderit quibusdam esse qui. Et est suscipit vero molestias corporis inventore qui.',1,0,'2017-10-30 11:07:53','2007-08-05 13:58:08'),(438,38,38,'Est sint earum blanditiis eos. In iste nihil impedit vero blanditiis. Inventore qui nulla praesentium.',0,0,'1983-03-27 17:15:36','2000-09-01 23:36:40'),(439,39,39,'Deleniti blanditiis cum rerum tenetur corporis. Cupiditate est modi rerum corrupti consectetur accusantium. Iusto temporibus rerum repellendus est.',1,1,'1971-09-11 06:34:19','1981-02-20 11:54:06'),(440,40,40,'Et eius eum voluptatem omnis. Doloribus et ullam ut assumenda. Deleniti blanditiis ut sit. Sed dicta eaque similique assumenda.',0,0,'2015-05-14 05:59:10','1970-05-26 16:38:13'),(441,41,41,'Dolorem voluptatem iusto corporis quia blanditiis optio voluptates sed. Minus at vitae cum placeat culpa enim eos. Deleniti eveniet maiores earum rerum illum qui.',0,0,'1999-04-26 09:24:21','1971-06-22 13:33:06'),(442,42,42,'Laudantium voluptatem rerum voluptate recusandae nostrum. Quae ipsam et voluptatibus quibusdam. At ratione omnis incidunt dolore maiores consectetur cum.',0,1,'2020-04-11 14:14:06','1989-07-31 01:30:11'),(443,43,43,'Nisi nihil hic laborum cum maiores reiciendis occaecati. Dolorem et quo qui molestias ut amet labore. Qui laboriosam blanditiis a iste aut et non.',0,0,'1980-10-16 00:28:36','1971-01-08 12:37:35'),(444,44,44,'Suscipit tempora repellendus impedit. Enim qui saepe ea suscipit. Quod reprehenderit autem sint architecto odit dolorum.',0,1,'1988-02-08 15:19:01','1980-04-08 20:22:02'),(445,45,45,'Id consectetur et voluptates provident. Aperiam sunt pariatur debitis. Architecto qui cum totam vel quo.',1,0,'2014-04-25 12:15:39','2003-02-01 08:05:10'),(446,46,46,'Error qui iste rerum natus debitis vero quo asperiores. Voluptas exercitationem officia qui et rerum. In officia earum reprehenderit assumenda. Quia ipsum incidunt dolor aspernatur mollitia fuga architecto.',0,0,'2009-10-21 06:38:21','1996-03-22 06:18:51'),(447,47,47,'Eum voluptatem est eveniet. Laudantium quia aliquam sed voluptates modi. Consequuntur cupiditate autem sed magnam quae sequi.',0,0,'1995-04-06 17:58:05','2014-02-19 18:23:56'),(448,48,48,'Mollitia qui rem omnis distinctio laborum voluptate. Eos culpa est odio repudiandae cumque voluptas commodi. Commodi voluptate unde officia ad sit assumenda et.',1,0,'1983-12-28 15:54:02','1990-06-30 13:22:39'),(449,49,49,'Omnis earum dignissimos rerum tenetur et aut. Sunt rerum voluptatem aliquid provident. Dicta voluptatem aut nostrum qui ut harum tempore.',1,1,'2011-04-07 13:49:23','2002-04-20 16:50:41'),(450,50,50,'Unde quisquam qui et est facilis porro. Enim explicabo enim eum et. Qui sapiente sit et quod.',0,0,'1970-05-03 20:43:44','1986-09-07 13:28:47'),(451,51,51,'Explicabo nobis adipisci sunt error velit quas sed. Velit officia suscipit aut dicta.',1,0,'1977-07-31 23:14:13','1973-09-03 17:50:56'),(452,52,52,'Minus similique et quia optio maxime incidunt. Officiis aliquid sed molestiae aut nulla id. Et eos consequatur saepe necessitatibus qui. Voluptates quam exercitationem incidunt repudiandae et ut.',0,0,'1975-08-11 14:42:55','2015-10-08 18:56:02'),(453,53,53,'Facere et accusamus ab asperiores et vitae quia. Dolores ad est illum omnis. Enim ad a molestias aperiam porro dolore reiciendis. Earum rerum repellat vel et cumque libero voluptate in.',0,1,'2018-05-14 23:37:46','2012-07-08 16:20:44'),(454,54,54,'Et veniam sed similique illo omnis consectetur sit. Veniam perferendis veniam est aliquid enim.',1,0,'1984-11-02 05:40:49','2009-10-24 05:41:43'),(455,55,55,'Suscipit sapiente eos quod laudantium nulla eaque alias. Illo sequi vitae a vel. Modi aut quae cumque pariatur et est autem. Assumenda suscipit voluptatibus numquam id qui numquam accusamus.',1,1,'1979-12-30 17:30:15','1990-08-23 06:04:25'),(456,56,56,'Quod non dolores et. Culpa consequuntur mollitia molestiae dolorem ipsam magnam. Ut modi dolore vero rerum.',1,0,'1975-12-03 10:53:20','1989-01-03 05:05:31'),(457,57,57,'Deleniti omnis eveniet mollitia sed quam. Et consequuntur perspiciatis sit et aut sit deserunt. Recusandae est magni est iusto similique rerum. Possimus aut impedit eum similique.',1,1,'2004-12-07 08:18:39','2003-02-21 13:07:23'),(458,58,58,'Alias repudiandae blanditiis tenetur commodi sed natus. Facere impedit dolores at molestiae. Quia sint voluptas est exercitationem et. Est velit provident minus dolore assumenda.',1,0,'1974-01-24 21:57:12','1978-04-28 10:41:25'),(459,59,59,'Repudiandae praesentium quasi est sunt est atque. Tempora aspernatur necessitatibus dolorem aperiam ut. Eveniet veniam est reiciendis dolore dolorem aut. Maiores error ipsa reiciendis earum.',1,1,'2016-01-03 04:00:49','1989-01-24 11:32:57'),(460,60,60,'Ut incidunt nihil rem culpa officiis et. Eius et recusandae voluptate et quia rerum. Occaecati non aut nemo minima eaque sit omnis. Voluptatem hic et nihil velit aliquam consequatur.',0,1,'2013-03-02 14:41:28','1990-12-25 16:14:54'),(461,61,61,'Voluptatum qui libero debitis recusandae. Ducimus eum odio explicabo magni. Est consectetur fugit ad quia saepe sint. Cum incidunt ullam tenetur magni labore et voluptate.',1,0,'2016-08-04 15:19:10','2000-01-31 11:29:39'),(462,62,62,'Nihil nesciunt provident voluptas illo tempora vel. Eius vero quia sequi dolorum repellat. Quia quisquam ea quis aut. Id et at esse quia eius qui.',0,1,'2010-03-09 05:31:46','2017-09-20 21:11:09'),(463,63,63,'Quia sint optio fuga quisquam. At similique libero deleniti rerum est aliquam. Qui a ratione beatae debitis molestiae quibusdam et. Architecto sapiente ut cumque quasi iure sit.',0,0,'1975-12-19 09:31:50','1999-10-29 02:46:06'),(464,64,64,'Doloribus omnis provident et enim rem. Ut quas inventore explicabo. Nihil quia sunt et omnis quia veniam.',1,0,'1981-12-08 18:34:17','1991-09-27 05:18:53'),(465,65,65,'Natus sunt omnis nostrum aut ab dolorem error. Ullam fugiat necessitatibus aut dolore tenetur autem. Et pariatur eum est temporibus est.',0,1,'1997-12-25 08:07:49','1998-09-19 23:46:30'),(466,66,66,'Illum voluptatem autem ab culpa voluptatem ipsum iste. Nulla facilis vel deserunt est soluta. Accusamus id assumenda iure. Odio dolor ut et consequuntur ipsa.',1,1,'1978-06-13 23:16:44','2007-07-23 07:20:04'),(467,67,67,'Odit vel sit eum quis odio enim dolor. Distinctio rem dolor accusamus nam in deserunt. Occaecati repellendus quasi beatae tempora tenetur provident dolor. Non nihil placeat numquam praesentium veritatis nam.',0,0,'1979-09-11 22:56:42','2012-01-23 03:53:04'),(468,68,68,'Quia sapiente consequatur velit. Reiciendis laudantium quo ratione aut labore. Nulla suscipit sunt occaecati illum.',1,1,'1972-07-30 09:34:33','1996-01-06 18:30:48'),(469,69,69,'Laborum aut delectus fugit sequi assumenda eius ut dolor. Est praesentium explicabo provident ea repellat. Nemo non id distinctio dignissimos. Vitae ut earum voluptates qui accusantium.',0,0,'1999-03-13 03:37:56','1992-02-18 18:50:02'),(470,70,70,'Deleniti autem dolores magni et. Ut enim et debitis quis iure fuga quo. Ut sit voluptatem assumenda est recusandae dolor.',1,0,'2017-02-26 06:08:57','2020-04-21 20:00:02'),(471,71,71,'Quo voluptas repellendus animi. Eaque sit occaecati placeat eum. Ipsum eum non voluptas accusamus.',0,1,'1973-12-09 10:56:49','2002-07-06 07:16:02'),(472,72,72,'Quod quia maiores illum dolores quod numquam. Sit temporibus enim quas magni et. Eveniet beatae quo occaecati expedita amet.',1,1,'2018-05-31 18:12:32','1986-08-22 06:11:57'),(473,73,73,'Sint animi molestiae est qui nulla. Amet molestiae pariatur maiores eaque facere nihil. Est id labore aliquid cumque aut.',1,0,'2004-05-04 20:16:59','1973-11-19 14:54:54'),(474,74,74,'Inventore labore aut quasi non. Recusandae voluptate eum est similique dolores aliquid. Est modi dolorem molestias nobis accusantium dolor. Perferendis facilis rerum est minus rerum in.',1,1,'2001-12-07 22:27:57','1972-06-03 03:09:40'),(475,75,75,'Est occaecati quis atque ut enim enim. Nostrum dolor est qui eum adipisci eaque voluptatum rerum. Omnis aliquid numquam error qui. Magnam odit repudiandae et amet cumque quae.',0,0,'1994-07-26 05:54:45','1996-11-20 04:57:08'),(476,76,76,'Voluptates officia possimus ad nisi. Praesentium aliquid ipsa quis dolores aliquid. Fuga illum consequatur excepturi.',1,1,'1982-11-03 14:22:01','1989-02-27 04:07:16'),(477,77,77,'Sequi aliquam dolor quasi hic error alias nesciunt et. Nesciunt quas ducimus perferendis nam minus ipsum id. Qui incidunt quia odio perspiciatis et ut. Assumenda aut repellat qui voluptas occaecati sit.',1,1,'2006-07-17 17:19:02','1992-07-18 01:26:41'),(478,78,78,'Dolore maxime eligendi perspiciatis. Doloribus libero voluptas labore hic voluptas voluptatum voluptatem. Officiis saepe enim vitae.',1,1,'2006-11-14 08:44:35','2007-12-13 04:40:09'),(479,79,79,'Ad et voluptatem consequatur delectus maiores. Modi aut ut ab. Molestiae numquam enim enim nesciunt nam.',1,1,'2012-12-12 13:09:22','1973-11-30 16:15:09'),(480,80,80,'Et et dolor ut soluta reprehenderit. Sunt dolorem ipsam aspernatur libero perspiciatis placeat quis ullam. Quia nihil impedit dolorem non eveniet sunt. Officiis iusto eligendi molestiae. Aut saepe et nisi iusto incidunt.',1,0,'1973-12-04 10:20:31','1985-05-16 10:25:46'),(481,81,81,'Laborum dignissimos nostrum rerum recusandae nesciunt nisi ut nihil. Aut est velit sint et fuga. Voluptate ipsam quo incidunt praesentium voluptates.',0,1,'2006-12-25 22:44:45','1971-03-20 15:49:15'),(482,82,82,'Ut et voluptatem reprehenderit rem ex suscipit quae ut. Officiis et dolor molestias sunt.',0,1,'2020-07-05 01:57:12','1970-08-18 20:46:00'),(483,83,83,'Vel minima voluptate veniam officia. Inventore eos aperiam earum esse explicabo. Eligendi et qui ex maiores. Voluptatum quia odio nobis qui sapiente quos.',1,1,'2013-04-20 08:27:43','1984-12-30 12:07:11'),(484,84,84,'Quam eos beatae neque rerum accusantium sapiente veniam. Fugit similique adipisci voluptatem. Sunt velit optio aliquid molestiae. Tenetur ex accusantium voluptas incidunt perspiciatis dicta quasi. Temporibus consequatur consequatur fuga labore.',1,1,'1999-01-07 20:09:35','1999-12-15 19:40:40'),(485,85,85,'Vel repellendus provident cumque tempora et tempore at eum. Voluptas aliquam ex non autem voluptatum aliquam velit rerum. Unde architecto iste quidem esse et et inventore. Voluptatem ut maxime sed sint. Deserunt id laboriosam maxime a.',0,1,'2013-12-15 21:56:26','2001-08-02 04:49:31'),(486,86,86,'Eaque dolorem eius recusandae tenetur. Omnis ratione repudiandae voluptatibus molestiae fugiat. Doloribus soluta eum numquam cupiditate ut accusantium minima molestiae. Omnis aut dolores sed id aspernatur.',0,1,'1996-10-09 06:37:52','1980-04-12 03:24:41'),(487,87,87,'Molestias numquam molestiae aliquid delectus enim non aut. Qui repudiandae inventore sint ut tempora labore. Eos quia sed eius maiores. Aut nulla hic voluptatibus et eligendi qui tenetur. Unde delectus sed neque eum explicabo.',1,0,'1982-04-30 23:31:33','2011-10-07 00:28:13'),(488,88,88,'Odit ipsum aliquid soluta non odio illo. Eum alias odio perferendis pariatur aut. Quae beatae similique voluptas autem sunt cupiditate.',0,0,'2011-10-30 00:37:43','1998-07-30 03:43:22'),(489,89,89,'Ut beatae nostrum fugit deleniti praesentium. Eum pariatur laboriosam sit magni eveniet. Repellendus dolorem dicta aut non.',0,1,'1997-12-18 05:26:04','2012-09-19 17:51:31'),(490,90,90,'Omnis quam unde dicta omnis molestias eligendi soluta consectetur. Eum harum accusamus deserunt repellendus. Beatae cupiditate repudiandae quidem. Et eligendi animi dicta placeat aut ipsam. Dolorum incidunt omnis saepe laboriosam at temporibus omnis.',0,1,'1990-04-08 17:27:52','2000-04-07 16:44:25'),(491,91,91,'Nemo perferendis et consequatur itaque ratione optio. Alias dolorem et rerum voluptas rem voluptate. Quisquam quasi similique facere eum quisquam odio perferendis. Numquam praesentium corrupti voluptatem incidunt.',1,1,'2002-05-17 22:28:08','1974-09-22 15:48:20'),(492,92,92,'Dolorum veritatis maiores qui dolores ad beatae. Omnis eum qui eius voluptate. Ea iusto eaque reprehenderit nesciunt possimus eveniet fugit numquam.',1,1,'2008-04-14 14:59:19','1970-03-17 16:08:18'),(493,93,93,'Iste perspiciatis similique odio esse quisquam. Incidunt ut tempore consequatur ut aut omnis atque. Id dolores iusto atque repellendus. Et dolorem non aut unde.',1,0,'2019-12-14 21:08:56','1976-01-08 14:52:32'),(494,94,94,'Cupiditate ut ut reprehenderit asperiores neque inventore sed. A ex et est sapiente illo magni. Architecto sit tempora nobis ea velit. Qui ut et quis non sint. Numquam accusamus qui aut dicta vel itaque non autem.',1,0,'2010-01-16 10:20:11','2015-06-17 21:11:45'),(495,95,95,'Atque fugit quia minima non. Consequatur quod et vel dolorum nihil. Corporis qui culpa illum velit consequuntur. Similique mollitia suscipit eos omnis nemo et asperiores error. Labore dolor ducimus libero et quia.',0,1,'1970-02-05 19:36:57','2013-06-01 08:49:01'),(496,96,96,'Qui ea beatae sed. Quasi optio modi minus earum. Eveniet voluptas sed vel sed.',1,0,'2011-10-14 02:26:40','1974-06-14 05:35:00'),(497,97,97,'Maxime hic expedita odio est praesentium consequatur aut iure. Et perspiciatis cumque consectetur.',1,0,'2003-04-24 11:27:19','1999-10-30 11:17:42'),(498,98,98,'Laborum aut omnis numquam dolores dolorem. Sit dolor eos nostrum nisi ut sint. Cumque sunt fugit amet amet. Officia quia nemo dolorem id. Modi aut eligendi eaque veritatis maiores sequi.',1,0,'1976-07-25 04:01:33','2008-06-09 20:19:19'),(499,99,99,'Nisi exercitationem qui aut. Repellat ab corrupti cumque omnis unde similique. Est cumque non eius nulla est vel quam atque. Non quaerat rerum odit aut ipsam sint et.',0,1,'2012-06-20 09:39:40','2002-11-24 18:34:45'),(500,100,100,'Et porro reprehenderit totam qui. Modi eligendi aliquid quis inventore non. Sed sed ut ea veniam eos explicabo accusamus. Eius minima nulla quos dolor.',0,1,'1979-10-05 23:17:49','2016-08-11 00:24:30'),(501,1,1,'Iusto vitae sit quisquam. Ullam nihil natus et nobis nihil nisi officia odit. Eligendi voluptate omnis odio maiores quasi possimus harum reprehenderit. Quo placeat quis eligendi minima quia voluptas eum quos.',1,0,'2011-05-30 05:08:21','1988-05-13 12:18:21'),(502,2,2,'Similique sit placeat dolorum ea quis tenetur. Quae natus sunt sit iste blanditiis ea nulla. Cupiditate modi accusamus repudiandae qui sed. Natus debitis qui in corrupti.',1,1,'2014-06-16 02:28:05','2007-01-13 01:15:22'),(503,3,3,'Est numquam et molestiae magni distinctio unde. Sint sequi quae molestias eos tempora aspernatur. Animi facilis in culpa quasi dicta.',1,0,'1989-10-02 12:16:08','2009-05-01 22:10:11'),(504,4,4,'Qui minima illum deleniti expedita dignissimos cumque molestias. Corrupti esse provident error iusto voluptate. Ipsam rem nam et delectus est ullam.',1,0,'1998-09-09 08:12:38','1999-01-13 09:31:05'),(505,5,5,'Modi aperiam nemo odit dicta. Magni sint nemo qui voluptatem. Voluptatem officiis quia et sed soluta quis at.',0,0,'2008-01-14 22:17:38','1995-08-27 05:15:16'),(506,6,6,'Est sint non accusamus alias. Id quidem velit ut laborum.',0,0,'1980-09-14 19:04:31','1997-11-28 11:02:55'),(507,7,7,'Excepturi tenetur ipsum sed praesentium soluta accusantium debitis. Delectus omnis est voluptas. Ipsam pariatur quis aperiam ex et non eaque.',0,0,'2017-09-03 20:29:43','1996-12-21 20:15:30'),(508,8,8,'Sint iste assumenda placeat consequatur. Expedita quasi et quas. Eum sit sunt esse veritatis aliquid neque et.',0,1,'2000-07-03 12:12:05','1995-06-12 05:02:03'),(509,9,9,'At perspiciatis aut possimus consequatur et ut. Reiciendis itaque aspernatur odit libero. Et voluptatibus quis voluptates molestias hic aut quaerat autem.',0,1,'2019-09-20 02:25:48','1984-01-29 07:28:13'),(510,10,10,'Nihil provident voluptas est quos dolorem ipsam sed enim. Ex quidem quia perferendis at nam eos molestiae fugiat. Dolores cumque quod explicabo sed qui ratione labore. Dolor pariatur amet dolor sit qui ducimus. Aut iure rerum maxime repellendus.',0,0,'1991-02-13 15:28:55','2007-04-14 08:06:19'),(511,11,11,'Corporis odio consequuntur quo eos. Dignissimos id quae rerum modi. Nam perferendis eaque porro cupiditate inventore. Odit minima recusandae rerum ullam qui consequatur dignissimos eos.',1,1,'2013-06-09 02:42:52','1977-05-30 16:14:08'),(512,12,12,'In animi nemo non est. Voluptate veniam dicta deleniti doloremque et voluptates soluta repellendus. Optio velit et vel ad provident. Ex velit aut suscipit cupiditate ratione in.',1,1,'1998-05-12 12:02:53','1970-12-24 03:57:53'),(513,13,13,'Sit ut repellendus culpa voluptas eveniet ipsa. Sit optio autem voluptate. Est recusandae ratione nihil ad. Libero libero est in vel dolorum voluptas.',1,1,'1986-06-11 15:19:13','2006-04-18 01:54:48'),(514,14,14,'In neque nihil veritatis et non non sint. Placeat esse nihil quia natus est. Ut aut in eius reprehenderit dolore. Ea sit repellendus consequuntur.',0,1,'1984-01-31 16:34:36','2020-03-22 01:10:39'),(515,15,15,'Et molestiae dolores non consequatur suscipit expedita. Labore libero nam et eligendi. Facere nihil aut reiciendis architecto dolores qui sint.',1,0,'1994-10-14 17:54:46','1981-02-26 15:24:29'),(516,16,16,'Nostrum molestiae animi et tempore sunt omnis sunt. Enim unde totam ducimus optio quia labore autem. Dolores amet eaque dolorem sit.',1,0,'1990-12-29 11:39:06','1982-09-10 02:42:14'),(517,17,17,'Et omnis quos iure consequatur excepturi tempore ad. Reprehenderit a temporibus aut in et aspernatur. Rerum itaque quis esse voluptates. Vero ut repellat quibusdam est sed eveniet veritatis.',1,0,'2019-06-04 00:40:15','1995-11-15 07:49:35'),(518,18,18,'In repellat est aut adipisci nesciunt ut dolores. Inventore eum aut repudiandae velit repellat dolorum qui. Sed cupiditate voluptas accusantium optio nobis. Asperiores voluptatem illo quo.',1,0,'1976-03-14 04:15:20','1978-08-29 12:01:23'),(519,19,19,'Explicabo assumenda provident sequi voluptates consequatur officia quidem. Nulla repellat saepe eum aliquam quis. Aut perspiciatis optio nam repudiandae velit est sit. Dignissimos aut qui id. Praesentium et perspiciatis quod nobis maxime eum rerum quam.',0,1,'1991-07-17 09:41:43','1999-12-22 10:23:25'),(520,20,20,'Nobis quod vero similique quisquam eos quibusdam esse. Error quas consequuntur nam doloribus sint aut dolores. Reiciendis totam et eum voluptatem fugit qui. Quisquam et omnis dolorem iure velit consequatur.',1,0,'1987-06-27 16:15:42','1976-10-26 12:13:31'),(521,21,21,'Autem perferendis est et architecto quasi perferendis. Quibusdam laudantium non vel. Suscipit enim molestias quae officia qui.',1,0,'2000-12-16 01:58:08','2019-02-27 19:22:49'),(522,22,22,'Blanditiis ratione et nam omnis natus quae ea. Voluptatem quia quod voluptate maiores repellat facere. Aut occaecati eum mollitia iure aut odio.',0,0,'1995-09-29 22:00:02','2020-04-02 11:05:14'),(523,23,23,'Sed accusamus animi aliquam velit unde minima. Sed perferendis necessitatibus omnis qui voluptate itaque. Fuga ad similique voluptas dolores repellat.',1,0,'1996-02-07 08:08:53','1975-08-16 14:40:17'),(524,24,24,'Iusto velit quam consequatur omnis quod quia et. Eaque reiciendis quis non illo. In occaecati blanditiis quia quo architecto culpa. Ipsum eum dignissimos accusamus laborum.',1,0,'1976-12-09 03:00:34','2009-01-01 03:17:45'),(525,25,25,'Ducimus quaerat unde sit sed blanditiis. Quibusdam et nihil deleniti qui.',0,1,'2006-04-12 21:42:53','1986-06-01 18:29:07'),(526,26,26,'Commodi praesentium et voluptas natus. Mollitia rerum dolores non distinctio et esse incidunt. Vel debitis dolorum tempore et atque incidunt.',1,1,'1997-10-01 23:21:02','2014-07-02 18:50:50'),(527,27,27,'Ducimus minus voluptatibus qui voluptas magni. Autem ex incidunt assumenda nesciunt distinctio eum autem itaque. Sit dolor autem iure et suscipit modi.',1,0,'1982-08-27 03:12:50','2002-12-03 03:54:51'),(528,28,28,'Eum ea aut aspernatur vero. Quo pariatur vitae autem numquam iure architecto a. Deleniti est suscipit alias quae iste modi soluta nulla. Est recusandae ea enim.',0,0,'2013-12-23 11:21:26','1986-02-18 17:11:20'),(529,29,29,'Perspiciatis similique aut rerum molestias voluptate quia. Eaque sapiente non eveniet sed animi excepturi. Incidunt rerum sed delectus architecto voluptatem reiciendis tempora. Deleniti aut aliquam consectetur eveniet molestiae sint recusandae.',1,0,'2015-01-25 14:45:03','1995-09-14 18:36:34'),(530,30,30,'Odit quia odio temporibus iste laudantium sint laborum. Enim veritatis qui minus. Recusandae architecto perspiciatis asperiores eligendi.',0,0,'2002-12-01 01:44:06','1991-02-05 06:23:24'),(531,31,31,'Quo reprehenderit sed corporis laudantium. Quisquam non temporibus minus qui vero ut et. Ea est quisquam assumenda ab. Voluptates nostrum sint consequatur nihil.',0,0,'2018-03-22 10:39:37','1975-08-03 06:09:32'),(532,32,32,'Voluptatem pariatur consectetur voluptas magni aut nemo non. Officia occaecati suscipit quisquam dolores voluptatum. Et repellendus non non et quis asperiores est eum. At voluptatum et autem dolores accusantium sit voluptates.',1,1,'1984-07-03 19:13:32','1987-11-08 09:31:30'),(533,33,33,'Molestiae itaque similique qui a. Mollitia quos quas modi ex omnis enim. Consequatur vel veniam incidunt aut est a quia asperiores.',1,1,'1975-01-19 08:45:25','1970-04-08 06:03:55'),(534,34,34,'Quia rerum eius facere voluptas et. Beatae architecto at error et dolorum mollitia iure eos.',0,1,'1977-07-11 10:35:25','1983-06-10 10:02:49'),(535,35,35,'Quo perspiciatis est eius quis. Possimus dolor nam soluta officia. Maxime eum enim harum cupiditate. Nihil ea veniam ut nemo rerum.',1,1,'1993-04-04 12:29:22','1977-11-20 21:12:55'),(536,36,36,'Exercitationem omnis quaerat saepe. Sint vero totam et illo minus incidunt. Sint numquam iste perferendis iure minima consequatur hic.',0,1,'1999-10-05 23:15:28','1971-03-18 22:29:26'),(537,37,37,'Qui qui veniam quas explicabo. Id rerum enim vero commodi et. Iure ipsa porro eum sapiente.',1,1,'1996-12-30 13:32:15','2015-05-27 08:38:29'),(538,38,38,'Inventore quia nostrum cupiditate temporibus. Unde ipsam architecto explicabo atque. Deleniti et praesentium fugit magnam vel quibusdam.',1,0,'1992-10-25 18:46:53','1980-08-20 07:18:34'),(539,39,39,'Voluptates quia consequatur suscipit alias perferendis aut dolor est. Sint est explicabo eius eos. Consequatur vitae veniam impedit quod.',0,1,'2002-12-28 08:51:11','2010-12-11 17:21:04'),(540,40,40,'Est similique molestiae aliquid iure consequatur. Quasi officia rerum illo. Magni animi minima sit voluptatibus corrupti. Eveniet repellat optio voluptas distinctio et.',0,1,'2015-02-26 01:21:07','1997-09-06 23:56:00'),(541,41,41,'Ipsa porro delectus placeat. Corporis sit officia ab accusantium sequi aut et. Provident sed eveniet doloremque omnis deleniti.',1,0,'2012-03-20 04:15:24','1972-06-30 10:53:59'),(542,42,42,'Deleniti quam ipsum tempora vitae quibusdam delectus repellat. Labore deserunt quia sed possimus sunt est laboriosam et. Sint quia reprehenderit modi dolorem soluta id maiores ipsa. Totam suscipit est est dolorum laudantium.',0,1,'1984-01-26 18:31:37','1980-09-25 23:18:57'),(543,43,43,'Recusandae voluptatem explicabo quibusdam est iure. Dolorem consequuntur mollitia dignissimos. Eum doloremque non asperiores deleniti itaque in commodi. Fuga ad maxime maiores sapiente.',0,1,'1971-02-03 20:54:37','1999-10-02 07:09:38'),(544,44,44,'Eos facere quod in molestiae et laborum beatae et. Voluptates nobis et incidunt sit perspiciatis consequatur minus.',1,0,'2004-02-21 14:01:26','2004-02-05 21:43:08'),(545,45,45,'Accusamus eveniet itaque aut sequi quis quam beatae. Accusantium qui molestiae veniam unde doloremque. Ratione officiis neque ea ipsa.',0,0,'1978-04-23 23:52:36','1992-08-20 05:33:43'),(546,46,46,'Porro autem eaque quam quia quo voluptatem sit. Animi perferendis quibusdam enim sequi. Aut quos laudantium rerum consequatur.',1,0,'2009-10-29 22:16:46','1977-04-27 02:33:12'),(547,47,47,'Commodi debitis et a non nesciunt a. Dolorem voluptatem consequatur rem qui ipsam. Iure voluptatum dicta maxime non laborum est.',1,0,'2014-09-21 17:54:08','1993-01-26 22:43:19'),(548,48,48,'Eos quam est accusantium nulla nesciunt architecto non. Id deleniti ratione aliquid. Doloribus doloribus unde possimus quia.',0,1,'2012-01-15 05:15:24','2007-04-03 17:42:45'),(549,49,49,'Natus ipsa minus unde possimus hic occaecati. Quis non omnis adipisci eos ipsa at quas. Temporibus eum asperiores voluptatum fugit facilis et harum.',0,1,'2008-04-24 06:06:40','1982-10-27 02:41:19'),(550,50,50,'Omnis autem explicabo rerum consequatur. Vel possimus sint aut. Suscipit ipsa asperiores ullam sed aperiam accusantium.',0,1,'2005-10-23 22:52:18','1972-05-12 18:12:19'),(551,51,51,'Hic repellat aut voluptas ad omnis voluptas excepturi. Dicta ratione perspiciatis cumque ut culpa. Impedit dolor quidem sint quis illum et et. Ut accusantium ducimus consectetur doloremque.',0,0,'2006-07-19 00:00:04','1991-12-19 14:40:56'),(552,52,52,'Perspiciatis magni enim ut optio ea. Veniam dolores porro dolor optio a quia repellendus.',1,1,'2009-09-01 13:05:35','1977-11-22 07:57:54'),(553,53,53,'Excepturi omnis consequatur expedita dolorum aliquid optio est corporis. Quas qui repellat voluptatem. Voluptas asperiores ea voluptatem sunt. Quam autem tempore dignissimos nisi in deserunt.',1,1,'1971-08-16 01:03:02','2010-01-10 22:36:09'),(554,54,54,'Repellat aut et architecto officiis at. Quia ut et voluptatum laudantium. Rerum et modi non architecto maxime vitae perferendis rerum.',0,0,'1990-12-07 14:54:18','2014-07-22 05:00:21'),(555,55,55,'Quo ut beatae magnam qui quam. Quam quis sint officia non accusamus nihil quas non. Sit soluta sunt quo est.',0,1,'1998-03-28 20:48:45','2017-05-20 12:55:28'),(556,56,56,'Sed quis qui commodi porro soluta. Incidunt quasi eius minus adipisci. Velit deleniti autem praesentium voluptates. Eius ipsum iure quis eligendi est.',0,1,'1996-02-24 21:38:12','1997-06-14 17:07:05'),(557,57,57,'Rerum ea reprehenderit accusantium. Sint voluptatem ea mollitia et. Ut consequatur blanditiis est est dolorum excepturi velit est.',1,1,'1982-02-23 11:38:28','1983-04-15 16:10:13'),(558,58,58,'Nam porro magni doloribus autem quasi eveniet. Quis optio dignissimos animi. Fugit atque eligendi nisi doloribus aut pariatur. Non sunt amet at quia.',0,0,'1981-11-06 16:42:41','2015-07-21 11:36:22'),(559,59,59,'Est nihil vel dolorem sit magni. Voluptas quae sunt amet animi asperiores.',0,0,'2005-08-30 05:43:43','1972-12-29 14:56:44'),(560,60,60,'Maiores sit ut placeat et neque. Praesentium qui non sed ipsum id ipsum harum. Qui vero itaque saepe eos error sint quae sed.',1,0,'1976-06-12 23:38:05','2006-03-09 00:15:22'),(561,61,61,'Ad et officia corrupti natus. Libero nihil praesentium et omnis. Laudantium officiis et rerum vitae eveniet. Et ullam odio fugiat veniam aut eum vitae.',1,0,'2019-01-12 17:31:26','2013-10-21 19:31:43'),(562,62,62,'Voluptas porro sit quidem veniam. Voluptatem qui veniam corporis quia. Minus et eaque libero voluptas animi. In optio dolores autem similique. Quia iusto incidunt fugit voluptatibus ducimus rerum quos.',0,1,'1972-06-28 23:41:16','1985-01-21 13:14:52'),(563,63,63,'Provident quaerat in sit mollitia. Laboriosam nulla necessitatibus architecto ullam ut. Enim quisquam a est et impedit sint vero cumque.',0,0,'1973-09-28 11:18:53','1977-07-03 01:34:29'),(564,64,64,'Quod tempore distinctio rerum id beatae quibusdam. Iure voluptate sint doloremque distinctio vel vel recusandae. Ut veniam fuga quos blanditiis aliquid recusandae dolor.',1,0,'2002-01-27 05:23:33','1982-08-01 08:26:07'),(565,65,65,'Nam nulla alias saepe et similique veniam. Et perspiciatis rerum asperiores sit. Tempora maiores molestiae consequatur est error commodi.',1,1,'2013-05-03 22:02:34','2018-09-28 19:38:06'),(566,66,66,'Libero et deleniti occaecati error aperiam voluptas. Maiores saepe iusto voluptatibus voluptatem. Est ut consequuntur enim quis. Quia et quas sed et et.',1,0,'1988-10-12 08:07:15','1988-04-02 22:44:11'),(567,67,67,'Minus blanditiis cum sapiente necessitatibus. Pariatur laboriosam expedita et. Praesentium voluptatem tenetur sed. Et nesciunt qui ipsa dignissimos.',0,1,'1999-12-19 09:56:08','1994-04-14 22:22:50'),(568,68,68,'Vitae eligendi dolorem nihil. Voluptas consequatur accusamus delectus totam modi maiores. Inventore adipisci ut omnis et ipsa.',1,1,'2007-10-01 01:46:49','1991-09-27 01:16:29'),(569,69,69,'Aut fuga dolorem inventore ipsam. Molestiae repellat non dolor iure. Cumque ea aut facilis quia praesentium. Veritatis dolore et nihil repudiandae voluptatibus. Sint est sequi corporis incidunt atque suscipit eum.',0,1,'1983-01-23 04:27:30','1990-08-08 07:19:53'),(570,70,70,'Et reprehenderit non consequatur dolores eos velit velit. Sint iure quisquam recusandae laborum. Eligendi ad culpa quisquam odit quo. Dolorum molestiae excepturi molestiae libero harum natus.',1,0,'2015-12-30 13:53:56','1978-06-20 21:13:17'),(571,71,71,'Non rerum blanditiis et odit hic sit sed repudiandae. In officia voluptatem fugiat autem non et. Quam sapiente error iste accusamus voluptatem laborum. Accusantium consequatur ratione dicta quas repellat id autem. Vero optio ea qui voluptates.',0,0,'1979-12-25 01:33:52','1983-10-11 02:09:04'),(572,72,72,'Ut dolores sed enim cumque facere harum. Et occaecati temporibus aut nam eligendi at. Quae iste officia cum consequatur alias est.',0,0,'1979-11-15 06:50:15','2015-05-04 08:15:23'),(573,73,73,'Sit debitis voluptas porro est corrupti commodi. Magni unde minima quae aliquam explicabo. Iure sed voluptate unde.',1,1,'1983-08-10 01:11:18','1985-09-01 22:09:49'),(574,74,74,'Voluptas sit molestias aspernatur dolore voluptatem. Consequuntur excepturi quis autem illum eum et. Iste officiis illum doloremque voluptas. Eum et velit molestiae asperiores.',1,1,'1972-10-20 04:14:04','1988-06-07 10:51:48'),(575,75,75,'Ut natus voluptate pariatur molestiae. In aliquam iusto ad quas est. Necessitatibus ut soluta et adipisci enim facilis aut. Quibusdam voluptatem corrupti cupiditate et recusandae voluptatem.',0,1,'2001-07-20 10:53:40','2017-02-22 18:23:33'),(576,76,76,'Ipsa non voluptates consequatur labore ipsum ut optio. Ducimus et sapiente quae hic et quis enim. Maxime pariatur eum fugiat laudantium. Neque cupiditate incidunt numquam totam earum laboriosam rerum.',1,1,'2017-03-11 10:15:44','1978-03-30 21:29:32'),(577,77,77,'Et labore quasi quidem perspiciatis. Nulla et totam nam sapiente architecto nihil qui eveniet. Quo qui iusto animi qui et laudantium. Rerum officia quod facilis incidunt.',0,1,'1970-08-14 17:47:49','1983-04-28 17:19:28'),(578,78,78,'Nam occaecati qui ut. Cupiditate dolor et repellat ratione quis aut provident officia. Tempore iusto dolorem ullam ullam exercitationem.',0,0,'1987-11-11 12:18:45','2007-11-25 08:53:52'),(579,79,79,'Harum suscipit debitis sunt sit quis sint. Totam tempore sit ratione rerum. Itaque ut neque eveniet odit eum autem aut.',0,1,'1981-09-21 02:36:15','1986-11-16 08:21:35'),(580,80,80,'Numquam autem est et maxime iure nihil id. Totam aut pariatur quia nihil. Dolor dolor enim aut impedit.',0,0,'2007-02-14 12:49:52','1972-09-03 23:54:48'),(581,81,81,'Cumque ut vero placeat est quia debitis. Ad occaecati voluptatem aut doloribus. Asperiores explicabo nisi dolore minus aut.',0,0,'1999-02-12 19:17:09','2017-01-25 13:56:39'),(582,82,82,'Enim similique consequatur quas quia. Maiores laboriosam accusamus amet sint aut vitae nihil. Tempora aut commodi iure voluptatibus maxime pariatur rerum cupiditate.',1,0,'1980-06-29 09:56:36','2010-12-31 01:01:01'),(583,83,83,'At ea aut sint amet odio occaecati repellat. Dolor sed nihil repudiandae rem. Omnis enim sapiente aut.',0,1,'2002-08-07 06:06:52','1990-06-10 00:34:30'),(584,84,84,'Et et corrupti sint omnis beatae. Quae commodi harum maxime earum numquam consectetur dolor assumenda. Consequatur cum porro ipsam consectetur est. Dolores facere et pariatur veritatis maxime molestiae qui rerum.',1,0,'1985-10-10 14:30:23','1994-08-10 16:56:57'),(585,85,85,'Earum cumque unde cupiditate eius. Ab blanditiis odio non. Est dolorem consequatur totam reprehenderit omnis. Esse quo ea voluptate.',1,1,'2008-01-26 13:16:26','1975-11-25 06:41:32'),(586,86,86,'Quisquam ut veritatis esse nihil quasi voluptas. Ipsum atque deserunt molestiae. Consequatur est magnam possimus qui. Nisi eum optio quasi quia ex enim.',1,1,'1971-08-24 02:39:58','1986-08-28 18:52:22'),(587,87,87,'Aperiam culpa modi assumenda non. Ab molestias et sit autem.',0,1,'1987-12-24 20:29:17','1977-06-20 08:46:08'),(588,88,88,'Ea aliquam perferendis voluptas nesciunt et. Dolores ipsum quis sit. Consectetur sit vitae nulla.',1,0,'2007-02-21 06:31:42','2014-06-15 03:25:18'),(589,89,89,'Suscipit assumenda et est necessitatibus ut est. Veritatis saepe similique doloremque est voluptate reprehenderit cum.',1,1,'1971-05-27 18:19:07','1982-11-13 16:05:16'),(590,90,90,'Odio a sunt aut deserunt in soluta. Architecto cumque quo est deserunt et dolorem. Est distinctio debitis quas atque impedit. Voluptatibus sunt ad accusamus aperiam ab est nihil.',1,0,'1982-08-31 02:13:10','1974-03-31 04:43:25'),(591,91,91,'Facere veritatis repellat consectetur accusantium. Velit aut magni doloremque omnis quia rerum quasi ut. Reprehenderit aperiam exercitationem accusamus unde inventore. Eveniet occaecati modi aut quam.',0,1,'1983-05-23 19:09:06','2013-06-30 03:46:08'),(592,92,92,'Ut quia consequuntur perferendis cupiditate. Qui rerum sed non est quibusdam amet et iure. Suscipit qui architecto expedita.',0,1,'2006-05-03 12:02:42','2006-04-29 03:57:16'),(593,93,93,'Quam quis enim iusto aperiam. Fugiat similique unde tenetur suscipit non. Nihil deleniti ex fugit ratione.',1,0,'2012-05-06 18:11:26','2000-05-18 06:17:43'),(594,94,94,'Cum fugiat suscipit voluptas molestiae quo eos veniam. Assumenda necessitatibus quaerat et eum fugiat et qui. Eum sint eos aut repellat dignissimos. Consequatur impedit voluptates dolores beatae.',1,1,'1994-03-06 16:21:08','1987-04-29 21:21:27'),(595,95,95,'Voluptas possimus rem dicta laudantium quidem mollitia expedita. Quae delectus provident non.',0,1,'1979-08-12 09:45:44','2006-07-04 13:19:44'),(596,96,96,'Et facilis tenetur non dolore voluptate. Eos ad et quia explicabo expedita velit est.',1,0,'2009-10-22 16:49:43','2000-12-27 19:26:29'),(597,97,97,'Et sit minima ad sed. Et aperiam unde tempore sit vel aut. Expedita maiores id harum sunt molestias necessitatibus ullam. Consequuntur possimus facere culpa architecto odit praesentium blanditiis.',1,1,'1974-09-05 20:12:13','1996-03-24 02:43:04'),(598,98,98,'Autem et animi quaerat laboriosam quas qui quia. Velit eveniet ipsa provident eos animi ut. Dolor optio deleniti beatae dolore sint nihil quia.',0,1,'2004-11-19 11:11:48','2015-10-02 16:07:35'),(599,99,99,'Quisquam ut nisi porro voluptatem ea. Et asperiores quod qui debitis. Sit animi dolorem voluptatem ut.',1,1,'1995-07-12 00:50:20','1998-01-16 16:56:47'),(600,100,100,'Sit non ex amet id dolorum ut cumque. Dolores reiciendis est totam consequuntur ut voluptas et non. Et dicta et atque facilis aut. Assumenda voluptatem quis eum quaerat et tempore enim.',1,0,'1970-10-21 04:10:44','2012-11-14 06:10:08'),(601,1,1,'Qui nam quos perspiciatis quia officiis omnis molestiae. Voluptatum aut quia sit ut et et perspiciatis. Dolorem dolor molestias cumque omnis corrupti.',0,0,'1983-09-16 11:34:24','2003-07-09 10:38:26'),(602,2,2,'Voluptatem molestiae adipisci esse iure dolorem omnis. Placeat non sed a quod quaerat saepe. Impedit quas modi qui odio.',1,0,'2017-06-26 17:16:24','1988-01-21 01:39:00'),(603,3,3,'Id consequuntur libero possimus minima fugit atque nostrum quis. Accusamus deserunt qui nihil optio quia adipisci. Qui et qui voluptatem velit.',1,1,'1990-03-11 10:05:57','1974-04-02 06:07:35'),(604,4,4,'Voluptatum laborum nobis dolorem et quos nobis asperiores. Quo totam occaecati culpa aut reiciendis vel ea. Facere praesentium voluptas in aperiam et quasi animi. Ullam atque itaque quo eius officiis et.',0,1,'1989-07-27 14:51:13','2015-03-21 02:50:42'),(605,5,5,'Sit sunt provident repellendus qui. Cum accusamus veritatis laborum sint aut nulla aliquam. Non repellendus itaque aut aliquid id eius amet.',1,1,'2020-04-29 12:58:19','1974-09-26 18:33:21'),(606,6,6,'Amet quos qui quisquam eum nulla nisi ab. Enim at qui dolor ut ut. Sapiente labore sit recusandae qui dolores unde. Soluta fugiat sunt maxime quod vel.',1,0,'1999-07-20 03:05:22','1992-02-09 19:41:14'),(607,7,7,'Placeat voluptas minima quibusdam ducimus unde assumenda omnis. A quidem voluptas facere odio quia. Explicabo sit ullam mollitia est minus aut quasi.',0,0,'2006-09-05 00:16:48','1990-07-27 00:46:26'),(608,8,8,'Ducimus commodi nisi cumque iure. Placeat iure temporibus dolor quo dolores itaque quos. Eum minus illum qui. Dolorum saepe mollitia iure ut distinctio omnis. Sit earum quod corrupti quis aliquam.',1,1,'1990-03-12 10:23:56','1991-12-10 18:02:27'),(609,9,9,'Officiis cum eum reiciendis eveniet iste. Dolor et quasi voluptatum autem eius iure. Nihil vel culpa nulla odio. Molestias et qui aut modi aliquid voluptatem aut doloribus.',0,0,'1972-11-14 05:15:33','1976-02-03 18:11:59'),(610,10,10,'Iste dolores odio et voluptatem. Voluptate ea et ea recusandae tenetur eos neque. Veritatis cum vero eos aut. Sint veritatis officia consequatur asperiores quidem consectetur accusantium.',1,0,'2020-07-19 12:13:43','1975-04-02 01:40:24'),(611,11,11,'Accusamus excepturi rerum temporibus. Odit eos omnis cum architecto molestias vitae id. Sed ut dolorum rerum et perspiciatis qui.',0,1,'2014-01-11 18:37:52','2008-04-05 00:01:58'),(612,12,12,'Amet vel reiciendis et et. Magni ut nulla tempore quis. Nobis velit corporis voluptas iste architecto.',0,1,'2004-02-13 20:56:25','2009-02-02 04:41:06'),(613,13,13,'Pariatur eos repudiandae excepturi earum id magni alias vel. Omnis magni deserunt eos nisi. Quo voluptatem et similique minima quidem accusamus. Repellendus rem corporis reprehenderit officia.',1,0,'2007-03-27 21:25:03','2016-11-16 04:07:34'),(614,14,14,'Eligendi et unde et incidunt distinctio sit. Ut qui qui officiis quaerat error itaque ipsa. Placeat repellendus totam sint dolores eum beatae. Ut ad iure consequatur et ullam molestiae.',1,1,'1970-06-16 20:23:07','1982-04-03 02:00:51'),(615,15,15,'Nihil sed aut quo molestiae aut corporis. Impedit odit consequatur voluptatem sit eveniet optio distinctio quia.',1,1,'2020-01-26 11:08:43','2015-06-18 16:16:59'),(616,16,16,'Necessitatibus enim itaque ipsam reiciendis ut provident at. Deleniti omnis enim id et. Aut totam ea dolor vel.',0,1,'1987-06-11 14:46:21','1992-01-06 07:23:19'),(617,17,17,'Enim fugit eius dolorum ut et. Reprehenderit aspernatur voluptatem aut modi qui quisquam consectetur. Id et perspiciatis neque sequi architecto qui sint. Libero laboriosam molestias minima. Ut consequatur non et voluptatem.',0,0,'2017-04-18 07:25:45','2011-09-19 18:39:32'),(618,18,18,'Magni commodi exercitationem nisi fuga. Rerum totam possimus recusandae praesentium facere. Quae est fugiat voluptates et mollitia et est dicta.',1,1,'1974-05-18 09:04:01','2001-05-11 15:52:24'),(619,19,19,'Ut sed rerum minus veritatis quia et provident numquam. Atque deleniti deleniti sit quo. Et saepe voluptatum nihil.',0,0,'1998-05-26 02:54:46','1990-08-05 14:49:22'),(620,20,20,'Ex voluptas enim nesciunt et adipisci repudiandae earum possimus. Et nihil omnis iusto tempore nostrum fuga. Debitis rerum officiis est odio. Et et iure hic voluptas reprehenderit ipsum. Optio voluptatem ad accusamus eaque voluptates.',1,1,'1997-07-07 22:44:27','2000-04-10 15:57:12'),(621,21,21,'Odio vel quos at quia. Voluptatem architecto quisquam qui. Id voluptatum omnis doloremque. Ut aut accusamus consequuntur est animi velit non repellendus.',0,0,'2008-09-27 03:01:42','2013-01-26 17:39:30'),(622,22,22,'Quas et voluptatem ex excepturi qui. Voluptas in provident fuga illum qui iure. Officia a voluptatem omnis distinctio. Sed mollitia rerum aperiam molestias ex ut voluptatem.',0,1,'2006-08-03 06:35:33','1999-11-24 21:02:48'),(623,23,23,'Qui est qui pariatur aut quos quia. Assumenda consequuntur optio rerum id. Velit sed voluptatem sit autem dolorem reprehenderit. Ea fugit voluptatem a eius dolores.',0,1,'1989-10-21 13:01:06','2011-07-23 09:36:15'),(624,24,24,'Qui rem minima qui voluptatibus quaerat. Aut sit commodi molestiae ab beatae. Ut et nobis consequuntur quis nihil ut. Libero debitis voluptas aut nihil.',1,0,'2000-02-28 12:44:24','2020-03-20 22:08:21'),(625,25,25,'Nihil aperiam dignissimos quia sunt. Aliquid consequatur dolores nemo. Qui recusandae animi adipisci ut quis nulla corrupti natus.',1,1,'1995-10-29 18:37:00','2008-04-20 04:37:48'),(626,26,26,'Nam assumenda est autem veritatis et quibusdam iure labore. Aut omnis quae nobis rerum rerum voluptate velit exercitationem. Voluptatem quia sunt est ad. In amet molestias et aspernatur. Similique et voluptatum earum quos dolor.',0,0,'2000-04-10 08:23:24','1989-02-28 09:33:34'),(627,27,27,'Aut repellat iusto alias ab ut similique. Nulla ut nostrum aperiam reprehenderit in est. Veritatis a dignissimos molestiae tempore ipsam et. Labore esse quae quo asperiores.',1,1,'2008-05-16 18:43:21','1990-01-29 05:43:38'),(628,28,28,'Vel ut nobis eaque vitae eveniet hic animi. Nulla ratione voluptatem nam ipsam provident nostrum.',0,1,'1980-10-01 23:33:56','1981-02-07 07:35:06'),(629,29,29,'Ducimus dolor facere nihil nulla velit ipsa. Nobis magni eum quod ipsam in et repudiandae. Modi et illum eligendi cumque eum quam.',1,1,'1973-06-15 02:36:03','1987-10-20 03:16:04'),(630,30,30,'Est repellat laboriosam dolore eveniet. Quia praesentium voluptatem quia dolorem nesciunt porro. Vitae quisquam rem minus.',1,1,'1988-09-16 12:45:06','1987-12-11 07:59:14'),(631,31,31,'Aperiam dolorem quisquam quia. Aut enim accusamus et est nihil sed. Voluptatem cum quia sit dolorum quo doloremque iste repellendus. Numquam quia hic fugiat animi iste molestiae. Dignissimos velit consectetur animi quis.',0,1,'1986-04-07 07:13:55','1975-10-18 06:14:42'),(632,32,32,'Aut iure architecto amet facilis natus quia. Omnis et est facilis omnis. Doloribus expedita nulla ducimus repudiandae dolore voluptatibus aut.',1,1,'1988-03-19 07:23:00','1985-12-31 03:48:03'),(633,33,33,'Vero laudantium iure consequatur inventore sit ducimus aut voluptate. Soluta pariatur libero optio aut nulla quia. Perspiciatis minus soluta excepturi perferendis ex architecto et. Non repellat in est accusantium ut eaque.',0,0,'1993-07-16 16:54:44','2009-09-24 09:54:01'),(634,34,34,'Molestiae et laboriosam architecto suscipit nisi est incidunt quibusdam. Dolorem et saepe dolorum incidunt vitae totam voluptatem libero. Sit itaque aut deserunt recusandae. Vel quia eum culpa voluptatum aperiam modi culpa.',0,1,'2007-10-24 13:38:56','2012-11-21 01:39:20'),(635,35,35,'Ut molestiae quia quia eaque est sit recusandae praesentium. Enim minus sapiente ullam id ut. Voluptatibus voluptate vero qui enim.',0,0,'1977-10-03 19:20:37','2017-06-30 23:56:34'),(636,36,36,'Optio deleniti vel a deserunt omnis. Et rem possimus est reiciendis. Atque non hic dolore ut impedit sunt quasi. Qui non et nobis et.',0,1,'1998-01-22 07:01:34','2002-05-06 04:55:53'),(637,37,37,'Aut nulla et labore facere quia. Laborum aut amet ab nesciunt dolores. Qui iusto et dicta sunt eveniet vel facilis. Aut ut vitae autem a magnam minima et.',1,1,'1981-05-10 01:01:01','1981-05-09 13:42:48'),(638,38,38,'Rerum debitis aut dolor inventore vel tenetur neque non. Est alias minima error perspiciatis voluptatem. Ex nisi earum cupiditate reiciendis.',0,1,'1971-10-05 15:09:46','1983-04-09 22:07:54'),(639,39,39,'Reprehenderit molestiae modi repudiandae itaque. Non possimus qui est amet impedit quas. Quibusdam explicabo voluptas iste molestias ullam voluptatem aut. Veritatis cupiditate sunt dolorem et eum nemo.',1,0,'1991-02-15 11:20:30','2001-12-14 17:15:26'),(640,40,40,'Odio a assumenda voluptas suscipit est. Qui voluptatem accusantium qui perferendis.',1,1,'1985-06-29 15:05:33','2004-07-18 14:17:39'),(641,41,41,'Quos voluptas reiciendis consequatur adipisci doloribus alias. Aperiam sit quas quas nemo aliquid quam. Unde ratione qui dicta veritatis voluptatibus. Tempore eum sint fugiat sed.',0,0,'1991-03-09 17:03:29','1993-08-19 18:59:37'),(642,42,42,'Tempore praesentium dolorem dolorem sed voluptatem inventore eos. Rem et mollitia autem excepturi accusantium. Veniam ut et fugiat excepturi et eum et.',0,1,'1973-07-11 15:06:23','1971-08-23 03:28:30'),(643,43,43,'Voluptas quae voluptas totam. Aliquid et dicta hic. Molestiae perspiciatis reiciendis qui. Et officiis illo odio ut sunt.',0,1,'1994-02-27 17:40:11','2020-03-26 10:22:57'),(644,44,44,'Voluptate laborum sed cupiditate repudiandae aliquid. Et sit velit illum velit vel distinctio nobis. Tenetur quae earum vel voluptatem error omnis cum. Esse aut non qui quas unde mollitia illo.',0,1,'1995-07-21 08:14:43','2010-11-01 18:58:45'),(645,45,45,'Vero voluptatem voluptatem nobis. Nisi perferendis laudantium et eum. Id perferendis repellendus magnam assumenda doloribus et qui.',1,1,'1998-02-26 09:52:49','1983-02-09 05:44:17'),(646,46,46,'Corporis velit saepe architecto aperiam et ut atque. Quisquam quibusdam voluptas distinctio velit sequi quis. Voluptas quia eligendi distinctio.',0,0,'1991-04-01 20:59:16','1974-03-03 03:36:44'),(647,47,47,'Suscipit esse enim quis a a quae animi. Quia rem dolor non enim sapiente culpa qui atque. Voluptatum labore excepturi ratione veritatis inventore.',0,1,'1972-04-10 04:23:21','2019-05-18 09:21:00'),(648,48,48,'Enim ut inventore assumenda sed rerum sunt. Sed neque possimus deserunt aliquam nihil sunt. Earum repellat voluptatem ex architecto omnis. Dolore ullam ducimus modi eum doloremque nesciunt.',0,1,'2000-12-18 08:14:38','1992-09-25 06:45:45'),(649,49,49,'Rem quos error est libero reprehenderit sed placeat. Autem iure magni dolor consectetur qui. Sit reiciendis voluptatem magni libero.',1,1,'2000-11-16 14:44:38','1989-05-20 13:06:58'),(650,50,50,'Deleniti at qui accusamus sint nihil ut quae. Et enim ullam maiores labore. Quia nesciunt id reiciendis earum voluptates. Eligendi sed eos aut nobis aliquid quis quia.',0,0,'2012-10-07 07:07:06','1976-09-29 23:51:14'),(651,51,51,'Animi vel at laudantium exercitationem quo cumque corporis ut. Sit id et id vitae. Quis accusamus sed ea velit. Cum tempore deserunt eum est voluptates consequatur odit.',1,1,'1971-11-19 07:15:23','2018-04-21 08:58:26'),(652,52,52,'Et maxime saepe iusto ut. Aut rerum ullam maxime nisi iure et dolor. Nemo atque ut nemo odio similique. Minus nihil soluta iusto.',1,1,'1990-10-08 18:25:42','2012-11-27 11:40:06'),(653,53,53,'Voluptate doloremque ex labore quidem ea et. Doloribus maxime quo placeat qui. Mollitia repellat laboriosam quos commodi expedita. Ullam ut rerum voluptas voluptatum.',1,0,'1988-11-24 12:45:09','2007-04-09 17:57:27'),(654,54,54,'Officiis neque sint odio eum aut aut praesentium. Tempore qui qui quas fugit. Sunt sunt impedit laudantium quidem omnis sunt animi.',0,0,'2007-06-30 01:09:38','1982-09-28 07:06:44'),(655,55,55,'Omnis placeat maxime ut id sapiente. Et laborum unde magnam. Mollitia a natus debitis quo corporis facere.',1,1,'1994-01-17 08:21:54','1999-05-20 15:45:28'),(656,56,56,'Soluta repellendus enim corporis. Eos iure nisi laboriosam. Praesentium ipsa beatae consectetur sint. Quam optio facilis vero dignissimos nisi dolor repudiandae velit. Quis facilis ab sapiente sapiente ea dolorum nisi.',1,1,'1998-09-29 06:59:59','1985-06-14 08:20:27'),(657,57,57,'Sequi omnis aut quia fuga ullam. Esse incidunt eveniet consequatur perferendis porro. A blanditiis sed voluptate magnam modi.',1,1,'1993-09-01 23:42:46','2018-03-24 07:32:31'),(658,58,58,'Ab esse facere perferendis dolor ullam voluptates est nesciunt. Nobis qui dolores voluptatem molestias ad. Nihil dolores saepe et hic consequuntur non unde. Ut qui vel repellendus officia.',0,0,'2014-06-27 00:23:41','2006-09-12 00:15:14'),(659,59,59,'Distinctio impedit molestiae dolorem voluptate. Qui vel illum eveniet et culpa labore et. Sed quis voluptas non facilis tempora minus ut. Ut aut culpa enim eveniet neque et.',1,1,'1983-11-12 05:21:30','2018-04-19 20:47:11'),(660,60,60,'Quasi id ipsa qui repellat est. Aperiam et esse qui est pariatur nobis. Illum dignissimos tenetur ut occaecati. Dolorem delectus maxime quia aut labore quis necessitatibus.',1,1,'2002-07-30 21:39:33','1998-10-01 11:26:16'),(661,61,61,'Esse autem exercitationem pariatur asperiores voluptatum excepturi cumque corrupti. Culpa fugit eaque delectus et dolorum voluptatem eum. Eum unde alias nihil quisquam nisi sint nemo. Veritatis voluptatibus sunt culpa vel distinctio asperiores dolore. Rem sed nesciunt ut sint necessitatibus omnis.',1,0,'2015-11-21 19:00:58','1985-11-17 23:06:48'),(662,62,62,'At voluptatem fugiat et id vero commodi itaque. Aut illo et magnam soluta sit. Et quaerat ea eos quia ut omnis harum. Suscipit sint fugiat voluptas officia.',0,1,'2019-04-04 17:18:26','1982-04-01 04:04:48'),(663,63,63,'Voluptas perspiciatis omnis ipsa commodi. Aut molestias fuga suscipit eum. Perferendis non eveniet quia ullam.',0,0,'1994-10-25 04:35:07','2019-09-26 10:58:26'),(664,64,64,'Voluptas deserunt corrupti tempora amet mollitia quia et. Excepturi maiores similique eligendi cumque reprehenderit quo. Quidem quia est culpa et aut veritatis omnis quia.',1,0,'2007-08-26 14:40:16','2009-10-22 02:40:56'),(665,65,65,'Numquam aut ullam architecto. Repellendus quisquam aut sit reiciendis inventore iure. Beatae cumque debitis vel vero nemo. Quod quo nostrum quo voluptatem.',1,0,'1973-06-14 20:47:42','1996-02-18 08:22:58'),(666,66,66,'Amet ea sunt corrupti et quod ut. Exercitationem rerum illo inventore corrupti quia. Et vero error voluptatibus et facere ut tempora.',0,1,'1975-02-25 14:41:05','2015-12-28 21:01:46'),(667,67,67,'Mollitia ipsum atque similique. Quo soluta nisi aut impedit dicta doloribus.',1,1,'2017-02-16 00:20:33','2006-07-23 19:07:15'),(668,68,68,'Quo officia ipsum vel molestiae rem. Quia quae harum autem quae ut commodi. Illum repellendus dolor enim ut et et. Consequuntur placeat eos vero eos.',0,0,'1993-03-19 18:35:47','1981-07-17 01:19:34'),(669,69,69,'Perspiciatis voluptatem incidunt iure autem et eos. Similique accusantium numquam cupiditate maiores neque qui maiores dolores. Quia sit voluptatem omnis nostrum. Cumque rerum eveniet est consequuntur ut soluta. Eveniet molestias a harum labore fugiat qui.',0,0,'1973-06-11 03:45:30','1987-01-11 15:21:46'),(670,70,70,'Quia illum ipsum neque ipsum. Dolorem tempore aliquam tempora dolorem est et. Praesentium soluta voluptas aut minima nihil hic. Nihil sit distinctio ipsum dolorem tenetur optio quam.',1,1,'1984-03-23 13:02:01','2004-04-02 08:11:21'),(671,71,71,'Hic quaerat laudantium ea sit velit incidunt assumenda temporibus. Temporibus qui in pariatur perferendis. Delectus consequatur quo voluptatibus tenetur sint. Mollitia ut sed in distinctio et aut suscipit id.',1,0,'2005-07-01 11:12:44','1975-09-10 15:38:02'),(672,72,72,'Et eius est ipsa voluptatem atque. Et corrupti consequatur eum deserunt quo culpa commodi. Veritatis omnis nihil dolorem sit ut. Blanditiis fugiat corporis neque et dolorem iste consequuntur.',0,1,'2008-02-05 05:28:08','1999-03-26 19:56:07'),(673,73,73,'Quam nobis perferendis id ad facilis veniam. Qui possimus inventore sit vitae molestiae atque sit. Illum sed et et deserunt nam tenetur et reprehenderit. Quae qui nihil expedita tempora dolor est ipsam. Ipsum maxime incidunt consequatur incidunt fugiat.',1,0,'1996-01-10 07:18:55','1978-06-19 05:28:36'),(674,74,74,'Beatae rerum reprehenderit cum perspiciatis in iure. Vel voluptates sapiente veniam debitis eos. Porro id rerum velit asperiores.',1,0,'1989-05-10 10:05:54','1982-09-16 12:57:39'),(675,75,75,'Eos magnam sint cumque vero laborum voluptas. Ipsam quaerat atque repellat cumque atque. Sint eos et provident.',1,0,'2001-08-18 10:12:10','2005-03-08 08:49:14'),(676,76,76,'Vel omnis unde quis consequatur consectetur nihil praesentium rem. Odit tenetur sunt exercitationem odit. Aspernatur eius nobis est occaecati.',1,1,'1999-08-06 15:16:57','2002-05-04 23:11:51'),(677,77,77,'Neque magnam ducimus ipsum distinctio maxime culpa neque. Neque laudantium pariatur similique nisi. Mollitia sapiente sed dignissimos eos sunt quaerat libero sed.',0,0,'1979-06-03 21:24:02','2012-10-14 06:26:45'),(678,78,78,'Voluptas molestiae et incidunt beatae. Nihil nihil qui et tempora neque dolor commodi. Perspiciatis quibusdam dolores qui ullam tempore qui. A voluptatibus aspernatur ea quisquam eius mollitia numquam. Eaque et quia in omnis iste dolor.',0,0,'1999-11-04 21:30:27','1992-12-16 17:46:06'),(679,79,79,'Accusamus vitae et nobis numquam. Dolores rem voluptatem et et tempora tempore. A iste nam aspernatur id.',0,0,'1984-11-29 07:05:35','1976-06-27 21:17:23'),(680,80,80,'Suscipit excepturi repellendus ab temporibus eligendi minima. Doloremque quam et sit autem aut eius. Rem exercitationem aliquam facere voluptas debitis beatae illo molestiae.',0,0,'1999-07-12 07:24:56','2009-08-01 15:47:56'),(681,81,81,'Et aliquid aliquid voluptas molestias laboriosam et. Error numquam consequatur esse perspiciatis rerum. Illum voluptatibus provident consectetur dolores rem. Eligendi adipisci eum nam adipisci. Nostrum eos sed consequatur qui neque.',1,0,'1988-01-30 04:37:14','1975-01-31 10:14:09'),(682,82,82,'Itaque sit vero aut repudiandae consectetur animi. Adipisci eum culpa accusamus nobis. Odit dolor voluptatem et itaque.',0,0,'1973-01-12 09:15:39','1993-08-08 03:54:28'),(683,83,83,'Ut in ea in ipsam animi quasi porro. Laudantium quo quia accusantium cumque. Eum consequatur ex et voluptas a incidunt.',1,1,'1992-12-22 22:02:30','2005-08-29 17:45:56'),(684,84,84,'Vero qui culpa cum dolores at dolorem. Voluptatem aut quia accusantium qui. Non cupiditate rerum reprehenderit omnis quia quia.',1,1,'1988-06-28 17:44:01','1998-09-06 22:42:59'),(685,85,85,'Odit nemo nesciunt perferendis et ducimus facilis. Rerum reiciendis et est est deleniti expedita. Et saepe aspernatur cum nihil recusandae modi quasi. Ducimus aut et mollitia perferendis.',0,0,'1978-07-28 05:11:38','2004-10-08 01:21:59'),(686,86,86,'Deleniti voluptatem alias sed ab. Mollitia laborum et nihil repudiandae. Voluptatibus tenetur necessitatibus amet. Modi voluptas repudiandae perspiciatis deserunt minus.',1,1,'2003-11-22 09:43:20','1981-07-18 02:14:53'),(687,87,87,'Nobis quidem quaerat velit aperiam et voluptate. Quaerat voluptatum vel sequi est dolor. Dolores quia alias aut accusamus distinctio aut velit et.',0,0,'2011-01-06 19:18:35','1974-04-10 02:34:41'),(688,88,88,'Eaque beatae deleniti sapiente laudantium perspiciatis in et. Harum et dignissimos quos sit quam eaque. Ratione est quia atque aliquid quisquam dolorem quam. Dolorem vero nihil quam numquam.',1,1,'1980-02-05 12:58:28','2008-12-31 01:03:27'),(689,89,89,'Totam qui cumque dicta sequi nulla facere quis quo. Ut dolores aliquid ea rerum voluptatem molestias. Et reiciendis ipsum quia iste.',1,0,'1982-08-05 21:14:28','1983-07-04 12:48:46'),(690,90,90,'Vel consequatur deleniti omnis quos cum ad. Est ex voluptas consequatur mollitia. Asperiores vel consectetur perferendis a. Est ut rerum sunt eos amet illo quidem quia.',0,0,'2016-05-20 08:25:58','1995-08-12 02:15:51'),(691,91,91,'Magnam itaque illum aut eius. Qui ex dolorum commodi doloremque occaecati fugiat praesentium sit. Consequatur praesentium cumque quos iusto. Sunt est magnam laudantium dolor saepe cumque quo.',1,1,'1980-09-18 07:35:56','2011-12-14 03:15:38'),(692,92,92,'Ut aut inventore consequuntur aperiam consequatur. Est reiciendis enim magni nulla unde voluptas eos. Qui vel quibusdam quos velit voluptatem hic. Enim quis officia consectetur modi deserunt recusandae cumque. Voluptatum quis facere omnis est libero.',1,1,'1972-08-09 04:56:42','1988-07-20 04:41:04'),(693,93,93,'A quam eos eos architecto. Vel illum similique ut enim. Sit incidunt quia qui quas.',1,1,'2009-11-17 20:10:43','2013-12-30 08:06:24'),(694,94,94,'Suscipit ipsam id impedit dolorem dolores sunt. Eveniet quis rem vero vel architecto. Odio repudiandae at eos debitis et illum.',1,1,'1977-08-22 06:20:43','1979-05-05 19:59:41'),(695,95,95,'Fuga non debitis eum ut. Quae recusandae non maiores voluptas numquam quisquam.',0,0,'1988-03-20 09:14:02','1993-09-15 09:41:02'),(696,96,96,'Molestiae consequuntur accusamus corporis quos quo. Laborum possimus soluta recusandae aut deleniti sit asperiores.',1,0,'2011-12-18 13:50:08','1995-01-22 00:01:32'),(697,97,97,'Voluptate magnam vero cum. Odit quo dolore enim. Aperiam excepturi omnis quis blanditiis quae dolores.',1,1,'1996-10-11 22:47:43','1980-08-25 15:45:36'),(698,98,98,'Ut iure magni nihil in. Culpa sed totam sit iusto atque sed autem nulla.',1,1,'1987-06-09 04:11:55','1999-12-22 01:39:47'),(699,99,99,'Maxime est ut harum distinctio. Adipisci animi possimus molestiae labore ut. Deleniti nulla suscipit deleniti quis. Sit commodi impedit voluptatem non.',1,1,'1984-05-30 04:35:41','2000-03-29 19:27:11'),(700,100,100,'Possimus qui fugit ut hic officia. Et aut voluptate autem asperiores. Qui ut adipisci aperiam ut.',1,1,'2003-07-02 05:05:55','1991-01-29 08:47:26'),(701,1,1,'Ex voluptas dolorum aliquam enim. Dicta pariatur veritatis et quis consequuntur praesentium.',0,1,'2018-12-30 15:51:15','1997-09-22 03:30:10'),(702,2,2,'Porro fugiat quisquam consequatur eum accusantium distinctio quo corporis. Rem recusandae nostrum mollitia laboriosam optio. Itaque consectetur suscipit cum ea est.',0,1,'1975-09-12 18:05:00','2001-03-15 01:59:31'),(703,3,3,'Dolores quia in qui vel a. Et qui magnam perferendis blanditiis dolore cum fuga blanditiis. Eos quaerat omnis officia nemo distinctio consectetur dolorum.',0,0,'1983-11-20 05:42:11','1989-06-01 04:44:43'),(704,4,4,'Et repellendus quibusdam animi nulla. Pariatur eligendi modi laborum et iure sint magni. Ipsum sint aut voluptatem eum.',1,0,'1982-02-27 14:28:31','1992-07-01 16:44:22'),(705,5,5,'Ut aut aut voluptatem id. Blanditiis provident eum quos maxime. In adipisci voluptas repellat distinctio dolorum. Aspernatur omnis at dolores cum. In et sapiente tempore molestias voluptas tenetur quod.',0,1,'1970-01-03 23:48:54','1992-06-16 14:04:55'),(706,6,6,'Ut ex eos et ipsa sit. Aut voluptates necessitatibus nesciunt laborum. Minus in iure omnis modi cupiditate harum. Quia enim in cum laboriosam.',1,1,'1990-05-11 15:38:10','1989-06-24 08:08:13'),(707,7,7,'Repellendus expedita ut consequatur quia. Iusto minus veniam architecto odit mollitia qui. Quia aperiam enim error omnis quaerat. Iure dolore totam eveniet facere. Quibusdam aliquid perferendis tempore quas quasi perferendis.',1,0,'1997-07-07 18:44:32','1993-07-14 16:39:25'),(708,8,8,'Quasi rerum enim temporibus aperiam cupiditate aut corrupti iusto. Distinctio pariatur aut omnis et et et adipisci. Quia atque eos error recusandae libero cumque.',1,0,'1986-04-04 16:50:39','1999-08-04 10:38:01'),(709,9,9,'Enim praesentium illo nisi voluptas cumque excepturi sunt. Rem et optio deleniti tempore dolorem commodi. Velit amet ut nemo sequi repellat dignissimos. Debitis nihil facilis sunt voluptatum nam ullam sint itaque.',1,1,'2014-10-19 08:27:25','1975-11-05 19:51:00'),(710,10,10,'Sunt qui in totam id labore. Aut rerum inventore quia repellat autem. Soluta exercitationem repudiandae voluptas mollitia a quibusdam. Voluptates sint dolor neque repellat.',1,0,'1993-09-17 03:19:07','1992-06-30 04:23:29'),(711,11,11,'Quos ex dolore eos quia in. Et qui rerum eaque eaque sit magnam aliquid. Qui autem fugiat rem. Sunt fuga eius et mollitia et.',0,0,'1995-02-11 07:33:47','1984-09-22 17:46:27'),(712,12,12,'Voluptatem eligendi hic harum libero dolor deleniti. Aspernatur ea et sit exercitationem voluptate. Cupiditate modi ipsa et quidem nemo.',1,1,'1977-12-30 10:56:38','2014-06-20 01:42:50'),(713,13,13,'Ut aut aut quia quod iste. Et quam nesciunt reiciendis dolor dolorem sit. Sit et quia magnam nostrum.',1,0,'1981-11-17 21:14:55','2014-03-25 19:16:32'),(714,14,14,'Dolor porro tempora facere aut illum iste. Aliquid recusandae debitis quia in.',0,1,'2009-08-12 11:06:44','1982-01-21 10:34:02'),(715,15,15,'Eligendi velit minima qui dolore animi. Voluptates nihil iste beatae ipsum minus consequatur. Beatae quia in earum sit sit labore officia.',1,0,'1991-04-30 05:26:26','1977-11-15 20:10:58'),(716,16,16,'Quo blanditiis excepturi natus voluptatum sit. Cum odio qui sit minima et. Dolorem placeat alias id laboriosam.',1,1,'2018-05-06 23:50:54','2012-07-03 21:18:58'),(717,17,17,'Amet sint ad et vel eveniet voluptatem. Voluptatem delectus nobis voluptatem ad nihil quo reprehenderit. Atque dolorum quisquam ut et modi excepturi. Voluptatum sint et inventore. Quo a asperiores et provident maiores temporibus est iste.',0,1,'1974-11-28 23:10:55','1982-09-07 11:37:16'),(718,18,18,'Et incidunt porro ut sit aut magni magni. Eum velit quo iusto repudiandae et. Quidem voluptatem incidunt aut et.',0,1,'1998-03-15 10:10:31','1975-06-21 14:17:46'),(719,19,19,'Numquam tempora facilis accusantium incidunt consequatur et alias ducimus. Enim autem molestiae aliquam aut non aspernatur. Et saepe consequuntur sed nemo mollitia necessitatibus porro. Aut voluptatem consequuntur vel repellendus unde maiores at.',1,0,'2017-11-22 22:05:08','1988-12-27 22:14:43'),(720,20,20,'Aliquid beatae distinctio dolorem sed recusandae. Molestiae explicabo beatae odio tenetur libero id ducimus quo. Aspernatur voluptatum fuga quos voluptatum.',0,1,'1995-12-24 23:10:27','1982-04-05 04:03:09'),(721,21,21,'Sunt vel voluptatem eum sint et. Quasi dolorem dolores similique nihil sint. Facilis quia quisquam enim accusamus aut.',1,0,'2018-10-02 22:21:03','2001-10-13 01:00:09'),(722,22,22,'Sint molestias deserunt quis perferendis iure sunt alias. Dignissimos soluta qui id aut. Ipsam occaecati quisquam officiis consequatur ullam adipisci quo nemo. Nostrum eum et veritatis cum quis vel.',0,0,'1996-09-30 02:43:53','1986-11-18 20:55:07'),(723,23,23,'Error aliquam tenetur consequatur quas molestiae. Quibusdam voluptatibus laboriosam quis. Quaerat aut a rem expedita maxime ipsa quidem quibusdam. Temporibus impedit aut saepe quo.',1,0,'1998-11-22 22:07:41','1973-01-18 14:38:42'),(724,24,24,'Dolores facilis saepe tenetur ipsa pariatur omnis reiciendis et. Accusantium hic doloremque non quae inventore est. Adipisci sit quo voluptatem.',0,1,'2013-04-28 22:00:40','1999-04-05 23:48:41'),(725,25,25,'Provident voluptatem tenetur est. Nobis odio perspiciatis consequatur. Eaque molestiae et omnis adipisci.',0,1,'2006-10-18 08:02:16','2015-09-25 07:36:21'),(726,26,26,'Non ut voluptatem dignissimos aut voluptas fuga sunt consequatur. Et ad tenetur repudiandae aut neque. Autem aliquid nulla quia molestias placeat ab. Hic itaque odit voluptas nemo saepe labore sint consequatur.',0,0,'1971-07-26 01:05:19','2014-09-21 08:20:05'),(727,27,27,'Natus molestiae et sequi voluptatum nesciunt. Sed asperiores molestiae qui quisquam ad vitae. Magni est est earum et aut possimus dolores.',1,1,'2011-09-10 13:39:26','1996-04-09 14:57:34'),(728,28,28,'Molestias qui est rerum aperiam ab eos pariatur. Omnis officiis fugiat nam neque. Dicta ad est qui earum sed iste soluta impedit.',0,1,'1984-09-29 13:15:27','1996-02-01 23:23:48'),(729,29,29,'Nisi eius quasi est. Rem est et voluptas minus quis illo eveniet. Soluta quia sapiente occaecati sapiente. Incidunt rem velit est.',1,0,'2002-01-20 09:03:59','1983-06-07 06:57:40'),(730,30,30,'Corporis ut quo est. Autem quia fuga repellat quia. Inventore consequatur magnam omnis ipsam. Dolor incidunt tenetur rerum ea a velit enim.',0,0,'1980-12-01 22:07:48','2001-04-26 06:48:20'),(731,31,31,'Fuga qui quasi neque labore eius. Nemo aut dolorum qui non aspernatur. Minus corrupti earum ratione iste repellat.',0,1,'1979-12-22 14:42:59','1979-03-18 05:02:22'),(732,32,32,'Aliquam consequatur odit et ut hic nostrum. Nemo quos voluptas dolorem inventore delectus ut quia. In sed atque id mollitia autem praesentium. Soluta perferendis id facilis quo. Officia ut rem aliquid tempora doloremque magni.',1,0,'2002-11-01 14:50:02','2003-10-18 06:13:17'),(733,33,33,'Quos commodi officiis accusamus magnam. Consequatur nihil porro corrupti. Cupiditate impedit magni corrupti. Amet deleniti quos quia.',0,1,'2012-02-12 07:30:42','1989-09-23 18:15:18'),(734,34,34,'Ut voluptatum cupiditate optio magni impedit rerum optio qui. Magnam voluptatem error voluptas doloribus itaque. Nostrum est omnis quis error at vel et.',1,1,'1970-08-20 01:46:02','2007-06-29 08:30:36'),(735,35,35,'Quo illum neque veniam deleniti sed. Qui laudantium voluptas totam occaecati laudantium velit ut. Ut quis veritatis autem ut et deleniti. Ipsam blanditiis distinctio sit ullam inventore dolorum velit odio.',1,0,'2010-03-11 06:02:25','2012-04-25 12:27:09'),(736,36,36,'Natus asperiores aut distinctio consequuntur. Exercitationem laboriosam voluptatem repellendus illo qui. Qui quis excepturi nesciunt sed explicabo quia voluptas aut.',1,0,'1996-05-09 03:45:14','1973-01-16 04:57:38'),(737,37,37,'Eos dolorem voluptatum et unde quo asperiores impedit incidunt. Eos eius quo magnam a et autem. Eos omnis excepturi ad totam maxime voluptatem nemo.',1,1,'1996-06-09 07:56:25','1997-12-29 09:55:07'),(738,38,38,'Dolor reprehenderit beatae quis saepe non. Adipisci excepturi quia eos consectetur officia placeat. Et quia enim quidem amet eveniet. Sint ab dolor est commodi. Impedit aut et cumque aut pariatur laudantium nesciunt.',1,1,'1970-12-27 13:11:29','1988-04-26 21:36:17'),(739,39,39,'Praesentium illum in facere omnis. Et voluptates laboriosam iure quo dolor. Qui beatae omnis recusandae vero est. Vel eum libero quia architecto est.',1,0,'1992-04-08 20:51:39','2014-11-24 11:57:20'),(740,40,40,'Laboriosam corrupti dolorem et voluptatibus et voluptatem omnis. Accusantium praesentium et occaecati corporis ducimus.',1,0,'2011-01-28 15:04:01','2000-09-30 18:56:26'),(741,41,41,'Maxime quae eos molestiae ut non iste sint. Odit aut fugiat quos id. Fugit ducimus sit ratione illo reiciendis hic doloribus. Laudantium hic accusantium exercitationem incidunt.',0,1,'2018-09-23 12:23:57','1975-02-14 17:06:46'),(742,42,42,'Asperiores delectus est sed id architecto quod. Vero nulla impedit voluptas recusandae inventore sint. Dolores qui iusto autem commodi eligendi inventore doloremque.',1,0,'1986-11-11 11:12:52','1993-12-24 12:15:48'),(743,43,43,'Et accusantium assumenda consequatur excepturi qui nemo accusamus. Dolor eveniet maiores sit vitae recusandae ad quia. In reprehenderit non doloremque hic necessitatibus nihil quia dolorem.',1,0,'2015-04-14 04:43:21','2018-09-01 21:32:42'),(744,44,44,'Aut suscipit officiis distinctio voluptatem. Eius consequatur voluptas aliquid eligendi non ut aut ab. Vitae rerum aut rerum commodi tenetur et ab eos. Dolorem sint ducimus adipisci voluptas.',1,1,'1997-02-05 15:55:43','1971-03-05 15:48:12'),(745,45,45,'Sit nostrum fugit veritatis earum non. Veniam esse facilis repudiandae laudantium ut et. Architecto vel qui totam ducimus.',1,0,'2008-06-16 02:59:02','1997-01-14 10:42:52'),(746,46,46,'Voluptatibus cum cupiditate blanditiis rem nihil molestiae. At et ratione voluptatum optio voluptate debitis.',0,0,'1990-02-13 05:51:33','1977-01-29 06:39:19'),(747,47,47,'Quia ipsum praesentium cum corporis. Incidunt voluptas voluptas aut tempora voluptas placeat nisi. Incidunt hic odio illum. Voluptatem provident magni omnis fugiat ducimus aut facilis.',0,0,'2019-01-06 04:17:28','2003-12-16 13:13:54'),(748,48,48,'Quo sunt rem cupiditate placeat magni. Officia ut velit itaque quo. Natus rerum voluptas reprehenderit.',0,1,'1989-04-12 09:45:25','1977-09-17 02:04:18'),(749,49,49,'Dolorum sed quos earum hic. Saepe omnis mollitia dolorem atque magni voluptatum necessitatibus. Enim qui aut soluta.',1,0,'1978-08-09 09:29:19','2001-09-26 05:56:22'),(750,50,50,'Quis quos architecto neque consequatur corrupti facilis. Autem atque alias culpa facere dignissimos illum. Iure aut numquam excepturi quae ratione sunt eaque. Vero aliquid veniam nemo qui perferendis a.',1,0,'2011-03-12 00:23:45','1981-01-14 10:05:54'),(751,51,51,'Quia in ut sed rerum non ut rerum nihil. Dolores voluptate omnis quisquam in modi. Et rerum est aut dolor consequatur.',1,1,'1972-10-20 10:38:10','2018-01-19 21:12:27'),(752,52,52,'Voluptas et soluta et et. Maxime aut quia aut omnis ut nam voluptatem est.',0,1,'2001-02-21 06:03:42','2006-12-20 11:31:03'),(753,53,53,'Magni quo alias a sint voluptatum. Et ipsum et mollitia itaque. Corrupti dolores et eos dolor sed et doloribus.',0,0,'2019-08-01 12:26:11','1975-11-13 22:02:00'),(754,54,54,'Aliquam neque nostrum consequuntur officia distinctio quia. Et velit officiis assumenda. Iure nostrum veritatis molestias expedita sit alias.',0,1,'1999-12-02 02:05:14','1982-09-05 18:30:49'),(755,55,55,'Maiores qui impedit modi expedita. Rem laboriosam vel vel quasi laborum animi ipsam. Veritatis aspernatur laboriosam quas. Recusandae aliquam nesciunt ab similique cumque qui accusamus quis.',1,0,'1981-06-27 23:09:48','1991-11-29 17:23:59'),(756,56,56,'Maiores et nihil id qui enim cupiditate. Ipsam dolor veritatis molestias natus ut. Omnis quisquam cum incidunt ea.',1,1,'1986-04-26 01:23:03','1978-06-07 19:17:45'),(757,57,57,'Aut eligendi excepturi aut nemo incidunt fugiat. Sunt ab ut esse iusto porro delectus sed. Error expedita sit odio. Et error dolore harum ad. Mollitia velit sint qui unde eos fuga cupiditate rerum.',0,1,'1987-11-16 15:41:16','1994-04-02 22:48:16'),(758,58,58,'Nemo accusamus deserunt qui ut. Ducimus deserunt vel consectetur et. Qui quidem reiciendis ut laborum sint dolorum atque.',0,1,'1989-09-15 04:01:37','2009-09-15 21:32:57'),(759,59,59,'Ut perspiciatis velit at rerum. Deleniti laborum et consequatur excepturi pariatur vel. Qui ab et provident qui sed officia quia consequatur.',1,1,'1981-08-14 10:32:12','1985-08-28 07:54:17'),(760,60,60,'Modi culpa accusamus debitis ad natus ratione consectetur. Quibusdam et omnis pariatur mollitia rerum sed odit. Voluptas esse nulla quis.',1,0,'1990-11-20 21:27:14','2012-11-11 11:48:35'),(761,61,61,'Ab est cumque porro voluptatem ea nam. Quo enim eos eveniet non consectetur unde minus architecto. Non repellat autem qui blanditiis sed ea.',1,1,'2002-05-07 12:50:59','2018-10-11 15:35:51'),(762,62,62,'Voluptas omnis debitis sed amet sit est qui. Quia vel quia quis adipisci aut eos nisi. Quo possimus possimus tempore asperiores quisquam sunt dolor. Animi voluptatum vel blanditiis harum neque dignissimos dolor blanditiis.',0,1,'1970-11-28 04:12:06','1990-03-27 17:02:19'),(763,63,63,'Id et sint voluptatem reiciendis. Velit qui nostrum sit dolor incidunt quidem sint. Et porro hic perferendis minima dolorem.',1,1,'1973-04-27 16:10:00','2006-02-17 13:42:19'),(764,64,64,'Molestias placeat suscipit itaque dolor quaerat qui ut aut. Possimus nesciunt autem quaerat qui odio amet dolores. Ut labore molestias autem aspernatur molestiae.',1,1,'1995-03-14 01:04:25','1994-11-29 07:50:13'),(765,65,65,'At architecto inventore nulla deserunt quam adipisci recusandae. Illo exercitationem est et vel sequi. Inventore excepturi iure quibusdam.',0,1,'1994-10-25 15:01:25','1970-10-27 11:11:43'),(766,66,66,'Recusandae modi libero asperiores numquam dolor amet rerum. Iure qui eligendi tenetur.',0,1,'2018-09-19 19:35:58','1983-03-17 21:20:06'),(767,67,67,'Inventore in ex natus et sapiente non rerum animi. Architecto aut consequatur nobis. Unde numquam consectetur impedit ut aliquam.',1,0,'1988-05-29 11:16:55','2019-11-21 03:08:38'),(768,68,68,'Expedita sit est quis. Ipsa facilis nihil delectus similique laudantium tempora. Optio sed commodi sapiente inventore placeat enim. Dicta voluptas libero nam ex amet numquam. Quae est eaque reprehenderit.',1,0,'2012-02-22 13:02:57','2003-11-27 16:18:33'),(769,69,69,'Doloribus atque dolores natus ex et. Possimus laudantium quas totam amet fugiat in. Voluptatibus repudiandae occaecati sapiente et molestiae voluptatem eos. Vero ea debitis nam dolores incidunt minima.',0,0,'2016-06-20 16:19:02','1991-01-17 08:58:17'),(770,70,70,'Velit amet voluptatem possimus consequatur hic. Quia occaecati delectus sit voluptas dolore earum. Placeat repellendus quis natus quod recusandae aperiam omnis autem. Modi laudantium ut aut aut qui blanditiis soluta voluptatem.',0,0,'1997-06-15 08:17:38','1992-07-20 05:44:07'),(771,71,71,'Sit qui similique nobis ipsam maiores. Deserunt ullam voluptas laboriosam. Dolorum et sequi qui veniam voluptas. Et quas dignissimos aut. Ipsam ratione corrupti corrupti voluptatum et.',1,0,'2017-04-21 22:24:45','1990-03-19 01:40:53'),(772,72,72,'Unde sit pariatur deserunt mollitia aperiam vitae. Sit maxime est aut saepe assumenda.',1,1,'1979-10-27 02:32:56','2004-07-18 00:44:56'),(773,73,73,'Exercitationem et voluptatem nihil vel sunt molestiae rerum expedita. Ratione fugiat quia possimus accusamus eos. Aperiam sint autem dolore vel ex facere inventore.',0,0,'2001-08-04 21:30:06','1972-08-05 04:04:36'),(774,74,74,'Explicabo molestias temporibus voluptas assumenda aliquam consequatur quis. Ratione sed rerum est doloribus quam. Ex aut aut ducimus quo. In ut qui velit iusto distinctio.',1,0,'1984-12-03 13:53:27','1991-04-28 03:11:31'),(775,75,75,'Temporibus porro laborum minima vero rem. Quae dolores explicabo eos quo delectus sed laboriosam. Enim itaque voluptates optio et.',0,0,'1994-08-05 18:10:36','1978-12-13 19:02:18'),(776,76,76,'Eum odit voluptatem enim omnis sit. Facere cumque dolores non dolores culpa cumque maxime. Ut sed aliquam assumenda recusandae temporibus vel vel id.',1,0,'1971-12-18 20:56:07','2014-01-12 12:37:19'),(777,77,77,'Commodi et officia consequuntur necessitatibus et ipsum nobis. Ad non nisi sunt dolores sed nam. Est veritatis et amet facere dolores provident voluptate. Aut odit eos velit omnis. Ducimus aliquid id atque voluptates repellendus sint quas explicabo.',0,1,'1998-11-16 01:47:43','1982-05-18 20:31:28'),(778,78,78,'Autem eum rerum est dolor consequatur ipsum omnis. Expedita mollitia omnis sed rerum excepturi eius consectetur voluptatibus. Harum dolor blanditiis velit est et.',1,0,'1988-11-21 03:25:11','1999-03-01 12:54:16'),(779,79,79,'Similique vel veritatis dolor voluptatibus quia quibusdam natus. Quidem et eius sint ab distinctio non velit. Possimus asperiores perspiciatis consequatur at est eos.',1,1,'2002-04-30 17:43:51','2004-04-08 14:03:31'),(780,80,80,'Repellendus voluptate ad alias laboriosam eos iste nemo officiis. Vel id non delectus est nihil. Quos quis ut voluptatibus voluptatem perspiciatis enim sint. Velit consequuntur perferendis molestiae corrupti ipsa provident.',1,1,'1989-03-14 23:26:58','1997-01-22 07:26:54'),(781,81,81,'Nostrum quas fuga saepe adipisci. Aut quidem aut natus in. Qui qui impedit velit. Minus incidunt voluptatem qui.',1,1,'1992-10-18 02:41:32','1989-01-18 22:31:19'),(782,82,82,'Voluptates delectus est quibusdam eum ut voluptas. Voluptate veniam fuga aut pariatur. Rerum quos culpa repellat sequi nobis qui ducimus.',0,1,'2012-09-04 02:50:03','1992-01-15 23:42:00'),(783,83,83,'Eligendi nobis cupiditate cupiditate ipsam. Dolorum qui qui totam et tempora officiis possimus.',1,1,'1975-05-11 10:59:06','1981-10-02 15:41:12'),(784,84,84,'Architecto libero error deserunt tempore a odit repellendus molestiae. Et porro ratione qui nesciunt ratione amet minima nostrum. Facilis quo animi deserunt nulla et eum dolorem. Quia incidunt architecto quia fuga vitae qui.',1,0,'1980-01-03 08:34:56','1980-12-13 20:06:17'),(785,85,85,'Aliquid dolorem unde quisquam. Earum voluptatem possimus sed dolor quo. Qui facilis incidunt eligendi incidunt iste et.',0,1,'1972-08-23 21:00:29','1972-07-13 04:43:19'),(786,86,86,'Culpa delectus corporis quis doloremque. Est eum voluptas dolorem quo quisquam. Perferendis quos et accusantium reiciendis vero. Assumenda aut necessitatibus et atque cupiditate consectetur esse.',1,0,'2019-07-19 13:34:29','1970-07-24 20:29:22'),(787,87,87,'Eveniet similique animi impedit nam nobis deleniti. Veniam eligendi error dolores quas eos ipsa. Soluta tempora ut eum delectus voluptatem tempora illum eius. Fugiat omnis recusandae ab iste omnis tenetur ut.',0,1,'2019-01-05 23:15:25','1987-09-09 14:51:02'),(788,88,88,'Tempore quae omnis aut alias impedit et. Ut temporibus illo quia est quo eius nam. Et consequuntur tempore omnis officiis quis. Cumque nostrum distinctio qui aliquid.',0,1,'1994-10-10 18:19:15','1978-07-22 18:29:52'),(789,89,89,'Ut nihil qui quia id numquam id consequuntur. Aut voluptas similique explicabo tenetur error quae culpa.',0,1,'1988-04-28 22:35:14','2019-09-05 23:28:01'),(790,90,90,'Dolores facilis atque magnam ratione. Fugiat rem molestias eveniet quidem sit voluptas adipisci laboriosam. Voluptatem dolores aut dolore voluptatem totam inventore. Tenetur aut dolorem suscipit est ea et nesciunt.',1,0,'1974-08-07 08:19:20','1992-10-09 12:08:50'),(791,91,91,'Quia sit aperiam ut ipsum maiores. Modi inventore dolores itaque qui eaque. Atque facere optio harum alias voluptatem et. Repellat ut sed nihil dolorem sed consequuntur sint.',1,1,'2013-11-02 00:40:26','1977-09-07 02:22:12'),(792,92,92,'Hic atque illum deleniti beatae molestiae sed occaecati. Molestiae aspernatur voluptas id veritatis. Rerum autem ut unde mollitia.',1,0,'1982-10-03 05:57:02','1977-04-20 14:23:43'),(793,93,93,'Et qui velit voluptatum. Quia voluptatem a corrupti doloremque quas. Id repellendus dolor et doloribus quisquam rerum ut. Eum voluptatem itaque aperiam.',1,0,'1982-06-20 03:19:26','2006-05-11 16:07:18'),(794,94,94,'Est autem et esse enim pariatur. Ut et dignissimos quo voluptas occaecati aut quos sunt. Aut sit vitae soluta pariatur.',0,0,'1993-12-10 21:31:47','1995-04-09 19:18:55'),(795,95,95,'Natus sed amet incidunt ullam. Excepturi alias vel officiis dignissimos temporibus. Cum aut maiores sint eveniet dolorem quo. Dolores quibusdam facere est a.',0,0,'2017-12-04 16:05:42','2010-12-08 19:29:44'),(796,96,96,'Tempore est nostrum et enim suscipit rerum. Sequi qui et natus et dolorem. Non ut nostrum minus laudantium aperiam molestiae. Quasi incidunt dolores et officiis quis nisi tempora.',0,0,'2015-04-15 13:25:44','1972-07-14 23:19:01'),(797,97,97,'Voluptatum consequatur laudantium est sint corporis. Autem qui saepe ex beatae et minus dolor aliquam.',1,1,'1991-07-01 23:34:08','1989-01-29 07:44:17'),(798,98,98,'Minima nesciunt nisi id enim officiis. Excepturi deleniti distinctio voluptas soluta. Reprehenderit quas libero et ut fugiat et voluptas. Aut voluptate porro voluptas provident et accusantium. Qui qui vero temporibus.',0,0,'1973-12-19 16:23:18','1982-02-20 15:41:16'),(799,99,99,'Voluptatum consequuntur nostrum occaecati iste suscipit. Aspernatur veritatis consequatur fugit ipsum provident voluptatem laborum. Laboriosam pariatur consectetur libero mollitia. Eum nisi in ipsa porro rerum unde eum repellat.',0,0,'1985-08-01 23:39:13','2019-11-23 02:28:36'),(800,100,100,'Autem aut molestias voluptatem necessitatibus sed ad facere sunt. Quis voluptatem quis et dolores similique cupiditate. Tempore minima rerum quo asperiores neque repudiandae qui pariatur. Maxime in earum nesciunt inventore officiis fugit.',1,0,'1996-09-19 12:50:03','2012-02-03 02:50:12'),(801,1,1,'Ipsa blanditiis ullam qui atque hic. Sunt ad quibusdam hic maiores ut quis. Totam temporibus quam dolorum nam voluptas qui perspiciatis.',0,0,'1984-10-07 01:50:21','1980-10-04 15:12:43'),(802,2,2,'Non qui eum natus sequi qui qui autem. Sit quod eos illo dicta molestias pariatur placeat. Iste eligendi et voluptate ut sint.',0,1,'1989-12-21 05:27:00','1994-08-08 10:12:50'),(803,3,3,'Voluptates provident iure delectus quisquam ut qui. Aliquid dolorum neque aut deserunt. Ut dolores commodi ipsam quod atque eos.',1,0,'1979-09-25 07:44:15','2011-12-02 14:57:57'),(804,4,4,'Provident pariatur tempore odit. Repellat praesentium ad accusamus accusamus. In reiciendis beatae sed blanditiis sequi ut.',0,1,'1983-10-24 14:36:56','1996-12-06 20:33:04'),(805,5,5,'Est laboriosam deleniti voluptatem doloremque. Quis blanditiis similique sit similique dolores molestiae illo sit. Ullam eum consequatur porro suscipit enim.',1,1,'2017-02-21 06:33:48','1978-02-28 09:57:34'),(806,6,6,'Neque optio sed aut soluta necessitatibus officiis. Dolorem et veritatis esse reiciendis laborum. Praesentium voluptatum commodi itaque eius. Expedita nobis est perferendis in error.',0,0,'2001-09-27 17:51:39','1977-02-18 12:17:40'),(807,7,7,'Aut aliquam facilis nisi architecto sed recusandae. Reprehenderit consequatur nulla tempora possimus inventore dolor minima. Dolores asperiores expedita sunt accusamus itaque.',1,1,'2019-08-04 11:41:28','2005-03-22 23:04:58'),(808,8,8,'Sint facilis qui quo assumenda eos. Totam debitis dignissimos quo at voluptatum magni quae. Expedita qui cum soluta itaque. Ipsa molestiae quidem atque.',1,0,'1970-09-15 22:08:26','1978-01-17 06:07:10'),(809,9,9,'Ea ipsam autem voluptatem sed et aut maxime. Repellendus saepe cumque sequi occaecati. Corrupti nulla ipsum et excepturi tenetur accusantium illum. Ut distinctio aliquid et aliquid quas porro.',0,0,'1995-01-27 14:31:46','2003-09-09 01:55:06'),(810,10,10,'Voluptas velit praesentium et deserunt quae porro sint quis. Necessitatibus reiciendis at eius ipsam sint tempora dolorem distinctio. Nesciunt nisi tenetur illo delectus aliquid. In asperiores alias unde dolores.',0,1,'2012-03-31 10:14:27','2005-01-15 20:52:14'),(811,11,11,'Sint est et quia voluptas. Quidem numquam autem voluptatem aut delectus aut. Repellat repellendus numquam consequuntur quo vitae aut modi.',0,0,'1973-01-24 13:09:24','1995-01-07 10:40:46'),(812,12,12,'Id sunt ut iure sit non. Aut numquam voluptas nostrum qui ex quas velit. Qui dolor provident ut tempora quo sequi corporis.',1,0,'2002-03-20 12:16:43','2019-06-01 07:25:01'),(813,13,13,'Cupiditate culpa ducimus voluptatem dicta animi vel ut. Sed et ea dolorem accusamus doloribus aut aut dolorem. Nihil non ut totam est et. Consequuntur assumenda quo illum quaerat nam nihil ipsam.',0,1,'1985-10-16 19:16:09','1987-07-09 22:03:27'),(814,14,14,'Explicabo quibusdam quisquam sunt voluptatem quas qui quidem. Asperiores illo rem ab vel iure et. Ea consequuntur aliquam qui saepe aliquid enim. Sit sapiente sed iste dolore voluptates molestias vel.',1,1,'2020-03-12 00:23:07','1975-10-15 23:18:23'),(815,15,15,'Nihil sequi sint consectetur vero. Sit similique sed delectus. Qui assumenda aspernatur iure natus quas omnis odio.',0,0,'2001-02-22 07:05:43','1995-01-06 02:37:01'),(816,16,16,'Dolor quia iste vitae sapiente dolore atque magni. Harum ipsam voluptatum in perspiciatis ullam et libero. Facere quo rerum cumque placeat. Omnis aut ratione reprehenderit quibusdam fugit excepturi suscipit odit. Ut aut consequuntur aspernatur minima exercitationem provident quaerat.',0,0,'2008-01-24 06:35:01','1996-05-16 07:38:05'),(817,17,17,'Dolore enim repellendus voluptas tenetur. Qui libero blanditiis veniam. Quo qui commodi assumenda commodi a.',1,1,'1999-01-04 09:59:03','2003-12-05 13:15:29'),(818,18,18,'Labore amet necessitatibus voluptatem maiores deleniti dolores quia. Iure natus quia et et quas sequi iusto. Ea optio odit cum. Et hic recusandae aut. Assumenda voluptas perspiciatis iusto sit.',0,1,'1975-12-30 23:34:46','1995-05-08 10:32:36'),(819,19,19,'Soluta sequi est iste ipsam sint quibusdam. Non perferendis repudiandae impedit tempora alias. Reiciendis mollitia et ea error enim non.',0,0,'2000-09-23 11:48:25','1990-06-04 07:59:59'),(820,20,20,'Quis asperiores in quis voluptatem consequatur laboriosam. Et velit et numquam harum error autem. Consectetur quo sunt suscipit quidem odit laboriosam. Accusamus ducimus ad neque debitis tempora optio est enim.',0,1,'1997-06-30 09:14:25','1990-07-07 14:36:09'),(821,21,21,'Sit veritatis quisquam quas adipisci amet. Quis molestiae molestias perferendis accusamus voluptas quibusdam. Molestiae ex culpa dolores omnis.',0,1,'2010-01-05 10:36:21','2001-04-28 18:36:30'),(822,22,22,'Illum dignissimos velit culpa neque aut. Totam accusantium quasi ipsum rerum vel est magnam sint. At ex ad tempore possimus libero ipsa nulla explicabo.',1,1,'1994-06-24 15:50:25','1970-03-20 12:36:49'),(823,23,23,'Ullam possimus accusantium itaque. Ratione ea distinctio nesciunt dolore tenetur at. Ut asperiores occaecati natus sunt eveniet commodi architecto.',1,0,'1971-10-20 19:03:48','2019-04-10 21:16:35'),(824,24,24,'Iusto occaecati mollitia ut et ea dolore. In modi quod voluptatem et. Accusantium provident vero sed harum odit neque hic et.',1,1,'1978-03-12 04:32:54','1984-12-18 13:12:33'),(825,25,25,'Accusamus fugiat saepe voluptas expedita in. Et itaque maxime et nisi quibusdam non nihil.',0,0,'1993-02-09 14:21:21','1980-09-04 16:03:29'),(826,26,26,'Et atque sit nobis. Et omnis animi vitae id sed officia recusandae. Illo voluptas voluptatem quia et qui.',1,1,'2009-03-06 09:19:50','1973-03-30 04:09:39'),(827,27,27,'A quis eligendi accusamus dolores incidunt deserunt. Et iure voluptatem fuga quia aut veritatis. Impedit quibusdam consectetur tempore vel qui ducimus aut.',1,1,'2002-07-04 00:18:49','2002-02-18 09:31:55'),(828,28,28,'Dicta dolorum eos labore maxime quisquam doloribus. Vel nisi voluptas est non omnis et laborum. Aut dolore ipsum omnis quas.',1,0,'2001-01-05 16:20:37','1977-03-28 23:40:08'),(829,29,29,'Consequatur repellat praesentium corrupti ex possimus impedit debitis. Id magnam exercitationem culpa sed quia qui. Et soluta veritatis fugit sint. Consequatur sunt quasi harum odio rerum sit omnis. Aut tenetur numquam facilis quia.',1,1,'2016-09-07 03:07:24','2000-07-29 21:07:06'),(830,30,30,'Unde distinctio molestiae nisi recusandae. Similique et sed minima maxime adipisci ducimus necessitatibus quo. Ex deserunt modi dolores dolorem veritatis.',0,1,'1978-03-12 02:21:14','1989-04-15 00:23:56'),(831,31,31,'Asperiores iure veritatis eos. Veritatis repellendus non magnam qui. Et veritatis architecto tempora ut debitis. Voluptas aut alias officiis placeat facilis.',1,1,'2020-02-25 10:10:48','2002-01-20 03:34:51'),(832,32,32,'Occaecati illum eum ab optio. Neque impedit sed vero velit.',1,1,'2007-11-28 01:29:31','1982-05-10 11:32:26'),(833,33,33,'Earum voluptatem est consectetur quisquam. Ipsa ut cumque ab ad. Et commodi reprehenderit vitae illum. Corrupti a ratione optio commodi.',0,1,'1980-04-30 14:09:22','1977-06-24 07:12:28'),(834,34,34,'Expedita natus rerum blanditiis atque saepe ullam. Corrupti beatae cupiditate molestias et et velit. Dolorem dignissimos recusandae eaque quia sit.',0,1,'1985-03-21 09:44:29','2015-09-20 11:11:32'),(835,35,35,'Earum voluptas odit error alias repellendus ad a. Perspiciatis harum nihil inventore quisquam sit saepe. Ad quis est doloremque minus omnis.',0,0,'1987-03-27 06:32:30','2019-07-15 15:37:30'),(836,36,36,'Temporibus reiciendis est autem nihil possimus. Porro unde perspiciatis cupiditate repudiandae deserunt sunt reprehenderit. Quas velit id ipsam odit. Eveniet fugit eum aspernatur blanditiis dolorum.',1,1,'1999-10-04 00:31:00','1976-11-11 11:50:33'),(837,37,37,'Ut iusto quaerat harum. Repudiandae omnis rerum consequatur quia. Saepe nisi accusantium autem et non et.',1,0,'1992-06-25 04:57:50','1998-11-25 17:42:29'),(838,38,38,'Non minima esse ducimus non. Commodi provident sed eum qui est vel. Laudantium blanditiis perspiciatis sed occaecati nobis aspernatur dolores natus. Impedit expedita omnis at dolores quam.',1,0,'1996-10-10 09:30:44','2009-02-07 01:37:09'),(839,39,39,'Dolorem enim repellendus id consequatur consequatur enim. Reiciendis asperiores et consequatur accusamus. Vel est nihil et ut maxime harum.',1,1,'1983-12-10 15:03:12','1982-02-25 22:04:56'),(840,40,40,'Natus sit explicabo voluptatem vero. Optio sint animi temporibus sapiente. Commodi consequatur esse et voluptas ipsum doloribus. Consectetur provident ullam quaerat.',0,1,'1999-01-11 20:54:52','2005-04-23 01:46:24'),(841,41,41,'Non et unde consequuntur. Quasi perspiciatis commodi molestiae ducimus. Fugit quod hic fugiat sed hic dignissimos. Hic autem recusandae maiores sit. Similique ut iste vel non.',0,0,'1993-03-08 04:44:39','1991-10-01 05:56:07'),(842,42,42,'Beatae animi mollitia et hic quibusdam ut. Ad quia consectetur perferendis saepe sapiente rerum delectus. Molestias ipsam debitis modi commodi illum nisi explicabo.',1,1,'2011-08-24 17:50:04','1994-07-22 13:02:15'),(843,43,43,'Esse sed magni dolor atque magni. Voluptatem nemo et alias nemo. Sapiente explicabo eligendi consequatur ut at nam. Tempore error tempore cupiditate repellendus soluta.',0,0,'2011-02-24 14:28:26','1991-02-04 11:23:37'),(844,44,44,'Aliquam eos exercitationem tempora sed quas. Ut magni velit debitis doloremque sunt qui. Ratione sint voluptas quo magni dolorem voluptatem optio eveniet.',1,1,'1982-09-22 07:57:14','2010-03-18 12:10:32'),(845,45,45,'Incidunt dolorum inventore quia ea explicabo nam. Recusandae nihil voluptatem cum ut. Voluptate reiciendis aperiam ut repellat molestiae at deleniti. Tenetur cum perspiciatis quam perspiciatis sunt dolores. Odio voluptatibus ab exercitationem pariatur aperiam perferendis quia.',0,1,'1981-10-07 06:11:21','1974-11-09 00:39:03'),(846,46,46,'Maiores facere molestias facere. Aperiam beatae in sed voluptatem eveniet. Voluptatem eaque consequuntur temporibus dolores ut est nobis. Est hic laboriosam aut aliquid atque aperiam. Eaque vero est commodi consequatur.',1,0,'1998-04-23 23:18:04','2003-05-14 14:48:16'),(847,47,47,'Eveniet molestiae sed deserunt. Qui rerum vel perspiciatis ut excepturi. Quidem unde reiciendis voluptatibus nulla. Ex consequatur et quia.',0,0,'1978-06-19 13:31:44','2014-08-11 15:26:53'),(848,48,48,'Nobis eum asperiores voluptas harum numquam voluptatum. Ad dignissimos totam et et totam error dolor. Error itaque maiores voluptatem voluptatibus aperiam possimus.',1,1,'2010-01-07 11:04:27','1989-02-19 14:10:20'),(849,49,49,'Fugiat et modi id sit dicta id. Aliquam corrupti accusantium impedit officiis voluptates omnis magnam. Qui et modi dicta sit. Molestias magnam numquam est.',1,0,'2003-11-20 05:20:47','2015-11-05 14:34:32'),(850,50,50,'Est ducimus et magni omnis accusamus hic dignissimos molestiae. Itaque laudantium vel maxime optio. Et qui ratione asperiores sed.',1,0,'2007-09-30 09:49:03','1998-02-16 02:09:20'),(851,51,51,'Nobis nisi magni dolor libero autem laboriosam nisi aut. Dolor nihil dolores perferendis accusamus ratione. Ea ea tempora voluptates ea. Voluptate ea consequatur accusamus dignissimos. Cumque voluptatibus sit reiciendis aliquam ducimus occaecati.',0,0,'1975-07-30 11:42:48','1976-03-02 13:16:35'),(852,52,52,'Est adipisci magnam aut dicta omnis. Enim sed porro veritatis omnis in dolorem. Suscipit eos quod velit quia est quia tempore. Veritatis nihil eum quia voluptates quis.',1,1,'2015-02-06 21:02:56','2019-04-18 06:41:14'),(853,53,53,'Ad aliquid aut occaecati assumenda odit aut. Autem neque commodi recusandae sunt fuga qui omnis.',0,0,'2013-12-22 20:15:03','1994-09-04 10:43:07'),(854,54,54,'Rerum id eos aut culpa. Non necessitatibus natus eum magni.',0,0,'1974-03-05 01:45:55','2010-10-23 09:14:40'),(855,55,55,'Sit corrupti magnam distinctio et velit deleniti. Est molestiae quia voluptatem fuga et temporibus ut. Eaque neque ad aliquam aspernatur voluptatum qui magni. Culpa dolorem laborum nisi sed aperiam beatae facilis.',0,1,'1978-01-05 03:27:59','2003-03-30 18:36:22'),(856,56,56,'Excepturi eos consequatur repellat explicabo eaque in at. Consequatur omnis fugiat eum aut aperiam non eligendi. Quae voluptas corrupti qui vitae aliquam ipsam impedit velit. Dolorem tempore tenetur nulla dolorem.',0,1,'1997-05-04 06:22:43','1977-09-08 16:48:32'),(857,57,57,'Omnis ut cupiditate sed eos nesciunt. Consequatur rerum et enim veritatis aut enim tempora omnis. Illum voluptatem minima sed aliquid at.',0,1,'1985-01-16 12:25:20','1993-03-23 16:00:41'),(858,58,58,'Voluptatibus dolor qui qui sint necessitatibus eos omnis vel. Tempore molestiae esse rerum cupiditate non in. Esse explicabo et velit quod. Neque non exercitationem ut dolores iusto.',1,0,'2004-01-01 05:15:36','1973-01-21 13:16:56'),(859,59,59,'Consequatur facere et consectetur soluta voluptas. Ut officiis dolorem ab et quis officiis.',0,0,'1988-09-02 00:25:57','1981-09-17 11:09:31'),(860,60,60,'Voluptatem dolorem consequuntur dolores enim in nobis. Voluptatem consectetur autem quis voluptatum sit impedit minima. Quasi sed officiis quod optio voluptatem similique porro provident.',0,0,'2020-06-18 10:29:22','1987-05-28 22:04:28'),(861,61,61,'Quod dolor rerum eaque labore neque. Est nobis aut enim ipsam molestiae quo. Quo accusantium provident et eius natus aliquid laudantium.',1,1,'1970-03-27 01:44:58','1971-08-16 00:18:33'),(862,62,62,'Illum et cupiditate ex. Aut sint placeat aut ratione ut. Fugit accusamus rem veritatis ipsam fugiat officia laborum.',0,1,'1976-10-17 02:31:42','2019-12-27 19:16:30'),(863,63,63,'Non est cumque aliquid qui quia. Nisi earum beatae doloremque repellendus delectus. Voluptate delectus qui voluptas amet alias. Eius consequatur ullam omnis velit repudiandae.',0,1,'1972-02-15 10:33:23','2017-04-18 14:24:37'),(864,64,64,'Esse ipsa eos est numquam harum autem cumque est. Placeat vitae sunt officiis sed recusandae harum velit. Laudantium sit sint velit architecto et et aut. Cum commodi ratione ab in nostrum.',1,0,'1976-03-28 18:29:19','1974-12-03 05:23:30'),(865,65,65,'Veritatis cum animi molestiae autem. Dolore ut est et distinctio omnis.',1,0,'1992-04-21 15:03:36','2008-02-11 02:16:02'),(866,66,66,'Qui dolores quo vel debitis soluta. Dolores et qui sed. Fuga ut ullam velit quis. Voluptatum eos distinctio facere nam.',0,1,'2009-03-01 23:21:32','1985-09-14 19:40:37'),(867,67,67,'Officiis velit tenetur earum at saepe. Fugiat vero laboriosam porro laudantium maiores voluptatem. Eligendi quo atque earum corrupti.',0,1,'1976-12-08 08:40:46','2002-05-30 05:24:43'),(868,68,68,'Sed beatae illum quis sunt aut. Officia laboriosam repellendus voluptatem occaecati porro iure eaque. Totam magnam in voluptas.',0,0,'1976-02-15 14:40:37','2010-08-16 10:45:53'),(869,69,69,'Doloribus natus debitis excepturi accusamus ut sint. Ducimus molestiae officia quia dolorum. Omnis natus excepturi sed blanditiis adipisci earum. Accusamus ducimus rerum vel eligendi consectetur. Voluptatem at eveniet rem atque.',0,1,'1998-01-24 00:03:16','2004-01-30 02:22:58'),(870,70,70,'Sint ea corrupti qui aut soluta. Nihil ad dolor impedit aut quia aut repudiandae. Ratione aut enim officia. Sed commodi omnis nostrum qui vel qui.',0,0,'1979-05-28 05:56:35','1980-07-31 20:54:50'),(871,71,71,'Eius autem et at vel eius sed sit. Voluptatem alias ducimus fugit labore nesciunt. Et ex dolor quos possimus. Ratione et deleniti quidem omnis quis.',0,1,'1983-08-08 00:16:53','1995-08-13 20:50:23'),(872,72,72,'Quas corporis dolorem illo molestiae harum enim. Sed et accusantium expedita quibusdam. Sit repudiandae cupiditate vel sequi eligendi.',0,0,'1983-01-17 10:21:56','2011-06-29 07:53:36'),(873,73,73,'Nesciunt ad doloribus id dolor officiis quis. Quo ex laborum dolores provident rerum. Quia non et maiores animi fugit.',1,0,'1979-10-07 05:15:10','1991-01-13 20:02:20'),(874,74,74,'Et voluptas eum ipsum et eum enim. Consequatur adipisci est eligendi ullam doloribus consequatur officia. Qui adipisci qui et rem. Quia quis consequatur aperiam alias.',0,0,'1973-11-26 04:29:28','1970-03-24 23:06:39'),(875,75,75,'Voluptate iste omnis aperiam et. Dolore ullam saepe reiciendis molestiae aliquam totam sint.',0,1,'2001-07-26 05:53:01','2006-12-14 00:57:32'),(876,76,76,'Repellendus et et sit tempore nemo distinctio mollitia. Enim sint nesciunt commodi minus. Incidunt possimus sunt accusantium assumenda iure amet.',0,0,'2005-06-04 09:32:51','1978-01-10 19:03:00'),(877,77,77,'Et ad ipsa laboriosam ipsa mollitia soluta et. Voluptatum similique laudantium quia molestiae nesciunt expedita itaque. Earum facere dolorem et. Architecto voluptatibus molestiae amet perspiciatis enim beatae. Placeat ipsam facere sunt quam voluptas.',0,1,'2011-10-19 10:11:38','2020-06-14 15:32:00'),(878,78,78,'Sapiente at laboriosam quidem a nemo. Earum et dolor perspiciatis debitis atque nulla. Laboriosam ut accusamus magnam ea quia corrupti. Consequatur et totam dolorem totam omnis deleniti.',0,0,'2015-12-11 03:04:04','1973-10-28 15:27:40'),(879,79,79,'Suscipit reprehenderit facilis est cum mollitia. Nisi non vitae illum repellat. Molestias autem facere quas. Culpa aut repellendus sunt reprehenderit quisquam et qui.',1,1,'2007-10-14 08:44:01','1994-05-30 15:41:47'),(880,80,80,'Voluptas in temporibus laboriosam officia. Cum corporis consequatur accusantium sed consequatur id. Rem similique hic facere dolore voluptatibus dolorem ducimus.',1,1,'2009-06-27 05:00:46','1993-05-28 15:29:05'),(881,81,81,'Cum quasi ipsum quis saepe. Iste perspiciatis rerum ea distinctio totam quia.',1,1,'1974-02-20 08:39:42','2008-06-22 23:34:39'),(882,82,82,'Consequatur commodi ex explicabo ea quas. Facilis necessitatibus rerum fuga impedit. Optio sapiente dolorem laudantium voluptates molestiae id placeat.',1,0,'1973-11-01 04:20:48','1997-09-17 21:56:19'),(883,83,83,'Repudiandae quo odit culpa impedit. Quod perferendis et ducimus corrupti sed.',1,1,'1999-11-20 09:28:39','1985-06-05 11:40:56'),(884,84,84,'Et explicabo qui odio. Voluptatem alias non ad omnis reiciendis earum inventore ut. Doloribus repellendus necessitatibus ut nulla.',0,1,'2008-05-23 12:35:42','1991-03-25 01:50:04'),(885,85,85,'Qui ut sit quisquam provident et veniam. Quasi qui voluptatem architecto laudantium natus ut neque. Modi cupiditate quidem esse ut sit natus consequatur.',0,0,'1983-06-13 19:14:33','2007-02-24 07:48:06'),(886,86,86,'Harum sed dolorem veritatis dolore ipsum tenetur magni. Quod aut nobis consequatur quia beatae. Et dolore est dolores odit repellat.',1,0,'2007-04-28 22:09:49','2009-09-14 05:05:09'),(887,87,87,'Aut vel sit ut quas tempore. Illum commodi nihil minima et et dolorem. Sequi voluptatem adipisci nostrum rerum.',1,1,'2008-08-15 12:40:54','2009-09-01 01:50:31'),(888,88,88,'Corrupti qui neque repellendus laborum. Est ut non natus sed facere soluta dolore. Numquam repellat iure omnis. Et eligendi velit accusamus ratione quam iusto.',0,0,'2017-12-22 03:02:39','1975-08-05 10:38:34'),(889,89,89,'Eligendi dolore excepturi vel nobis. Quaerat qui distinctio aut ab. Molestiae ut eum enim eveniet exercitationem eaque sint.',1,0,'1988-10-11 22:59:36','1995-08-19 14:01:24'),(890,90,90,'Consequatur quia nisi ipsum perspiciatis nam. Aut sequi voluptate pariatur qui est quia dicta. Omnis temporibus autem mollitia omnis iusto et molestiae modi.',0,0,'1982-08-17 04:47:33','2003-04-22 22:38:43'),(891,91,91,'Ut occaecati cumque quasi sit occaecati aliquid. In iste sed a voluptatum vitae consequatur. Aut autem quidem voluptas accusamus. Nostrum culpa eaque odit.',1,0,'1995-09-12 05:42:48','2005-09-23 06:28:16'),(892,92,92,'Possimus molestiae mollitia et illo earum. Consequuntur quos totam cum dolores alias minima quia assumenda.',0,0,'1988-02-07 17:01:37','1999-06-16 15:06:46'),(893,93,93,'Quo et ea nulla molestiae. Porro officia est sunt.',0,0,'1998-08-13 11:36:51','1993-08-16 16:56:04'),(894,94,94,'Ea aspernatur amet aut explicabo. Est tenetur totam accusamus eveniet quidem hic nostrum dolor. Qui assumenda a pariatur molestiae ut. Enim similique unde porro magni.',0,0,'1974-11-04 21:40:19','1989-07-26 21:00:08'),(895,95,95,'Amet tenetur explicabo sint dolorem voluptas aliquid. Mollitia aspernatur commodi aut rerum nemo. Quas corrupti numquam aut. Aut corrupti debitis dolores sit.',1,0,'1982-01-03 23:03:41','2005-03-14 07:43:52'),(896,96,96,'Quos repellat ab nam similique. Quibusdam modi nostrum et non ipsum quidem. Molestiae est voluptatem ex quaerat quia itaque. Maiores ut voluptatum id ut.',0,1,'1991-09-12 21:37:33','1992-08-05 05:01:31'),(897,97,97,'Ut voluptatem eveniet excepturi. Maiores qui facilis nostrum et quasi et. Sed ipsam omnis enim est quo aliquid ullam. Neque quidem nobis quae dolor voluptate. Nisi eos non fuga voluptas.',1,0,'1982-09-05 23:07:14','2019-09-24 06:24:08'),(898,98,98,'Dolores repellendus soluta et quisquam ipsam. Voluptas ex laudantium quod sunt nobis. Et nam quae ipsa blanditiis.',0,0,'1990-09-01 22:46:40','1997-08-28 02:39:47'),(899,99,99,'Aperiam libero ratione iste dicta labore. Provident quidem dicta nostrum eos in necessitatibus. Unde corporis fuga aut dolor.',0,0,'2001-06-23 05:22:19','1988-08-30 22:58:08'),(900,100,100,'Adipisci nulla nam delectus doloremque unde at. Mollitia qui totam vel. Sit voluptas voluptas aut reiciendis consequatur voluptatem ab.',1,0,'1998-04-21 20:14:47','1990-08-29 04:32:07'),(901,1,1,'Et officia at ut quia. Minus iure consectetur non similique. Ratione vel reprehenderit amet a tempore.',1,1,'1998-02-19 18:05:15','1984-03-18 03:38:14'),(902,2,2,'Quas eveniet placeat molestiae. In dignissimos soluta nisi. Debitis est amet facere molestias sapiente veniam earum. Harum ea beatae velit similique sit.',1,1,'2004-08-21 18:46:18','1972-08-07 19:15:19'),(903,3,3,'Quaerat assumenda natus rem id id qui qui. Sit et rerum autem. Laborum quia quaerat optio. Est esse dolores qui adipisci aut. Quo dignissimos laborum repudiandae ullam aliquid culpa.',1,0,'1977-04-14 09:41:19','1977-09-14 03:55:28'),(904,4,4,'Maxime consequatur et rem sit. Et est accusamus autem at. Similique quia tempora officia enim. Alias numquam ea doloribus ea laborum vitae.',1,1,'1996-11-27 00:35:15','1989-10-28 05:13:07'),(905,5,5,'Voluptates quas officia aut aut laborum consequatur. Illo incidunt ut a quia adipisci. Placeat ea veniam doloribus architecto exercitationem. Atque ipsa sint id quo.',0,0,'2015-11-27 12:43:51','1981-09-20 03:01:07'),(906,6,6,'Molestiae facilis voluptas dolor similique aspernatur impedit odio. Adipisci quod sunt sed distinctio. Omnis iusto voluptatem deleniti quasi. Quas dolorem id quo molestiae voluptatem et.',1,0,'2003-07-03 14:42:54','2004-02-24 03:33:27'),(907,7,7,'Facere praesentium suscipit consequuntur at. Incidunt et quas cum placeat eum. Consectetur accusamus odio amet vero. Vitae corporis veniam et qui cum asperiores.',0,1,'2013-12-09 18:01:56','2015-12-12 14:19:04'),(908,8,8,'Maxime est facilis et recusandae est. Sit recusandae unde et culpa consequatur unde asperiores maiores. Voluptas et officia illum. Voluptas esse at est.',0,0,'1987-01-01 17:13:35','2007-01-25 23:01:51'),(909,9,9,'Harum sed perspiciatis ex nihil. Voluptas ad dolorem ducimus accusantium id et. Magni explicabo et autem et provident omnis. Velit pariatur aperiam dicta non autem eos veritatis.',1,0,'1972-09-15 12:40:12','2016-06-01 04:03:13'),(910,10,10,'Ut accusamus nemo aut excepturi soluta rerum ut. Delectus voluptatum consectetur quia.',1,0,'2012-12-04 00:10:57','1976-10-11 21:23:32'),(911,11,11,'Minus voluptatem eaque earum quia voluptatum qui. Voluptatem enim eos sunt et et animi fugiat. Inventore sint dolorem earum reprehenderit omnis ducimus.',1,0,'2004-01-20 09:55:50','2006-09-21 07:48:43'),(912,12,12,'Quidem eius et sed autem consectetur adipisci. Unde totam numquam ullam aspernatur voluptatem dolores est. Quas omnis eveniet quidem.',0,1,'1973-03-06 13:51:32','2011-05-19 10:52:20'),(913,13,13,'Sunt sit sequi tenetur veniam. Tenetur cumque aut voluptas perspiciatis. Assumenda ut et ipsa rem quasi. Quia sit qui at perferendis aliquam.',1,1,'1990-05-03 04:49:35','2007-03-30 01:07:26'),(914,14,14,'Ipsa sed est laudantium saepe. Porro illum quam ad occaecati eligendi aut itaque. Ea sint cumque culpa et maiores nulla sint. Aut sit ad fugit maxime vel.',0,1,'1990-03-19 05:32:44','2013-03-28 14:54:32'),(915,15,15,'Dicta voluptatem voluptas unde iure maxime. Sequi necessitatibus autem voluptate voluptas distinctio beatae error. Illo asperiores autem aut sint quasi quos voluptatibus.',1,1,'1989-05-11 19:46:50','1997-07-27 09:29:06'),(916,16,16,'Quae et unde iure ipsam dolor odio necessitatibus. Aut quaerat dolorem vel est et. Corrupti aut deleniti sed aperiam tempora dolor nesciunt. Nemo id cumque est non voluptatem exercitationem.',0,0,'1995-10-19 14:17:00','1988-10-21 00:48:08'),(917,17,17,'Quia rerum dolor non qui necessitatibus magni nihil. Consectetur excepturi labore qui voluptas cum. Et sed non sed non in.',0,1,'1985-05-09 05:21:52','1977-02-19 13:39:43'),(918,18,18,'Aut velit hic consequuntur. Aut molestiae esse vel consequatur dolorum. Aut dignissimos deserunt sed in est aliquid autem accusantium.',0,0,'1973-09-16 04:34:38','2006-12-08 10:26:51'),(919,19,19,'Rerum autem fugit libero et et. Rerum doloremque accusamus sit quae qui minus quia ea. Praesentium dignissimos iure numquam ipsa excepturi inventore.',1,1,'2004-05-04 17:08:21','2001-08-09 16:45:44'),(920,20,20,'Rerum libero id quo harum expedita officiis. Id minima ut eum et labore velit repellendus.',0,1,'1971-06-02 17:07:24','2014-12-22 20:34:13'),(921,21,21,'Voluptatum non animi modi ut impedit inventore. Aliquid necessitatibus ut minus veritatis nesciunt autem nisi dolorum. Ut praesentium iure velit earum maiores aut expedita dignissimos. Facere ut ad quam fuga.',0,0,'1973-01-25 15:29:58','1985-09-25 06:46:08'),(922,22,22,'Dolor voluptas est impedit nemo est id dolorem. Quidem mollitia ex pariatur consequatur aut non dolore. Ut repudiandae alias aut commodi dicta dolores velit.',1,0,'2000-03-05 05:43:08','1996-08-08 12:04:41'),(923,23,23,'Officia itaque consectetur quia sequi asperiores eos dolore reiciendis. Sint consequatur dolorem ut. Laborum assumenda suscipit est. Et velit et enim aspernatur.',1,0,'1978-02-21 22:19:23','2004-02-08 02:47:52'),(924,24,24,'Autem vel nobis qui est fugiat numquam. Expedita aut fugit aliquam nam laborum architecto est. Sunt voluptates nostrum eveniet. Sapiente inventore quis ab voluptatem quis iure quo.',1,1,'1992-08-04 12:40:26','2012-08-07 03:58:32'),(925,25,25,'Magni est doloribus et ratione distinctio eos et quis. Et velit reprehenderit aut nulla sunt corporis beatae. Odio repellendus et expedita consequatur illum voluptatibus et.',0,1,'1985-04-13 18:33:51','2018-02-20 13:07:02'),(926,26,26,'Corrupti id aut dolor sed. Veritatis quas ea ut.',0,1,'2019-06-14 06:45:35','1974-09-16 19:42:04'),(927,27,27,'Dolorum facere et voluptatem quod esse. Voluptatum repudiandae odio et nihil odit ratione et. Libero eaque omnis odit nam animi qui voluptas et.',1,0,'1970-12-10 19:26:32','1995-12-10 04:41:34'),(928,28,28,'Voluptatem quisquam quae a iste sunt unde. Ut quo doloribus dolorum animi quia omnis aut. Ad quia officia voluptatem earum.',1,0,'1971-08-08 22:20:02','1988-08-08 02:53:26'),(929,29,29,'Qui incidunt atque ea sit qui. Minima nisi excepturi nihil rem et consequatur. Inventore deserunt numquam aut ut. Excepturi vitae quia ipsa et nulla optio unde.',1,0,'1970-03-17 15:45:39','2005-02-09 12:41:43'),(930,30,30,'Est praesentium voluptatem exercitationem sit ut qui eum placeat. Laboriosam facilis soluta nihil. Error laborum quos est aut et. Similique aspernatur non rem veniam ipsam.',1,1,'1973-12-12 00:21:18','1975-12-08 05:02:21'),(931,31,31,'Magni porro in harum dolorum aspernatur earum praesentium. Pariatur illo fugit animi sint architecto.',0,1,'2006-12-29 20:00:25','2009-01-05 01:52:23'),(932,32,32,'Et recusandae maxime molestiae debitis. Nemo consequatur omnis quia rerum quos sunt minima. Libero praesentium reprehenderit nulla odio eaque omnis rerum.',1,1,'2011-11-15 09:02:56','1995-01-23 03:34:24'),(933,33,33,'Autem nisi velit nihil. Quae dolor ad vitae fuga sit. Non accusamus omnis esse temporibus sed dignissimos ut.',0,0,'2011-08-15 15:32:04','1983-10-09 05:37:00'),(934,34,34,'Et sit accusamus harum alias neque quia. Accusamus magnam adipisci consequuntur est quia aperiam aspernatur. In temporibus accusamus debitis quibusdam perspiciatis eligendi ab. Inventore tenetur culpa ut.',0,1,'1989-09-10 12:11:23','2002-05-09 09:56:47'),(935,35,35,'Necessitatibus natus at tenetur placeat autem veritatis quam. Dolorem rem aut consectetur aspernatur a. Quod deleniti non voluptatem delectus ea consequatur. Qui excepturi rem voluptatibus repellat aliquam.',1,0,'1990-10-18 07:40:14','2005-02-22 16:29:57'),(936,36,36,'Cumque et eligendi odio iure. Ab molestias deleniti iste deleniti. Consequatur totam eligendi quisquam non voluptas labore quisquam enim. Possimus enim ipsum quae culpa voluptatem tenetur qui sed.',1,0,'1986-05-16 07:34:04','2007-05-30 13:16:46'),(937,37,37,'Et cupiditate sequi et vero nihil. Consequatur veniam dolorum explicabo in quo illum occaecati autem. Ut voluptatibus quia dolorem temporibus.',1,1,'1982-01-10 21:52:54','2004-06-22 10:54:33'),(938,38,38,'Aut sint vel excepturi velit. Maxime sunt voluptate maxime iste eligendi. Nisi vel blanditiis minus vel molestiae impedit aut.',1,0,'1984-02-14 11:01:27','2014-09-23 20:08:22'),(939,39,39,'Voluptatem perspiciatis commodi in quia nihil. Cum quia voluptatum voluptas dignissimos voluptas dolores. Totam qui numquam molestiae ullam quae ipsa. Ut ut deserunt nulla laudantium.',1,1,'1983-12-22 05:09:20','1975-07-17 14:19:32'),(940,40,40,'Et ut quo accusamus nulla. Ut quibusdam dolor distinctio qui nemo error qui. Et consequatur sed est aperiam neque dolore.',0,1,'1970-06-12 09:55:24','2013-08-16 17:53:55'),(941,41,41,'Omnis ea aut eaque eos quia aliquam non minus. Dolor velit aliquam earum quis. Mollitia explicabo modi quo doloremque sed.',1,1,'1992-11-22 02:54:44','2011-05-23 12:20:32'),(942,42,42,'Ut reiciendis in animi facere veritatis impedit similique. Illo ex tempora nam minima est suscipit.',1,1,'1983-01-04 04:27:24','1972-08-15 15:23:40'),(943,43,43,'Dolorem quia alias magnam quos qui ut. Iure voluptatem quis libero in commodi id ullam est. At inventore accusantium quasi nemo iusto cum voluptas.',1,1,'1992-11-24 00:27:37','2019-05-02 09:34:50'),(944,44,44,'Asperiores ut illum sapiente beatae reprehenderit qui esse. Tempora et aliquam temporibus ipsum eius. Officiis iure dolore autem ullam quaerat sint. Ut iure velit qui voluptatum et dolorum.',0,1,'2011-01-23 00:26:29','1986-10-04 04:36:03'),(945,45,45,'Voluptatum facere autem qui iure quasi. Sapiente modi blanditiis aspernatur suscipit dolorum officiis. Ab aliquam enim molestias nisi consectetur aperiam. Quis asperiores id et molestiae voluptatum saepe odit.',0,1,'1970-07-29 07:24:26','1998-07-28 14:55:32'),(946,46,46,'Voluptas et veritatis accusantium quis voluptate ex. Pariatur velit amet delectus velit. Consequatur quibusdam quo voluptas dolores sit omnis. Dicta voluptatum quo incidunt sed voluptas eos ut.',0,0,'1992-08-29 19:24:05','1979-07-18 05:17:24'),(947,47,47,'Facilis voluptas eaque consequatur saepe repudiandae distinctio dolores. Cupiditate autem doloremque quia voluptatem blanditiis. Est hic mollitia ipsa quia sed provident quo. Laborum est fugit tempore rerum voluptatem voluptatibus.',1,0,'1982-05-31 09:06:14','1996-05-10 16:18:53'),(948,48,48,'Corrupti sunt et ratione et id et dolorum. Quia neque voluptates qui ad. Et quis ex aliquam iste. Quis odio pariatur quisquam exercitationem iusto atque.',1,0,'1972-05-06 16:27:12','2008-06-20 06:20:01'),(949,49,49,'Et fugit maxime error distinctio vel quos. Vitae cumque rerum est quia commodi pariatur hic. Repellendus molestiae expedita incidunt voluptates omnis. Quia laboriosam sit id ratione dolor.',0,1,'2018-03-22 16:54:54','1985-02-04 21:38:19'),(950,50,50,'Esse qui rerum voluptatem eos minus quaerat. Est voluptas quibusdam vero quia consequatur. Voluptates est id possimus dolore.',0,0,'1988-09-17 11:27:42','1983-02-28 23:56:48'),(951,51,51,'Tempore ex perspiciatis magni molestiae dignissimos alias. Sit dicta vel sunt vel ipsam dolorum dolorem. Quia saepe suscipit repellat consequatur. Consequatur cumque ab consequuntur cumque sit non veritatis.',1,0,'2009-08-06 12:08:48','1986-06-02 16:58:31'),(952,52,52,'Iure est ipsam et sint perferendis. Magnam labore ut quo possimus qui. Adipisci possimus earum ipsum est.',1,1,'1978-11-24 12:32:19','2016-12-14 11:12:04'),(953,53,53,'Omnis facilis perferendis accusantium accusamus officiis quo qui. Sapiente magni vero rem unde dolorem vel itaque. Rerum sequi vero eum dolorum fugit. Reprehenderit aperiam voluptatibus ducimus perspiciatis ea error vero. Vitae sit doloremque illo corporis quidem ut.',1,0,'1986-05-31 03:28:08','1981-07-04 12:15:39'),(954,54,54,'Iusto nobis voluptas libero sed necessitatibus nihil. Aut quod vero ut autem dolorem omnis dicta. Eos ea quia praesentium cupiditate.',1,1,'1986-06-18 17:56:15','1970-05-22 02:27:10'),(955,55,55,'Delectus non necessitatibus minima. Dolorem quae expedita aut quo totam est ipsum.',1,0,'1984-09-13 12:09:24','1987-02-01 16:32:26'),(956,56,56,'Aut nam itaque et. At voluptas in excepturi veniam. Aliquam tempore magnam rem repudiandae vel.',1,1,'2005-07-12 13:06:52','2007-10-29 15:23:40'),(957,57,57,'Eaque et omnis at aut voluptatum impedit. Culpa blanditiis quaerat vel dolorem accusantium. Et veritatis debitis perspiciatis unde laudantium consequatur. Fugit nisi ad voluptatem eius ut inventore.',1,1,'1984-05-04 10:55:04','2001-07-25 07:30:51'),(958,58,58,'Doloribus fugiat hic quidem eos. Maiores et molestiae saepe voluptatum pariatur veritatis repellat odit. Ut quis dolores sapiente voluptas minus et id. Est alias consequatur nihil quae nisi ullam.',1,1,'2012-06-06 09:07:55','1994-01-25 05:24:12'),(959,59,59,'Illum asperiores qui nesciunt deserunt. Delectus tenetur facilis reiciendis esse distinctio accusamus. Facere temporibus qui fugit molestiae est possimus.',0,1,'1991-07-07 11:08:40','2009-07-07 19:45:50'),(960,60,60,'Et sed ad est fugiat. Temporibus magni unde perferendis molestias sint. Incidunt ratione aperiam unde autem.',1,0,'2005-11-05 23:48:26','1986-01-18 13:05:42'),(961,61,61,'Necessitatibus voluptatem autem molestiae quia. Amet unde ullam corrupti dolore excepturi. Exercitationem nisi quia nisi consectetur. Velit expedita adipisci hic quod.',0,1,'2017-11-25 22:03:56','1978-05-10 23:08:03'),(962,62,62,'Officia blanditiis harum alias ipsam est aut aliquid. Quod consequatur sit ad labore. Maiores vel ea sunt ex accusantium. Nesciunt odit iusto rerum quod at dolor debitis.',0,1,'2016-01-19 13:54:56','1999-12-06 09:06:07'),(963,63,63,'Debitis sed aut distinctio laborum deserunt aut rerum. Et aspernatur quibusdam cupiditate molestias perspiciatis. Vitae asperiores enim aut qui est. Voluptates beatae ut quidem cupiditate autem provident molestias.',0,1,'1972-10-05 18:44:25','2010-06-28 00:42:07'),(964,64,64,'Impedit dolorem vero rerum est ut. Soluta vitae dolorum non pariatur et aut et. Dolore eius sit iusto dicta blanditiis sit animi. Consequatur vel consectetur ad quibusdam quo molestias.',1,1,'2010-11-02 08:13:56','2004-01-23 08:57:45'),(965,65,65,'Fuga repudiandae doloribus ut sit. Consectetur voluptatibus rerum odio et laudantium nulla harum. Odit voluptatem reprehenderit ut maiores. Deserunt in unde dignissimos aut accusamus pariatur a.',1,1,'1988-03-21 01:01:47','2012-04-16 03:40:49'),(966,66,66,'Nisi aliquam et aliquam et quam quia laudantium. Et aspernatur dolor et officiis iste voluptatibus beatae aut. Tenetur officia inventore voluptatem sint iste et. Sint aut ut harum.',0,0,'1982-12-05 21:11:29','2016-01-09 13:19:38'),(967,67,67,'Cupiditate adipisci consequatur labore officiis. Praesentium in esse qui qui autem. Accusantium earum delectus illo ullam minus aut doloremque. Est accusamus et id esse minima.',0,1,'2007-07-09 11:06:53','2002-12-30 20:07:22'),(968,68,68,'Est deserunt sit asperiores tempore quis quam. Explicabo earum corporis repellat ipsum iste vel. Qui in nihil et rerum facere ex.',0,0,'1979-04-25 16:39:57','1997-10-15 19:13:19'),(969,69,69,'Incidunt repellat voluptates tempore vel deleniti et illum. Unde optio commodi atque eligendi laboriosam. Voluptate qui nostrum officia ratione eum et. Quas aspernatur doloremque quo modi dolores incidunt.',0,0,'2001-03-23 04:46:26','2005-07-21 21:39:37'),(970,70,70,'Inventore in pariatur blanditiis inventore quod officia perferendis. At reprehenderit praesentium fugiat placeat. Non odio voluptas distinctio.',1,1,'1997-01-25 10:30:53','1993-04-29 23:53:34'),(971,71,71,'Laborum dignissimos sit quisquam quis. Nostrum iure vel deserunt qui. Asperiores laborum error dolorum molestias non et. Vero et eos tenetur voluptas et fuga culpa.',1,1,'1990-06-26 16:21:35','1977-09-12 23:33:46'),(972,72,72,'Sunt blanditiis iure accusantium. Molestiae aperiam voluptatibus qui quae autem. Est velit voluptas et a.',1,1,'1998-06-08 08:42:40','2006-11-15 01:26:56'),(973,73,73,'Et debitis ab praesentium fugit. Provident aut soluta atque maiores. Voluptas aperiam non alias magni. Expedita architecto ut fuga excepturi dolor.',1,1,'1994-02-10 10:28:28','1979-10-07 18:29:15'),(974,74,74,'Dolor ut nisi vel sunt aperiam itaque nemo. Animi est iusto autem maxime aliquam. Autem quis facere ad et a. Natus amet quod odit vitae.',1,0,'2004-03-29 08:01:46','1972-06-04 20:02:17'),(975,75,75,'Ullam eum quo ad inventore dolor quae. Occaecati et tempore dolor consequatur. Quo esse id aut minus asperiores placeat est.',0,1,'1970-05-03 10:49:30','1978-02-02 15:01:29'),(976,76,76,'Et debitis sunt rerum non. Et eos et necessitatibus reiciendis reprehenderit in. Numquam qui et recusandae porro vel.',1,1,'1988-06-01 03:08:50','1984-11-26 10:22:34'),(977,77,77,'Mollitia rerum iusto dicta quam architecto nemo quas. Maxime nesciunt eaque ex quia. In unde voluptate sint ut animi id ea.',1,0,'2004-06-22 17:54:51','1984-08-20 07:43:04'),(978,78,78,'Vitae magni itaque ut autem rerum. Maiores sunt aliquam quia ex natus. Quas in asperiores blanditiis libero voluptas voluptatem.',0,1,'1977-07-09 09:17:14','2004-04-14 03:43:23'),(979,79,79,'Mollitia est suscipit a hic dolor est voluptatum qui. Rerum temporibus dolorum blanditiis minus.',1,1,'2016-08-26 10:24:26','1970-07-18 12:28:49'),(980,80,80,'Minima deserunt ea exercitationem eum. Vitae tenetur quidem voluptatem praesentium cupiditate ab incidunt. Explicabo facere illo placeat molestiae excepturi. Ea fugit nihil et soluta.',0,0,'1970-01-31 13:28:11','2013-12-19 02:06:29'),(981,81,81,'Magnam itaque et ut distinctio doloremque. Quia aliquid ratione et et nemo et. Sint facilis qui quasi molestiae debitis ex. Odit saepe soluta magnam ut commodi.',1,0,'1978-07-06 16:53:51','2010-11-02 06:52:15'),(982,82,82,'Ut animi ea minima quo minima pariatur porro. Velit ex qui asperiores dicta magni dolor soluta. Qui architecto eos vero alias enim.',1,0,'1984-09-06 21:38:38','2001-07-02 02:17:03'),(983,83,83,'Possimus ut harum rem et occaecati. Maiores est rerum omnis dignissimos in. Perspiciatis qui dolore eius nihil ullam omnis. Qui sequi aut eum reprehenderit at eos est labore.',0,1,'1974-10-02 05:06:43','1978-10-12 12:25:32'),(984,84,84,'Aliquid iure rerum unde laborum aut libero eum. Est consectetur vel voluptas exercitationem ullam dolorem recusandae. Sed optio nesciunt commodi. Rerum autem veritatis et vel minus ut quaerat.',1,1,'2004-08-31 21:33:11','1988-04-20 19:39:37'),(985,85,85,'Rerum consequatur eaque sed facilis et. Laboriosam enim dolores non commodi omnis consequatur nesciunt. Sit laudantium voluptatum velit velit dicta.',1,0,'2016-01-09 02:20:02','1983-09-25 01:05:58'),(986,86,86,'Debitis nostrum odit pariatur quia est consequatur. Numquam distinctio illum ipsam voluptas voluptatem sint nisi exercitationem. Quasi sed molestias voluptas qui.',1,1,'1996-09-29 23:11:01','1988-05-04 05:37:27'),(987,87,87,'Et quis quia fuga et. Saepe sint placeat sint quibusdam quia mollitia et. Nisi praesentium sit unde earum. Modi odio id voluptatum dolor nostrum a.',0,0,'2010-11-03 16:29:19','1970-10-08 03:25:37'),(988,88,88,'Minus dignissimos et tenetur quis inventore delectus. Quod est quis suscipit nesciunt vel. Doloremque rerum tempora sequi id sunt dolorum sint.',0,0,'1996-08-08 21:48:24','1991-10-18 17:57:05'),(989,89,89,'Voluptas suscipit ab voluptas ad ut omnis tenetur. Voluptatem non doloremque quam beatae. Officiis magnam blanditiis sed quod. Ab et quibusdam qui voluptate impedit earum est itaque.',0,0,'1981-09-20 11:03:12','1987-08-09 10:43:32'),(990,90,90,'Molestiae et non ab nam. Non qui quaerat nulla tempore debitis rerum. At pariatur sed quam iure quam. Molestias eos nihil occaecati non repellendus.',1,1,'2009-10-25 18:04:24','1973-02-08 06:03:58'),(991,91,91,'Quo voluptatum harum quia recusandae pariatur exercitationem dicta. Soluta quo sit in fuga nostrum voluptas et et. Nulla maiores perferendis excepturi sequi.',1,1,'1982-09-10 14:28:38','2000-03-18 18:37:38'),(992,92,92,'Voluptas facilis et dolor exercitationem rerum. Aut aut laudantium occaecati quisquam. Aut sit accusantium velit eius vitae.',0,0,'1972-07-28 19:08:11','1994-01-15 05:59:06'),(993,93,93,'Necessitatibus est eos maiores praesentium quod et est. A pariatur illum error porro consectetur soluta. Voluptate et necessitatibus ut in itaque suscipit. Saepe eius impedit omnis id est voluptas.',0,1,'1982-04-13 22:28:49','2020-04-02 21:04:02'),(994,94,94,'Ad error reprehenderit voluptatem error ex. Totam quisquam aut eaque sint fuga. Assumenda neque architecto accusantium beatae.',0,0,'1977-11-27 03:06:47','2016-12-24 21:16:50'),(995,95,95,'Nesciunt sint sed magni autem adipisci. Id et quod ut et. Quo eum sed ad voluptatibus.',1,0,'1991-05-07 22:17:09','1986-08-20 10:58:25'),(996,96,96,'Tenetur et commodi consequatur aut molestias. Sunt et accusamus et in. Iure sunt est enim ea.',0,0,'1975-04-05 09:41:03','1975-04-22 21:16:44'),(997,97,97,'Magnam voluptatem eos fugit omnis officia commodi minus. Reiciendis laudantium amet et reprehenderit quibusdam. Quis rerum quo numquam quaerat rerum laudantium. Dolorem sit corporis enim assumenda sit. Impedit cumque doloribus pariatur natus quos et repudiandae.',1,1,'1994-08-21 08:11:34','2019-07-20 03:31:51'),(998,98,98,'Possimus quo eos dignissimos itaque rerum necessitatibus temporibus. Ex nemo tenetur omnis aliquid expedita non et non. Nobis eum nemo sit assumenda vero porro ratione. Quasi hic laudantium sed odio aspernatur quia deleniti.',0,1,'2003-04-22 05:44:41','2013-08-25 10:33:26'),(999,99,99,'Nostrum quia explicabo et aut unde dolores totam. Rem fugit voluptate harum pariatur numquam vel perferendis. Delectus est occaecati blanditiis aspernatur.',1,1,'2019-06-21 11:04:37','2015-02-23 05:26:13'),(1000,100,100,'Odio vitae nisi quisquam et odio ex sapiente. In molestiae dolor doloribus voluptas ut. Adipisci suscipit error et est. Est pariatur aut eos non molestiae.',0,0,'2012-05-23 21:57:37','1980-11-05 03:01:09');
/*!40000 ALTER TABLE `messages` ENABLE KEYS */;
UNLOCK TABLES;

--
-- Table structure for table `profiles`
--

DROP TABLE IF EXISTS `profiles`;
/*!40101 SET @saved_cs_client     = @@character_set_client */;
/*!50503 SET character_set_client = utf8mb4 */;
CREATE TABLE `profiles` (
  `user_id` int unsigned NOT NULL COMMENT '?????? ?? ????????????',
  `gender` char(1) CHARACTER SET utf8 COLLATE utf8_unicode_ci NOT NULL COMMENT '???',
  `birthday` date DEFAULT NULL COMMENT '???? ????????',
  `photo_id` int unsigned DEFAULT NULL COMMENT '?????? ?? ???????? ?????????? ????????????',
  `city` varchar(130) CHARACTER SET utf8 COLLATE utf8_unicode_ci DEFAULT NULL COMMENT '????? ??????????',
  `country` varchar(130) CHARACTER SET utf8 COLLATE utf8_unicode_ci DEFAULT NULL COMMENT '?????? ??????????',
  `created_at` datetime DEFAULT CURRENT_TIMESTAMP COMMENT '????? ???????? ??????',
  `updated_at` datetime DEFAULT CURRENT_TIMESTAMP ON UPDATE CURRENT_TIMESTAMP COMMENT '????? ?????????? ??????',
  PRIMARY KEY (`user_id`)
) ENGINE=InnoDB DEFAULT CHARSET=utf8 COLLATE=utf8_unicode_ci COMMENT='???????';
/*!40101 SET character_set_client = @saved_cs_client */;

--
-- Dumping data for table `profiles`
--

LOCK TABLES `profiles` WRITE;
/*!40000 ALTER TABLE `profiles` DISABLE KEYS */;
INSERT INTO `profiles` VALUES (1,'m','1998-03-19',1,'Labadiemouth','294','1987-11-08 02:22:14','1985-06-26 21:03:23'),(2,'m','2018-05-09',2,'Brigittestad','7481617','1991-01-23 13:16:50','2003-06-02 13:45:14'),(3,'','2006-03-09',3,'O\'Connerland','12729444','1997-01-05 06:58:44','2013-03-09 10:53:59'),(4,'','1996-02-04',4,'East Autumntown','3','1986-02-24 21:26:08','1984-12-27 08:52:22'),(5,'m','2000-03-25',5,'Lake Nikkiborough','186039538','2003-04-02 12:46:08','1997-10-03 04:08:01'),(6,'','1971-02-17',6,'Joyceport','63370414','1976-08-09 12:07:56','2008-09-29 23:09:20'),(7,'m','2017-03-26',7,'Marytown','24650','1996-06-21 01:07:18','1979-11-13 14:43:53'),(8,'','1972-02-17',8,'Port Wilburn','47386','1984-02-24 07:41:53','2008-05-24 02:43:07'),(9,'m','2005-09-12',9,'McKenziehaven','2678516','2001-05-24 15:05:46','2016-07-19 22:16:46'),(10,'m','1982-11-22',10,'East Xavierburgh','56003','2003-08-04 09:57:14','1987-01-14 07:14:24'),(11,'m','1993-10-27',11,'Trantowport','','1982-12-10 14:14:30','1970-10-26 20:22:10'),(12,'m','1988-03-29',12,'West Bertram','302','2001-03-12 17:51:07','1973-07-09 19:43:17'),(13,'m','1980-05-22',13,'Lake Kadin','6013','1991-03-21 03:12:35','2004-08-26 14:42:00'),(14,'','1990-07-25',14,'Cruickshankbury','524961','1978-01-11 21:55:12','2004-07-27 21:07:05'),(15,'m','1989-06-25',15,'New Wardville','784826884','1986-04-10 07:17:58','2010-02-04 15:21:14'),(16,'','2009-02-17',16,'South Linda','20','1995-10-21 06:12:16','2020-07-04 22:51:49'),(17,'m','1978-09-23',17,'South Zelda','1628','2011-07-05 22:04:44','1997-03-09 17:31:04'),(18,'','1970-07-13',18,'Robertaport','8','1979-12-17 20:12:23','2018-06-24 06:41:22'),(19,'m','1979-06-27',19,'North Evalyn','233054','2001-05-20 05:18:15','1982-01-20 00:08:43'),(20,'','1980-01-16',20,'West Estrellamouth','63192','1987-01-17 01:55:56','1985-06-20 19:50:02'),(21,'m','2002-01-02',21,'Lake Harryville','25913','2017-08-17 05:05:48','1971-05-03 06:24:47'),(22,'','1997-12-13',22,'O\'Konland','96656350','1973-07-25 11:16:23','2003-12-04 04:28:03'),(23,'','1971-01-06',23,'South Jarrod','3341','2001-10-24 17:19:24','2018-04-23 04:43:25'),(24,'','1985-04-05',24,'Bergstromborough','4045166','2002-11-20 17:04:03','1984-08-20 22:09:02'),(25,'m','2019-07-03',25,'Arvelside','90','1976-09-09 02:13:42','1984-07-23 18:24:13'),(26,'m','1972-11-23',26,'Lake Malliestad','','1970-11-09 17:48:24','2006-09-26 13:23:30'),(27,'m','2006-07-19',27,'East Coby','87','2001-02-21 17:43:13','2008-04-21 00:20:15'),(28,'m','1991-04-15',28,'VonRuedenfort','24304145','2005-12-19 05:58:01','2006-11-02 14:22:07'),(29,'','1976-11-05',29,'Jacobsland','','1984-11-19 01:33:14','1986-03-17 02:29:45'),(30,'m','2002-02-07',30,'Pagacton','203','2014-12-02 01:40:13','2010-10-07 07:03:25'),(31,'m','2008-04-01',31,'New Elliottland','345576955','1975-08-11 03:59:13','1987-12-07 22:50:22'),(32,'m','1987-11-28',32,'West Floyd','83','2000-10-27 22:12:11','2012-02-27 12:34:10'),(33,'m','2013-07-22',33,'Lake Ricardohaven','','1971-11-24 15:31:42','1970-07-28 17:26:50'),(34,'','2006-11-20',34,'Port Aliaside','929','2007-01-12 16:20:14','2006-11-16 11:33:56'),(35,'','1982-01-09',35,'West Velva','196778006','1974-11-20 10:48:56','1993-03-11 23:15:59'),(36,'m','1980-04-21',36,'Port Justus','57668882','1994-04-27 23:50:17','1995-02-09 13:47:54'),(37,'m','1975-04-23',37,'West Agustin','770810192','1990-11-29 04:47:44','2015-01-17 11:22:43'),(38,'m','2018-02-27',38,'VonRuedenberg','5','1999-01-15 09:29:36','2003-06-27 14:30:59'),(39,'','1970-12-14',39,'Port Yoshiko','491217989','1992-11-01 23:14:42','2005-03-27 13:38:42'),(40,'','1995-09-22',40,'Lake Alexandrine','','1980-12-11 21:41:35','1976-12-04 14:44:41'),(41,'','1979-11-17',41,'North Tad','3108235','1989-09-22 06:09:31','2012-11-26 23:42:18'),(42,'','1975-07-04',42,'New Gerardo','88594','2014-02-23 23:27:57','1973-05-08 04:25:33'),(43,'','1982-10-01',43,'West Clementinatown','','1973-12-18 07:10:48','2004-06-25 12:01:15'),(44,'','1999-07-28',44,'New Nathanshire','79606','1993-04-28 14:43:16','1972-09-05 21:05:03'),(45,'','1994-08-21',45,'New Asa','31248673','2002-01-05 16:59:10','1976-01-01 12:31:04'),(46,'m','1974-04-10',46,'Brainmouth','24233','2017-05-22 23:43:46','1991-03-14 19:37:04'),(47,'m','1973-02-13',47,'Sawaynport','78','1988-09-17 07:59:49','1999-09-16 20:24:09'),(48,'m','1981-06-12',48,'Pollyview','14254838','1976-02-20 15:06:49','2011-01-21 01:21:32'),(49,'m','1973-09-12',49,'Kundeberg','560816','2004-07-26 19:07:55','2008-11-14 00:06:06'),(50,'m','1999-09-20',50,'New Novellafurt','13','1978-07-13 08:39:47','2011-06-09 23:36:55'),(51,'','1971-05-20',51,'New Brannonmouth','964','1978-12-16 01:23:09','2009-04-17 14:18:35'),(52,'m','1978-02-21',52,'Lorenburgh','5','1975-02-20 12:42:28','1979-07-08 02:20:34'),(53,'','1980-06-05',53,'Port Hailie','574','2003-02-27 05:59:04','1985-07-18 14:28:04'),(54,'m','2011-12-26',54,'New Joannybury','971154016','1983-06-30 02:21:27','1984-12-13 12:39:35'),(55,'','1973-04-30',55,'North Sidport','','2015-04-05 15:00:13','1982-08-29 14:02:52'),(56,'m','1981-01-28',56,'North Dimitri','95','1973-10-05 01:34:42','2007-08-18 10:16:14'),(57,'m','1980-05-19',57,'Wunschton','14','1977-03-09 14:04:34','2013-05-30 11:42:51'),(58,'m','1985-06-23',58,'Port Rylanview','5606','1983-11-17 15:07:25','1994-01-22 17:47:07'),(59,'m','1984-11-16',59,'Elfriedatown','773','1978-10-03 23:48:56','1999-04-29 11:31:17'),(60,'','2011-12-01',60,'South Amara','6439','1994-02-13 16:54:24','2015-09-15 08:12:39'),(61,'','1982-10-07',61,'Mitchellmouth','81488','2016-08-30 23:36:40','1999-07-07 08:01:34'),(62,'','1970-09-05',62,'Brionnahaven','87312562','1976-04-18 06:00:28','1998-01-19 18:02:51'),(63,'m','2017-02-05',63,'East Javierfurt','538','1990-09-23 02:45:37','2017-02-02 10:54:51'),(64,'','1975-11-20',64,'East Benton','8450246','1996-05-29 11:27:29','2012-10-10 20:06:33'),(65,'','2019-01-14',65,'Lake Haydenville','1','1970-03-02 19:15:40','1995-03-13 18:28:04'),(66,'','1997-03-02',66,'Port Ameliabury','242878325','2012-04-23 08:24:31','2007-05-24 02:02:28'),(67,'','1998-09-02',67,'Schuppetown','799093022','2016-10-31 01:32:11','1985-10-06 02:13:05'),(68,'','2019-11-18',68,'Tremblayville','62461','2005-03-22 04:22:17','1971-09-11 22:07:26'),(69,'m','1972-08-08',69,'Port Claudebury','7612','1985-10-02 10:09:35','1973-06-11 13:48:01'),(70,'m','2003-11-27',70,'South Dolores','2','2018-12-07 06:52:19','2001-06-07 16:47:57'),(71,'m','1978-11-15',71,'North Mya','3','2020-01-20 01:06:16','1971-04-29 13:15:50'),(72,'m','1974-06-02',72,'Danielaville','535','2004-09-11 19:17:32','2010-02-10 09:43:16'),(73,'','2006-10-13',73,'Crooksmouth','4338','1985-09-12 12:15:31','2006-08-28 19:30:33'),(74,'m','1986-07-18',74,'Rohanfurt','8258','2019-05-22 10:36:44','1977-09-15 05:56:30'),(75,'','1991-07-11',75,'Marcusville','49486569','1994-06-21 14:39:13','1987-07-16 09:52:05'),(76,'m','1992-07-07',76,'Aliceborough','83955142','1997-02-15 07:12:09','2011-12-18 08:37:25'),(77,'','2013-02-06',77,'South Emma','5046','2019-02-21 19:35:48','1997-11-19 03:25:43'),(78,'','1978-05-22',78,'North Brionna','40767','1987-11-12 05:40:43','1982-06-15 17:30:43'),(79,'','2015-08-04',79,'Shanahanburgh','50169628','1984-02-05 16:10:46','2006-01-20 18:59:32'),(80,'','1973-04-19',80,'Lake Luciousfort','298367','1987-02-04 13:47:58','2005-11-18 18:36:53'),(81,'m','1981-08-26',81,'Katherinechester','35584758','1993-05-05 16:16:17','1990-03-06 18:15:39'),(82,'m','1991-05-28',82,'Nellieton','43746','2013-03-25 01:02:18','2011-12-13 10:55:01'),(83,'','1983-06-21',83,'New Rebeccastad','960091643','2020-06-11 10:32:13','2014-11-17 01:49:15'),(84,'','2000-11-14',84,'West Prudenceland','5279244','1989-01-11 13:13:08','1989-11-01 09:16:27'),(85,'m','1977-03-06',85,'Florencemouth','63764249','2016-10-24 19:18:05','1988-09-16 13:34:47'),(86,'','2000-01-11',86,'West Mathew','925733','2011-01-16 13:52:22','1989-01-09 22:01:48'),(87,'m','2002-12-11',87,'New Brooklynmouth','98','1987-08-30 00:54:43','1973-05-03 08:37:31'),(88,'','1974-03-21',88,'Opheliashire','5512','1979-04-27 02:45:36','1989-02-02 10:35:59'),(89,'m','1994-04-12',89,'West Orlomouth','547811647','1984-11-17 16:32:49','1989-04-08 08:02:46'),(90,'m','1996-05-30',90,'Rempelmouth','','2010-09-12 07:43:28','2016-01-08 05:33:29'),(91,'m','1999-07-29',91,'Dejonland','96531','1996-05-22 21:48:16','1989-12-26 15:06:37'),(92,'','2008-12-24',92,'Concepcionville','869316','1995-10-10 14:30:19','1971-10-10 06:32:41'),(93,'m','1974-02-27',93,'South Junior','298','1997-03-30 02:41:28','2005-10-05 11:37:24'),(94,'','1975-06-17',94,'Streichborough','763999990','2002-10-22 09:22:30','2010-08-13 07:09:08'),(95,'m','2002-06-12',95,'Krajcikberg','26973','2009-04-06 16:07:32','2003-12-06 15:35:19'),(96,'','1979-11-21',96,'Jordanstad','73287788','1980-03-22 11:38:37','2013-04-03 20:36:59'),(97,'','2006-11-10',97,'Guadalupetown','434','2012-09-20 14:06:54','1992-06-15 16:26:28'),(98,'m','1995-06-02',98,'Emmerichhaven','69576645','1986-11-17 15:41:07','1975-03-21 06:29:17'),(99,'','2015-05-26',99,'Lake Justine','192640254','1983-05-24 04:30:14','1987-06-07 04:19:58'),(100,'m','2011-03-21',100,'Port Evefort','93348684','2006-07-19 05:07:49','1970-11-08 19:03:33');
/*!40000 ALTER TABLE `profiles` ENABLE KEYS */;
UNLOCK TABLES;

--
-- Table structure for table `users`
--

DROP TABLE IF EXISTS `users`;
/*!40101 SET @saved_cs_client     = @@character_set_client */;
/*!50503 SET character_set_client = utf8mb4 */;
CREATE TABLE `users` (
  `id` int unsigned NOT NULL AUTO_INCREMENT COMMENT '????????????? ??????',
  `first_name` varchar(100) CHARACTER SET utf8 COLLATE utf8_unicode_ci NOT NULL COMMENT '??? ????????????',
  `last_name` varchar(100) CHARACTER SET utf8 COLLATE utf8_unicode_ci NOT NULL COMMENT '??????? ????????????',
  `email` varchar(100) CHARACTER SET utf8 COLLATE utf8_unicode_ci NOT NULL COMMENT '?????',
  `phone` varchar(100) CHARACTER SET utf8 COLLATE utf8_unicode_ci NOT NULL COMMENT '???????',
  `created_at` datetime DEFAULT CURRENT_TIMESTAMP COMMENT '????? ???????? ??????',
  `updated_at` datetime DEFAULT CURRENT_TIMESTAMP ON UPDATE CURRENT_TIMESTAMP COMMENT '????? ?????????? ??????',
  PRIMARY KEY (`id`),
  UNIQUE KEY `email` (`email`),
  UNIQUE KEY `phone` (`phone`)
) ENGINE=InnoDB AUTO_INCREMENT=101 DEFAULT CHARSET=utf8 COLLATE=utf8_unicode_ci COMMENT='????????????';
/*!40101 SET character_set_client = @saved_cs_client */;

--
-- Dumping data for table `users`
--

LOCK TABLES `users` WRITE;
/*!40000 ALTER TABLE `users` DISABLE KEYS */;
INSERT INTO `users` VALUES (1,'Rosalia','Bogan','ottis27@example.com','1-200-371-6133x882','1982-07-05 08:32:44','2007-12-08 12:59:51'),(2,'Conner','Daniel','fbotsford@example.com','805.622.0700','2008-11-26 04:07:08','1974-11-07 21:33:41'),(3,'Joelle','Batz','sister49@example.org','971-479-1583x797','1974-07-30 19:01:06','2003-03-03 16:41:20'),(4,'Maryse','Predovic','boehm.bridget@example.org','358-281-6722x40828','1974-11-02 13:55:10','1972-01-30 07:37:18'),(5,'Monserrate','Towne','wfahey@example.com','(350)750-4633x85937','2006-02-17 12:10:23','1978-03-14 15:06:41'),(6,'Sienna','Bailey','cristian17@example.com','511-663-1170x41956','1988-06-07 13:13:55','1999-08-12 22:54:53'),(7,'Cicero','McLaughlin','kris.vern@example.net','920-690-5758x9302','2006-04-30 10:32:09','1980-10-20 04:18:16'),(8,'Jake','Klocko','slemke@example.com','+25(1)1941901696','1971-09-16 20:08:10','2007-03-16 20:45:32'),(9,'Judd','Graham','maximus.dach@example.org','1-361-963-5448x4588','1978-07-10 15:55:21','2002-05-13 21:42:40'),(10,'Ebony','Upton','george.jaskolski@example.org','216-418-4802','1994-05-24 13:38:21','2012-10-02 08:40:04'),(11,'Nathanial','Reynolds','ylegros@example.org','1-350-963-9745','2006-10-18 04:06:20','1977-09-30 10:12:00'),(12,'Katarina','Boyer','candida00@example.org','(920)648-6068','1984-04-07 00:33:14','1996-06-21 05:41:21'),(13,'Abdul','Rippin','clotilde.batz@example.org','799.583.9940x7099','1996-04-17 13:17:00','2001-03-07 09:46:25'),(14,'Trevion','Jacobi','susanna.marvin@example.net','1-703-644-9608x570','1986-09-09 08:38:09','1986-06-24 05:28:16'),(15,'Dorothea','Langworth','laverna53@example.com','+95(9)5367323225','2010-05-06 03:03:56','1993-01-31 11:17:41'),(16,'Millie','Nikolaus','iconn@example.net','1-521-063-1488','2009-04-14 03:48:11','2000-04-05 22:52:20'),(17,'Gonzalo','Rau','wmoen@example.com','08761046938','2009-03-14 21:20:29','1998-06-17 01:16:31'),(18,'Colleen','Okuneva','collin06@example.com','(170)195-9887x6115','2018-10-18 12:02:38','1999-04-06 01:54:47'),(19,'Trudie','Ward','mack64@example.net','023-946-7380','2006-06-29 03:29:42','1982-07-06 06:12:52'),(20,'Kathryn','Crona','jack29@example.net','102-270-1561x7430','1992-10-16 20:41:32','2007-09-30 01:31:38'),(21,'Zelma','Mayert','deonte68@example.org','634.123.5980','2002-01-22 13:11:34','1996-11-05 22:16:53'),(22,'Kadin','Berge','ilittle@example.org','(389)494-3293x242','2010-02-20 21:58:11','1972-04-02 09:17:43'),(23,'Rita','Lindgren','tressa94@example.net','(708)729-8553x01548','2002-10-21 08:16:40','1983-02-02 08:46:32'),(24,'Justyn','Larkin','oprosacco@example.com','(015)671-4722','2010-05-25 14:55:22','2008-05-10 19:34:35'),(25,'Trent','Dibbert','mhansen@example.com','055-333-8603x5067','1980-12-13 13:01:29','1971-05-21 19:27:49'),(26,'Santiago','Brown','keeling.kristina@example.net','493-286-1008x333','2011-06-01 08:55:00','2016-06-18 11:01:58'),(27,'Sherman','Cole','hyatt.misael@example.com','1-263-006-3255x125','2014-07-19 11:57:21','1994-05-26 00:59:33'),(28,'Howell','Lind','jbeatty@example.net','00883262202','1972-01-01 21:15:47','1990-01-22 10:27:31'),(29,'Anissa','Lind','znienow@example.com','1-722-545-2174x3120','1995-07-27 16:49:15','1997-12-09 08:36:44'),(30,'Alek','Hand','brekke.lemuel@example.org','954.288.4219','1988-08-22 05:16:44','1973-08-17 01:37:02'),(31,'Fred','Luettgen','zharber@example.com','(644)533-4782x537','1973-03-29 23:41:50','1978-07-24 07:08:00'),(32,'Jovany','Rogahn','vlangosh@example.com','238-248-4177','1993-02-19 23:52:37','2005-01-29 22:15:53'),(33,'Felicia','Kris','toby.swaniawski@example.org','359.543.4532x5416','1988-06-02 01:55:56','2019-12-21 03:06:21'),(34,'Annalise','Cummings','lonzo86@example.net','064.959.6857','1987-06-21 14:23:20','1971-04-27 17:59:04'),(35,'Jany','Mitchell','mckayla.braun@example.org','021.183.2821','1987-07-03 02:08:48','2007-12-09 05:42:44'),(36,'Winnifred','Yost','kkeebler@example.net','1-660-919-7276x520','1989-06-25 23:26:28','2013-07-24 05:24:39'),(37,'Rhea','Volkman','emard.linnie@example.net','(204)141-4566x345','1987-10-14 18:52:53','2014-04-02 03:27:57'),(38,'Julianne','Ward','yesenia21@example.org','(149)913-2189','1985-04-15 07:30:00','2018-06-17 20:20:55'),(39,'Alison','Bartoletti','twolff@example.org','(358)313-4532x2757','1980-07-28 09:24:29','1973-05-21 23:44:56'),(40,'Carlos','Hickle','pouros.frankie@example.com','1-531-864-2534x254','1988-07-19 08:22:26','1978-04-24 15:25:58'),(41,'Millie','Homenick','vbartoletti@example.org','870-696-5441','2010-07-16 19:45:05','2003-12-26 08:48:55'),(42,'Larue','Becker','kattie.cremin@example.org','1-825-299-8277x129','2003-10-21 01:32:26','1975-08-21 08:48:31'),(43,'Zachariah','Herzog','kaleigh.fisher@example.com','(974)234-6075x84681','1987-10-22 06:04:34','1977-10-29 13:15:59'),(44,'Hanna','Schroeder','mills.louvenia@example.net','09098918688','1976-09-28 09:17:46','1984-07-10 13:03:49'),(45,'Virgil','Rogahn','izabella.schneider@example.org','+04(4)5858321102','1981-01-07 09:08:59','2006-05-18 09:30:37'),(46,'Josie','Crooks','rey.hodkiewicz@example.org','1-481-296-3918x71769','2020-03-21 20:02:08','2002-11-24 22:29:28'),(47,'Jovany','Kemmer','cesar59@example.com','(113)064-9853x13944','1983-05-19 06:41:05','1974-06-01 09:31:13'),(48,'Eleanora','Hagenes','torphy.sammy@example.org','(332)608-1341','1974-08-06 20:50:14','2017-01-27 21:24:12'),(49,'Everette','Upton','uleuschke@example.net','(042)042-4910x26008','1995-03-02 02:01:49','1980-02-27 20:35:09'),(50,'Tamia','Connelly','keshawn74@example.com','01872330424','1994-07-01 13:15:12','1997-06-23 09:41:17'),(51,'Cordell','Williamson','marcos61@example.org','901-091-6724','1995-12-31 23:09:00','1981-05-12 10:27:46'),(52,'Morris','Bailey','lcorkery@example.org','(143)911-3332x552','2005-06-05 11:38:08','1986-05-25 11:31:43'),(53,'Rowena','Abbott','hdicki@example.com','1-748-557-6784x714','2004-08-29 16:19:22','2018-03-14 05:25:37'),(54,'Hunter','Stroman','botsford.madisen@example.net','844.405.5102x683','1982-08-30 08:13:35','1990-07-03 09:07:09'),(55,'Franco','Walsh','umoen@example.net','123.268.7982x92881','2013-08-05 20:53:47','1970-08-24 16:24:13'),(56,'Lonie','Kassulke','lakin.chet@example.com','340-599-3301x634','2018-12-14 18:48:49','1998-08-25 16:05:33'),(57,'Myrl','Cronin','rebekah.stroman@example.com','135-216-2963x4475','2010-05-24 16:07:02','2015-06-07 08:44:28'),(58,'Eleazar','Morar','bmurphy@example.org','956-265-8409x24750','2010-07-04 00:59:43','2007-09-27 04:23:09'),(59,'Fae','Parker','schaefer.felix@example.com','(907)468-5223x292','2004-08-05 13:14:32','1984-04-30 11:49:15'),(60,'Dimitri','Wunsch','rhett49@example.net','(879)029-5044','2017-04-12 02:06:36','1996-08-03 23:37:53'),(61,'Vicky','Skiles','erdman.hoyt@example.com','(294)668-9788x273','1991-01-16 17:28:50','1996-02-12 19:41:59'),(62,'Ed','Sipes','duncan74@example.com','851-345-8111x5096','1998-02-12 12:55:19','1978-07-09 18:14:50'),(63,'Junior','Walker','devin.murphy@example.org','1-818-468-2426x551','1986-09-21 21:00:01','2007-02-27 15:22:20'),(64,'Hank','Gottlieb','imante@example.net','01302706581','1970-09-27 23:23:43','1984-11-26 04:58:46'),(65,'Emily','Stracke','caleigh.treutel@example.com','+58(3)0361597473','1998-06-12 01:44:01','1988-07-16 05:15:01'),(66,'Lura','Weimann','eloise.mann@example.com','+59(8)5747740935','2008-11-10 16:19:13','1986-04-23 14:25:20'),(67,'Simeon','Schiller','marguerite78@example.net','628.202.7602x02343','1985-12-15 15:48:51','2015-07-09 06:13:35'),(68,'Kirsten','Quigley','naomi55@example.org','939.550.3859x5937','1997-02-14 05:04:34','2013-02-20 11:24:07'),(69,'Jorge','Watsica','patrick.balistreri@example.net','+80(6)9606536765','1987-04-23 06:37:14','2013-05-04 11:46:09'),(70,'Zena','Miller','freddie30@example.net','481.141.5033x878','1988-12-15 05:10:20','2004-04-06 18:30:56'),(71,'Velva','Fritsch','ggreenfelder@example.net','+27(5)8970205523','1973-10-02 02:40:36','2008-02-21 11:32:23'),(72,'Estel','Simonis','jaleel66@example.net','146.324.1220x703','1978-07-24 00:27:06','1986-09-26 20:25:01'),(73,'Lora','Marquardt','veum.stevie@example.net','1-031-526-7588x7385','1975-12-21 20:37:58','2014-11-27 09:09:39'),(74,'Rodrigo','Schuster','egrady@example.net','(842)893-6094','2014-07-13 22:02:03','2008-12-15 04:27:52'),(75,'Anderson','Lueilwitz','dawn40@example.net','382-159-7947','1993-11-03 01:41:56','2018-05-23 15:39:08'),(76,'Kavon','Ruecker','bret.muller@example.net','735.892.0286x7687','2013-01-04 22:51:56','2013-02-01 17:07:52'),(77,'Shania','Rutherford','jayme.lind@example.net','(491)046-1738x396','2004-01-14 09:37:27','2017-12-20 05:01:35'),(78,'Jeramy','Schmeler','yazmin44@example.net','1-739-681-3863x36724','1990-07-06 23:21:01','2002-03-18 22:16:06'),(79,'Camille','Zemlak','emily.davis@example.org','1-037-161-0471','2007-01-20 19:40:11','1976-11-28 19:29:42'),(80,'Roma','Lueilwitz','gilberto.block@example.com','07665766622','1985-12-03 03:51:06','1989-11-30 18:14:20'),(81,'Raphaelle','Hyatt','gonzalo50@example.net','546.422.4005x1871','1987-12-22 11:02:03','1976-06-20 23:53:14'),(82,'Trycia','Welch','graham.guy@example.net','1-097-782-7889','2011-10-26 18:49:17','2000-03-10 21:25:17'),(83,'Merl','Sanford','newell.hyatt@example.com','557-995-5558x24127','1985-01-24 19:01:21','2001-11-26 16:25:42'),(84,'Watson','Bosco','adele.orn@example.org','(304)125-0607x0232','1976-12-31 08:10:39','2010-12-08 04:07:55'),(85,'Amira','Abbott','lynch.remington@example.com','1-337-962-0351','1987-06-02 09:33:29','1998-07-19 14:32:33'),(86,'Dorothea','Shanahan','erwin.nolan@example.org','02974327739','1995-10-23 12:43:24','1988-10-18 17:29:59'),(87,'Verner','Abbott','irogahn@example.net','(997)418-8033x26383','1987-12-29 13:30:49','2000-06-23 02:05:18'),(88,'Tamara','Ward','cruickshank.elena@example.org','(120)894-6641','2000-08-13 15:10:46','2004-05-05 08:24:11'),(89,'Oswaldo','Morissette','kenna.ebert@example.org','131-930-2821x61086','2020-07-12 05:13:11','2015-09-25 03:28:00'),(90,'Marcelle','Lesch','vicky.gibson@example.com','(084)954-0819x022','1992-12-06 17:29:53','2017-12-30 01:58:23'),(91,'Ariane','Simonis','geovany31@example.org','(387)246-2468x948','2018-04-04 21:56:46','2015-10-24 09:02:59'),(92,'Kirk','Romaguera','vella19@example.org','01731828707','2001-09-27 21:29:50','2004-07-01 06:09:22'),(93,'Godfrey','Green','pmccullough@example.com','+42(8)8508091361','1987-12-10 16:37:10','1983-12-20 04:19:19'),(94,'Sammy','Willms','elwin18@example.org','906-641-5872x85501','2002-05-11 04:49:24','2003-03-04 19:52:41'),(95,'Rico','Bartoletti','stehr.derek@example.com','573-990-4998','2011-02-18 22:53:02','1976-11-13 00:32:17'),(96,'Keshaun','Anderson','jovan.goodwin@example.org','1-335-338-6262x56928','2015-09-04 07:17:37','1995-07-21 09:55:49'),(97,'Ryley','Yundt','colleen.lockman@example.net','+87(5)9839177254','1980-03-24 18:17:24','1988-01-26 16:56:07'),(98,'Herbert','Mosciski','golden33@example.net','476-783-9657x405','2006-06-28 17:56:13','1981-07-06 06:11:19'),(99,'Josianne','Veum','botsford.ericka@example.com','(937)388-9840x27657','1989-01-06 16:32:32','2016-08-15 17:05:33'),(100,'Juvenal','Sporer','nkshlerin@example.org','1-629-813-6838','1987-01-06 19:52:12','2013-10-05 07:49:33');
/*!40000 ALTER TABLE `users` ENABLE KEYS */;
UNLOCK TABLES;
/*!40103 SET TIME_ZONE=@OLD_TIME_ZONE */;

/*!40101 SET SQL_MODE=@OLD_SQL_MODE */;
/*!40014 SET FOREIGN_KEY_CHECKS=@OLD_FOREIGN_KEY_CHECKS */;
/*!40014 SET UNIQUE_CHECKS=@OLD_UNIQUE_CHECKS */;
/*!40101 SET CHARACTER_SET_CLIENT=@OLD_CHARACTER_SET_CLIENT */;
/*!40101 SET CHARACTER_SET_RESULTS=@OLD_CHARACTER_SET_RESULTS */;
/*!40101 SET COLLATION_CONNECTION=@OLD_COLLATION_CONNECTION */;
/*!40111 SET SQL_NOTES=@OLD_SQL_NOTES */;

-- Dump completed on 2020-07-22 19:43:10
